Date,P,D,E,CPI,Fraction,Rate GS10,Price,Dividend,Price.1,Earnings,Earnings.1,CAPE,Unnamed: 13,TR CAPE,Unnamed: 15,Yield,Returns,Returns.1,Real Return,Real Return.1,Returns.2
1871.01,4.44,0.26,0.4,12.46406116,1871.0416666666667,5.32,118.64892437674784,6.947909986025774,118.64892437674784,10.6890922861935,10.6890922861935,,,,,,1.0041769357097787,1.0,0.13060944596425705,0.09250367635209922,0.038105769612157836
1871.02,4.5,0.26,0.4,12.84464132,1871.125,5.323333333333333,116.68927435647537,6.742046962818577,117.25111160337691,10.372379942797812,10.422321031411283,,,,,,1.0041797523411402,0.974423686137471,0.1308584817139513,0.09463463434450947,0.03622384736944184
1871.03,4.61,0.26,0.4,13.0349719,1871.2083333333333,5.326666666666667,117.7961870021369,6.643602737647634,118.91965303298787,10.220927288688669,10.318408072276606,,,,,,1.0041825689642252,0.9642089857885741,0.1309508729293516,0.0961859956344644,0.0347648772948872
1871.04,4.74,0.26,0.4,12.55922645,1871.2916666666665,5.33,125.70595659575831,6.8952634419614265,127.48494655107763,10.60809760301758,10.758223337643683,,,,,,1.0041853855790357,1.004919008380089,0.12205603761969908,0.09097190623902263,0.03108413138067645
1871.05,4.86,0.26,0.4,12.27381157,1871.3749999999998,5.333333333333334,131.8855528918634,7.055605710264297,134.3482845075187,10.854778015791227,11.057471975927468,,,,,,1.0041882021855737,1.0325911467539233,0.12263809890224753,0.08948843719041011,0.03314966171183742
1871.06,4.82,0.26,0.4,12.08348099,1871.458333333333,5.336666666666667,132.86034680971514,7.166740699279239,135.94966157917145,11.025754921968062,11.282129591632485,,,,,,1.0041910187838414,1.0532486237736511,0.12309279994112066,0.08772491101954372,0.03536788892157694
1871.07,4.73,0.26,0.4,12.08348099,1871.5416666666663,5.34,130.37955195227232,7.166740699279239,134.0222977739342,11.025754921968062,11.333809536907758,,,,,,1.0041938353738404,1.0576628085399415,0.12002181566560766,0.08658085614998545,0.033440959515622204
1871.08,4.79,0.26,0.4,11.8932314,1871.6249999999995,5.343333333333334,134.1454823203053,7.281383173962292,138.51718168070806,11.20212795994199,11.567196800059131,,,,,,1.004196651955573,1.0790882870419878,0.11193301028006664,0.08266861094518951,0.029264399334877123
1871.09,4.84,0.26,0.4,12.17864628,1871.7083333333328,5.346666666666668,132.36914127700567,7.1107389942193135,137.29482374694447,10.939598452645098,11.34667964850781,,,,,,1.0041994685290414,1.0582215453478223,0.11002820544053638,0.08104790478423318,0.028980300656303193
1871.1,4.59,0.26,0.4,12.36889587,1871.791666666666,5.3500000000000005,123.60104964647907,7.001366646641515,128.8056146997458,10.771333302525411,11.22489016991249,,,,,,1.0042022850942474,1.046320345645266,0.11476525767910162,0.08165265212472672,0.033112605554374896
1871.11,4.64,0.26,0.4,12.36889587,1871.8749999999993,5.3533333333333335,124.94746630929474,7.001366646641515,130.81674085518847,10.771333302525411,11.27730524613694,,,,,,1.004205101651193,1.050717282037579,0.11526991934606401,0.08259325022901964,0.032676669117044366
1871.12,4.74,0.26,0.4,12.65439174,1871.9583333333326,5.3566666666666665,124.76060544337155,6.843408737400127,131.2181749481611,10.528321134461734,11.07326370870558,,,,,,1.0042079181998806,1.031330727999685,0.11213517395572437,0.08499917774721588,0.027135996208508484
1872.01,4.86,0.2633,0.4025,12.65439174,1872.0416666666658,5.36,127.91910178371008,6.930267386759436,135.1475687137941,10.594123141552119,11.19277703853953,,,,,,1.0030599998857486,1.0356704833401311,0.10768446401001142,0.0849309891814114,0.022753474828600018
1872.02,4.88,0.2667,0.405,12.65439174,1872.124999999999,5.378333333333333,128.44551784043315,7.019758116402361,136.3217674975266,10.659925148642506,11.313589310757841,,,,,,1.0030764483003818,1.038839634900825,0.10375207603565961,0.0839098290029967,0.019842247032662907
1872.03,5.04,0.27,0.4075,12.84464132,1872.2083333333323,5.3966666666666665,130.69198727925243,7.001356461388523,139.32521309575807,10.56686206672527,11.264885781055833,,,,,,1.0030928953450977,1.0266013661348654,0.10166592292535204,0.08551458849815541,0.01615133442719663
1872.04,5.18,0.2733,0.41,13.13013719,1872.2916666666656,5.415000000000001,131.40167540016387,6.932833568892816,140.69768176763515,10.40051870927938,11.136302997052203,,,,,,1.0031093410217495,1.0073855331848895,0.10007866793276299,0.08688549793064304,0.013193170002119947
1872.05,5.18,0.2767,0.4125,13.13013719,1872.3749999999989,5.433333333333334,131.40167540016387,7.019081772823426,141.32398563740838,10.463936506287181,11.254081867843816,,,,,,1.0031257853321864,1.0105178383479383,0.09776066372272174,0.08587668085729061,0.01188398286543113
1872.06,5.13,0.28,0.415,13.0349719,1872.4583333333321,5.451666666666666,131.08339247743217,7.154649102082068,141.62291091816724,10.604212062014492,11.456824177590525,,,,,,1.003142228278255,1.0210771159167262,0.09647170562254859,0.08408634200547294,0.012385363617075651
1872.07,5.1,0.2833,0.4175,12.84464132,1872.5416666666654,5.470000000000001,132.2478442706721,7.346238094486549,143.54239654557622,10.826171565295216,11.750774619172173,,,,,,1.0031586698618002,1.0394633320598912,0.10250040147031392,0.08345252066981468,0.01904788080049924
1872.08,5.04,0.2867,0.42,12.93980661,1872.6249999999986,5.488333333333333,129.73081828770853,7.379727302199612,141.47790444465096,10.81090152397571,11.78982537038758,,,,,,1.0031751100846626,1.0350778150153286,0.10684171794485087,0.08324921768267268,0.023592500262178184
1872.09,4.95,0.29,0.4225,13.0349719,1872.708333333332,5.506666666666667,126.48397519752228,7.410172284299284,138.6104907940349,10.795854448677407,11.830895426359543,,,,,,1.0031915489486818,1.0307834454158584,0.11370306084803916,0.08699311713523294,0.026709943712806217
1872.1,4.97,0.2933,0.425,12.74947603,1872.7916666666652,5.5249999999999995,129.83878973573786,7.662317309756924,142.98668906245356,11.102914615229091,12.227231962081037,,,,,,1.0032079864556935,1.0572289881054313,0.10870071962282002,0.08557233270220443,0.023128386920615585
1872.11,4.95,0.2967,0.4275,13.13013719,1872.8749999999984,5.543333333333333,125.56723807544618,7.526424148885836,138.97330068292914,10.844443288333988,12.002239604434788,,,,,,1.0032244226075313,1.029871681217814,0.10855245783606438,0.0897661676855337,0.018786290150530682
1872.12,5.07,0.3,0.43,12.93980661,1872.9583333333317,5.5616666666666665,130.5030255394211,7.722072517125508,145.14826197092287,11.06830394121323,12.31040486143922,,,,,,1.0032408574060259,1.0483895674210992,0.10586247483438749,0.08917802028564115,0.01668445454874634
1873.01,5.11,0.3025,0.4325,12.93980661,1873.041666666665,5.58,131.53263520837118,7.786423121434887,147.01510146783687,11.132654545522607,12.443058979420632,,,,,,1.0053472215787504,1.051787248515076,0.1043883357395603,0.08914698112495523,0.015241354614605074
1873.02,5.15,0.305,0.435,13.22522149,1873.1249999999982,5.570833333333334,129.7014052881469,7.681345361725205,145.68377935951239,10.955361417542505,12.305328936191824,,,,,,1.0053398720295676,1.0345912828835473,0.10236955495561761,0.09024771897101957,0.01212183598459804
1873.03,5.11,0.3075,0.4375,13.22522149,1873.2083333333314,5.561666666666666,128.69401573251082,7.744307208952461,145.27713774236813,11.01832326476976,12.438111108079461,,,,,,1.0053325226495526,1.0401158679370517,0.10559090483294353,0.09103688685262346,0.014554017980320078
1873.04,5.04,0.31,0.44,13.22522149,1873.2916666666647,5.552499999999999,126.93108401014764,7.807269056179716,144.02148081145722,11.081285111997017,12.573303880365314,,,,,,1.0053251734388198,1.0456623093609851,0.11040916305818338,0.09183813332210611,0.01857102973607727
1873.05,5.05,0.3125,0.4425,12.93980661,1873.374999999998,5.543333333333333,129.98822070494606,8.043825538672404,148.25081252693138,11.390056962760124,12.990293968943986,,,,,,1.0053178243974839,1.0744177639884591,0.10688473560051936,0.09026951899961788,0.016615216600901483
1873.06,4.98,0.315,0.445,12.55922645,1873.4583333333312,5.534166666666667,132.07081515756886,8.353876862376344,151.41996177943878,11.801508583357057,13.530498592741017,,,,,,1.005310475525659,1.1128623698390758,0.10928658872736308,0.08999554254332143,0.01929104618404165
1873.07,4.97,0.3175,0.4475,12.55922645,1873.5416666666645,5.525,131.80561271749343,8.420177472395203,151.92038752327144,11.867809193375916,13.678948373574238,,,,,,1.0053031268234605,1.1187721982175332,0.10995788113977456,0.09195892378348636,0.017998957356288203
1873.08,4.97,0.32,0.45,12.55922645,1873.6249999999977,5.515833333333333,131.80561271749343,8.486478082414063,152.73552038724605,11.934109803394778,13.829171866048435,,,,,,1.005295778291002,1.1247051890712423,0.10477284115871544,0.09171831374615547,0.013054527412559969
1873.09,4.59,0.3225,0.4525,12.55922645,1873.708333333331,5.506666666666667,121.72791999462672,8.552778692432923,141.88346190902746,12.000410413413636,13.987421898438981,,,,,,1.0052884299283993,1.130661378395303,0.11585285902884657,0.09259876333025585,0.023254095698590715
1873.1,4.19,0.325,0.455,12.27381157,1873.7916666666642,5.4975000000000005,113.7037997154131,8.81950713783037,133.3873712262352,12.34730999296252,14.484786135545827,,,,,,1.005281081735767,1.1630722161205505,0.12024919033565884,0.0898512573985164,0.030397932937142436
1873.11,4.04,0.3275,0.4575,11.8932314,1873.8749999999975,5.488333333333332,113.14149239541408,9.171742267202502,133.6243453119479,12.812433854183649,15.13196484658816,,,,,,1.0052737337132196,1.2066290414056366,0.12342998034291397,0.08731201737128536,0.036117962971628614
1873.12,4.42,0.33,0.46,12.17864628,1873.9583333333308,5.479166666666666,120.88256290172833,9.025168723432206,143.6550950945898,12.580538220541863,14.950530258712966,,,,,,1.0052663858608724,1.1845651757323503,0.11227108128967789,0.08852845532822085,0.023742625961457042
1874.01,4.66,0.33,0.46,12.36889587,1874.041666666664,5.47,125.48603297442101,8.886349974583462,150.00582674838017,12.387033297904221,14.807442125376584,,,,,,1.007109145660312,1.1724874567369146,0.10468779814198337,0.08998045264656684,0.014707345495416524
1874.02,4.8,0.33,0.46,12.36889587,1874.1249999999973,5.4366666666666665,129.2559996303049,8.886349974583462,155.39766708751188,12.387033297904221,14.892276429219889,,,,,,1.0070852297331554,1.180822840851746,0.10429674065200834,0.08961205036884956,0.014684690283158774
1874.03,4.73,0.33,0.46,12.36889587,1874.2083333333305,5.403333333333332,127.37101630236296,8.886349974583462,154.02175024350788,12.387033297904221,14.978859431715355,,,,,,1.0070613220358624,1.1891892419533379,0.10542636932176053,0.08924563509070738,0.01618073423105315
1874.04,4.6,0.33,0.46,12.17864628,1874.2916666666638,5.37,125.80538220541862,9.025168723432206,153.03799153158872,12.580538220541863,15.30379915315887,,,,,,1.007037422588707,1.2162946727781339,0.10390272399850331,0.08946159627440897,0.014441127724094338
1874.05,4.48,0.33,0.46,12.08348099,1874.374999999997,5.336666666666667,123.48845512604228,9.09624781062365,151.14163459820725,12.679618160263269,15.519007123923064,,,,,,1.0070135314120179,1.2345007781010944,0.09894632980300422,0.09056336273159538,0.008382967071408842
1874.06,4.46,0.33,0.46,11.79806612,1874.4583333333303,5.303333333333334,125.91122221986664,9.316301195640357,155.0571509184255,12.98635924240777,15.992441574546126,,,,,,1.0069896485261771,1.273233074582096,0.09222672713125957,0.08759934236332301,0.00462738476793656
1874.07,4.46,0.33,0.46,11.8932314,1874.5416666666636,5.27,124.90372675335317,9.24175556695214,154.76486016538044,12.882447153933287,15.96229499463565,,,,,,1.006965773951622,1.2718733715616586,0.09426240001379393,0.08929108193502922,0.004971318078764719
1874.08,4.47,0.33,0.46,11.79806612,1874.6249999999968,5.236666666666666,126.19353437731029,9.316301195640357,157.3249911493841,12.98635924240777,16.19004383192767,,,,,,1.0069419077088448,1.291063571619315,0.09975115768984244,0.08805959345912306,0.011691564230719376
1874.09,4.54,0.33,0.46,11.79806612,1874.70833333333,5.203333333333333,128.16971947941582,9.316301195640357,160.75657652680357,12.98635924240777,16.288111278046177,,,,,,1.0069180498183923,1.3000260157797479,0.0956785588115232,0.08889449576664332,0.006784063044879884
1874.1,4.53,0.33,0.46,11.60773554,1874.7916666666633,5.17,129.9843610582465,9.469059414839148,164.02229873280487,13.199294941896996,16.655685964037584,,,,,,1.0068942003008658,1.330483491289112,0.09169518026330503,0.08797415230288252,0.003721027960422507
1874.11,4.57,0.33,0.46,11.51265124,1874.8749999999966,5.136666666666667,132.2151610231528,9.547265456814097,167.84120409792388,13.308309424649954,16.894300631300872,,,,,,1.0068703591769228,1.350720483628871,0.09005090275792615,0.08917331041191146,0.0008775923460146995
1874.12,4.54,0.33,0.46,11.51265124,1874.9583333333298,5.1033333333333335,131.34722779980606,9.547265456814097,167.7493872466668,13.308309424649954,16.996633950102805,,,,,,1.0068465264672748,1.3600004184990284,0.09175396091007504,0.09006911079930058,0.0016848501107744607
1875.01,4.54,0.3275,0.4517,11.51265124,1875.041666666663,5.07,131.34722779980606,9.47493768820187,168.75779261236585,13.068181232857357,16.790285225331644,,,,,,1.0073431926888408,1.3693116973597868,0.0892083982740628,0.08972112928294762,-0.0005127310088848258
1875.02,4.53,0.325,0.4433,11.51265124,1875.1249999999964,5.03,131.05791672535716,9.402609919589642,169.39280266165986,12.825159930320273,16.576562785852943,,,,,,1.007315568235935,1.3793668170045832,0.09146378058280402,0.08811211747288672,0.003351663109917302
1875.03,4.59,0.3225,0.435,11.51265124,1875.2083333333296,4.99,132.7937831720506,9.330282150977414,172.64136772374187,12.585031738527675,16.361436810419985,,,,,,1.0072879584453418,1.3894576690767646,0.09275612529953525,0.0902541770867007,0.0025019482128345594
1875.04,4.65,0.32,0.4267,11.60773554,1875.2916666666629,4.95,133.42765539091528,9.182118220450084,174.4602306383979,12.243780764581407,16.0090710566461,,,,,,1.0072603633605304,1.3881193428160883,0.09069527484105921,0.08952962295902567,0.001165651882033547
1875.05,4.47,0.3175,0.4183,11.32232066,1875.3749999999961,4.91,131.49598101030992,9.340038919636108,172.95221059041825,12.30531741758672,16.184767268450102,,,,,,1.0072327830251093,1.433443583424613,0.09351657903820443,0.08899258683421118,0.004523992203993243
1875.06,4.38,0.315,0.41,11.13207107,1875.4583333333294,4.87,131.05045914874847,9.424861788094926,173.3992475679362,12.267280422599743,16.231436416176678,,,,,,1.0072052174828279,1.468486429803929,0.09591444406506877,0.08938360406139712,0.006530840003671656
1875.07,4.39,0.3125,0.4017,11.13207107,1875.5416666666626,4.83,131.3496611102753,9.35006129771322,174.82609639923626,12.018942794532482,15.997185176212579,,,,,,1.0071776667775758,1.4790671939012479,0.09826006026682466,0.08772544482871258,0.010534615438112072
1875.08,4.41,0.31,0.3933,11.22715537,1875.624999999996,4.79,130.83057899286914,9.196707366845676,175.15526565677686,11.667951636710981,15.620990018777853,,,,,,1.0071501309533841,1.4770671144241894,0.10457179338880329,0.08829836215479658,0.016273431234006708
1875.09,4.37,0.3075,0.385,11.13207107,1875.7083333333292,4.75,130.75125718722165,9.200460316949808,176.07553056401744,11.519275518782685,15.51237511834021,,,,,,1.0071226100544257,1.5003348770741327,0.10440819145589164,0.08832540736684091,0.016082784089050728
1875.1,4.3,0.305,0.3767,11.13207107,1875.7916666666624,4.710000000000001,128.6568434565339,9.125659826568102,174.27918409468586,11.270937890715423,15.267667127550736,,,,,,1.0070951041250158,1.5110211773545867,0.1122718302690342,0.08797672773658127,0.024295102532452928
1875.11,4.37,0.3025,0.3683,11.03690579,1875.8749999999957,4.67,131.87865468769212,9.128900009845964,179.67396956542015,11.114624375624029,15.142774139804173,,,,,,1.0070676132096117,1.5348631899060345,0.11499503759337615,0.08539607874346267,0.02959895884991348
1875.12,4.37,0.3,0.36,10.9417405,1875.958333333329,4.63,133.02566328455697,9.132196564157228,182.27349882584048,10.958635876988673,15.015665807163057,,,,,,1.0070401373528144,1.5591547604140388,0.11035320886148159,0.081565062593568,0.028788146267913595
1876.01,4.46,0.3,0.3533,10.84657521,1876.0416666666622,4.59,136.9564951368645,9.21232030068595,188.7114793502704,10.849042540774489,14.948826379921641,,,,,,1.0047535252938302,1.5839073864861757,0.10953518207915147,0.08282497021690594,0.026710211862245536
1876.02,4.52,0.3,0.3467,10.84657521,1876.1249999999955,4.578333333333333,138.79895919700166,9.21232030068595,192.30799857555576,10.646371494159398,14.750704227023272,,,,,,1.0047443025681573,1.5914365303109221,0.10996621180831778,0.08250154311141644,0.02746466869690134
1876.03,4.51,0.3,0.34,10.84657521,1876.2083333333287,4.566666666666666,138.49188185364548,9.21232030068595,192.94618883631537,10.440629674110747,14.545832417815351,,,,,,1.0047350802178763,1.5989867867287357,0.10901821433350989,0.08347715093962482,0.025541063393885066
1876.04,4.34,0.3,0.3333,10.75149091,1876.291666666662,4.555000000000001,134.45019738197408,9.293792445758575,188.39433986993558,10.325403407237777,14.468164396002193,,,,,,1.0047258582433127,1.6207662356618915,0.11192838192299126,0.08351723085888385,0.02841115106410741
1876.05,4.18,0.3,0.3267,10.37091074,1876.3749999999952,4.543333333333333,134.2455170913948,9.634845724262783,189.23258278290555,10.492346993722172,14.790020285927094,,,,,,1.0047166366447913,1.6881839075548075,0.11241410249312933,0.08197173467791474,0.030442367815214588
1876.06,4.15,0.3,0.32,10.08541488,1876.4583333333285,4.531666666666666,137.05495301349467,9.907586964830937,194.35657763314325,10.568092762486335,14.9865312873749,,,,,,1.0047074154226387,1.7441606243682406,0.11623666750572359,0.07999981760301189,0.0362368499027117
1876.07,4.1,0.3,0.3133,10.08541488,1876.5416666666617,4.52,135.40368851935614,9.907586964830937,193.18575487631702,10.346823320271778,14.762218781158571,,,,,,1.0046981945771802,1.752371112990951,0.11759364095515057,0.07833082394635626,0.039262817008794304
1876.08,3.93,0.3,0.3067,10.18058017,1876.624999999995,4.508333333333334,128.57615338635458,9.814973540943097,184.6115932815167,10.034174616690827,14.407220269577905,,,,,,1.0046889741087426,1.7441464460155387,0.12251791865412542,0.07769518507067019,0.04482273358345523
1876.09,3.69,0.3,0.3,10.27574545,1876.7083333333283,4.496666666666667,119.60612915922317,9.724075541400257,172.89579424131077,9.724075541400257,14.05656863750494,,,,,,1.004679754017652,1.736096151378347,0.13319853175354224,0.07839142070578209,0.05480711104776015
1876.1,3.67,0.3,0.2933,10.46599504,1876.7916666666615,4.485,116.79545593402077,9.547312474170635,169.98293293855886,9.33408916224749,13.58473957244668,,,,,,1.004670534304236,1.7125144225562385,0.13835154000468108,0.0800663118999938,0.05828522810468728
1876.11,3.6,0.3,0.2867,10.56116033,1876.8749999999948,4.473333333333334,113.53539407918447,9.461282839932037,166.38575967173998,9.041832634028387,13.250777027191072,,,,,,1.004661314968821,1.705009455228019,0.14394905408238157,0.08074114453889969,0.06320790954348188
1876.12,3.58,0.3,0.28,10.75149091,1876.958333333328,4.461666666666667,110.90592318605233,9.293792445758575,163.66728036786165,8.674206282708004,12.800792877933315,,,,,,1.0046520960117353,1.6826330509190333,0.1418004398096202,0.08104437021333677,0.060756069596283435
1877.01,3.55,0.2908,0.2817,10.9417405,1877.0416666666613,4.45,108.06432600919385,8.85214253618974,160.56246296270052,8.575132573743637,12.740970652561337,,,,,,1.004442533161084,1.6610679219869882,0.14039429114462587,0.08003707003321958,0.06035722111140629
1877.02,3.34,0.2817,0.2833,10.65632562,1877.1249999999945,4.440833333333333,104.39492604393594,8.804805588795436,156.20063693289774,8.854815134205703,13.2489941446377,,,,,,1.0044352053538859,1.7131343139871542,0.1417511780828007,0.07563823739010123,0.06611294069269946
1877.03,3.17,0.2725,0.285,10.18058017,1877.2083333333278,4.431666666666667,103.71155374929874,8.915267633023314,156.2897634153181,9.324224863895942,14.05128787803333,,,,,,1.0044278777306086,1.8011434150689984,0.14471927044295518,0.07046624603850593,0.07425302440444925
1877.04,2.94,0.2633,0.2867,10.46599504,1877.291666666661,4.4225,93.56366224687223,8.379357914830427,142.04952190077566,9.124048287815738,13.85224419352122,,,,,,1.0044205502913774,1.7597827500645762,0.15871290353602863,0.07316083061404854,0.08555207292198008
1877.05,2.94,0.2542,0.2883,10.65632562,1877.3749999999943,4.413333333333333,91.89253969136875,7.94526652705644,140.5176196575009,9.011094963612795,13.779329846005957,,,,,,1.0044132230363174,1.7359918744254137,0.16233557057379433,0.07482890996850311,0.08750666060529122
1877.06,2.73,0.245,0.29,10.08541488,1877.4583333333276,4.404166666666667,90.15904137996155,8.0911960212786,138.89789343734444,9.57733406600324,14.754721280890067,,,,,,1.0044058959655546,1.8423571486255097,0.16205707677969494,0.06992805582859263,0.09212902095110231
1877.07,2.85,0.2358,0.2917,10.18058017,1877.5416666666608,4.395,93.24224863895942,7.7145692031812745,144.6382581267007,9.543425939643672,14.80385259493284,,,,,,1.0043985690792139,1.8331766521383228,0.15629330873783331,0.07195354761241424,0.08433976112541908
1877.08,3.05,0.2267,0.2933,9.8,1877.624999999994,4.385833333333333,103.66070790816325,7.7048795025510195,161.79546086409024,9.968421517857141,15.558888088995957,,,,,,1.0043912423774213,1.9127440302159064,0.13955989189381057,0.06633936445065092,0.07322052744315966
1877.09,3.24,0.2175,0.295,9.704834711,1877.7083333333273,4.376666666666667,111.19807623068749,7.464685672893372,174.5308360090204,10.124516200016297,15.890924883537346,,,,,,1.004383915860302,1.939982021195476,0.1312746800604203,0.06631802870475378,0.06495665135566653
1877.1,3.31,0.2083,0.2967,9.704834711,1877.7916666666606,4.367500000000001,113.60050380357269,7.148938049028458,179.23661469698988,10.18286086964351,16.066315281147098,,,,,,1.0043765895279828,1.9484867391468959,0.12353034304649113,0.06478631940556157,0.058744023640929566
1877.11,3.26,0.1992,0.2983,9.514585124,1877.8749999999939,4.358333333333333,114.12167854393142,6.973324652132251,180.97577824085678,10.442483653268326,16.559838849462448,,,,,,1.0043692633805883,1.9961460925673595,0.12369224054914896,0.061170700598773164,0.06252153995037579
1877.12,3.25,0.19,0.3,9.514585124,1877.9583333333271,4.349166666666666,113.77161204533041,6.651263473419316,181.29961015488695,10.501994958030497,16.73534862968187,,,,,,1.0043619374182455,2.0048677805919186,0.12068740905577835,0.05845543064635628,0.06223197840942207
1878.01,3.25,0.1892,0.3008,9.229089256,1878.0416666666604,4.34,117.29106279866711,6.828144332771636,187.81473897318125,10.855738981488944,17.38297645634859,,,,,,1.0044217286102688,2.0759026922234454,0.11673997892457577,0.05378307635288948,0.06295690257168629
1878.02,3.18,0.1883,0.3017,9.134004959,1878.1249999999936,4.33,115.95948652911169,6.866406073406205,186.59877283399186,11.001565121331131,17.703411875476526,,,,,,1.0044137681563745,2.1067873132148214,0.11854460093593122,0.053913136018938435,0.06463146491699279
1878.03,3.24,0.1875,0.3025,8.94367438,1878.208333333327,4.32,120.66169944796225,6.9827372365718885,195.10181160832562,11.265482741669313,18.215524077629162,,,,,,1.0044058079432483,2.1611186719048097,0.10972463559295109,0.05171228411044737,0.05801235148250372
1878.04,3.33,0.1867,0.3033,8.848509091,1878.2916666666601,4.3100000000000005,125.34717160748859,7.027722804539976,203.6248494252654,11.416755900465853,18.546371420625526,,,,,,1.0043978479710691,2.1939852759131644,0.10714224225389724,0.05181882271441829,0.055323419539478946
1878.05,3.34,0.1858,0.3042,8.563094215,1878.3749999999934,4.3,129.9140587582569,7.226955723737764,212.0220394788828,11.83229241744364,19.310510302238367,,,,,,1.0043898882400162,2.2770830012558188,0.10590338286570167,0.04961739972388535,0.05628598314181632
1878.06,3.41,0.185,0.305,8.372844628,1878.4583333333267,4.29,135.65061074963495,7.359343984950868,222.38507531246773,12.132972515729811,19.890747205367347,,,,,,1.0043819287502689,2.3390466481712737,0.09892094350792924,0.04851612002550332,0.05040482348242592
1878.07,3.48,0.1842,0.3058,8.467928926,1878.54166666666,4.279999999999999,136.88077216154943,7.245240871309598,225.3916153424011,12.02820118592006,19.805964359685706,,,,,,1.0043739695020064,2.3229165130070015,0.09938361771645687,0.048472788674609246,0.05091082904184763
1878.08,3.45,0.1833,0.3067,8.563094215,1878.6249999999932,4.27,134.19266548382825,7.129714661792962,221.94363741626896,11.929533479388441,19.73046770886078,,,,,,1.0043660104954082,2.307148408524934,0.10382760299540639,0.0496581283649129,0.054169474630493486
1878.09,3.52,0.1825,0.3075,8.563094215,1878.7083333333264,4.26,136.91541521828276,7.098597521970625,227.42521638385682,11.96065061921078,19.867401715351125,,,,,,1.0043580517306545,2.317221442691018,0.10423562132954323,0.04967045110529145,0.05456517022425178
1878.1,3.48,0.1817,0.3083,8.467928926,1878.7916666666597,4.25,136.88077216154943,7.146906983262507,228.35696099945145,12.12653507396715,20.230589389692778,,,,,,1.004350093207925,2.3534751790138597,0.10227761924603618,0.047284254876306386,0.05499336436972979
1878.11,3.47,0.1808,0.3092,8.372844628,1878.874999999993,4.239999999999999,138.03742501502444,7.192266986373606,231.2864940779643,12.300049514307073,20.609159645218025,,,,,,1.004342134927399,2.390555982488441,0.09772281052939236,0.04490438843299871,0.05281842209639365
1878.12,3.45,0.18,0.31,8.18251405,1878.9583333333262,4.2299999999999995,140.4341539138573,7.3269993346360325,236.32534995256245,12.618721076317613,21.235031445012858,,,,,,1.0043341768892575,2.4567834282733547,0.09365794506517222,0.042514842079854676,0.051143102985317546
1879.01,3.58,0.1817,0.3158,8.277679339,1879.0416666666595,4.22,144.05052142839472,7.311167526128302,243.4363255185481,12.707026443320409,21.474075865574722,,,,,,1.0048663382006082,2.439064452549838,0.09676324324512287,0.04739993705323253,0.04936330619189033
1879.02,3.71,0.1833,0.3217,8.372844628,1879.1249999999927,4.203333333333333,147.58468207658228,7.291717580764834,250.43571353328196,12.797302486263213,21.71567898750857,,,,,,1.004853493821275,2.4230765874387807,0.09660940875928503,0.049668133462527964,0.04694127529675707
1879.03,3.65,0.185,0.3275,8.277679339,1879.208333333326,4.186666666666666,146.86715173565383,7.44395152632766,250.27077355959298,13.177806080390859,22.455802285141562,,,,,,1.0048406505677119,2.4628293569541437,0.09611097124769352,0.049555504087045454,0.04655546716064807
1879.04,3.77,0.1867,0.3333,8.18251405,1879.2916666666592,4.17,153.4599305087658,7.59972653209193,262.5844798030745,13.567160434634388,23.214696848372608,,,,,,1.004827808441316,2.503533209685912,0.09104578035076272,0.048158813833927505,0.04288696651683521
1879.05,3.94,0.1883,0.3392,8.18251405,1879.3749999999925,4.153333333333332,160.37987432481094,7.664855415066473,275.5181004119425,13.807323190603014,23.71973087810429,,,,,,1.0048149674434854,2.515619788448749,0.0917891406454241,0.05056711008668979,0.0412220305587343
1879.06,3.96,0.19,0.345,8.087381157,1879.4583333333258,4.136666666666667,163.09013071040545,7.8250315239841,281.29430007530016,14.208609872497442,24.50670038534812,,,,,,1.00480212757562,2.5574664536825686,0.09173318523057672,0.049157552491394085,0.042575632739182634
1879.07,4.04,0.1917,0.3508,8.18251405,1879.541666666659,4.119999999999999,164.45042951071986,7.803254291387376,284.7620873410366,14.279507592168446,24.726371346345452,,,,,,1.0047892888391219,2.5398709093681653,0.08854171073645145,0.050204458524767626,0.038337252211683825
1879.08,4.07,0.1933,0.3567,8.18251405,1879.6249999999923,4.103333333333333,165.67159606649253,7.868383174361917,288.01206388653566,14.519670348137074,25.24174525511727,,,,,,1.0047764512353945,2.5520350847672124,0.089111386893727,0.050024868987590176,0.03908651790613682
1879.09,4.22,0.195,0.3625,8.467928926,1879.7083333333255,4.086666666666666,165.98760302348805,7.670043267673027,289.6725933419178,14.258413766828063,24.88301305366,,,,,,1.0047636147658443,2.477796551656441,0.09010455155763819,0.05214439452799713,0.03796015702964106
1879.1,4.68,0.1967,0.3683,8.94367438,1879.7916666666588,4.069999999999999,174.28912142483432,7.325356876979684,305.22527264213517,13.715957995890276,24.020185451730427,,,,,,1.004750779431878,2.357169261015449,0.08280008983503051,0.057732581236854985,0.025067508598175525
1879.11,4.93,0.1983,0.3742,9.419419835,1879.874999999992,4.053333333333333,174.32640398919006,7.011952517455658,306.3138757205165,13.23183374700911,23.250030891403092,,,,,,1.0047379452349057,2.2487488045936366,0.08177957154300253,0.06305032386033349,0.018729247682669037
1879.12,4.92,0.2,0.38,9.704834711,1879.9583333333253,4.036666666666667,168.85633797993285,6.8640787796720675,297.7073563548023,13.041749681376928,22.993657604639203,,,,,,1.004725112176339,2.192955207681907,0.08330007728470656,0.06474328622394743,0.018556791060759137
1880.01,5.11,0.205,0.3892,9.990330579,1880.0416666666586,4.02,170.36541974673727,6.83462055735443,301.37215499689,12.975777175230947,22.953824407982307,,,,,,1.0055306639798018,2.1403524891297896,0.08623703204470523,0.07029751573647802,0.01593951630822721
1880.02,5.2,0.21,0.3983,9.990330579,1880.1249999999918,3.993333333333333,173.36598486947824,7.001318619728928,307.7121758701123,13.279167648752535,23.56956916328187,,,,,,1.0055111531554377,2.152190059545499,0.08313550008808113,0.0698624871855944,0.013273012902486725
1880.03,5.3,0.215,0.4075,10.08541488,1880.208333333325,3.9666666666666663,175.0340363786799,7.100437324795506,311.7230780747954,13.457805627228693,23.967387606694178,,,,,,1.005491647018348,2.143648647263011,0.08129234207764902,0.07044482301499544,0.010847519062653577
1880.04,5.18,0.22,0.4167,9.704834711,1880.2916666666583,3.9399999999999995,177.7796403935065,7.550486657639274,317.73337509053573,14.301308137446751,25.559748532862212,,,,,,1.005472145577851,2.239946763313674,0.08182419960532528,0.06590905378504397,0.015915145820281307
1880.05,4.77,0.225,0.4258,9.419419835,1880.3749999999916,3.913333333333333,168.66875193274572,7.9560732043748,302.6350535459809,15.056426535212399,27.015095555530124,,,,,,1.0054526488432851,2.320447405059896,0.09065595243965818,0.060992209032631806,0.029663743407026377
1880.06,4.79,0.23,0.435,9.229089256,1880.4583333333248,3.8866666666666667,172.8689817863432,8.30059829036721,311.4124615544204,15.698957636129292,28.280672395860734,,,,,,1.005433156824009,2.381215276230429,0.08712214361342796,0.058412780526710506,0.028709363086717454
1880.07,5.01,0.235,0.4442,9.229089256,1880.541666666658,3.8600000000000003,180.80868449886836,8.481046079288237,326.98850238547396,16.030981567743975,28.991675201522458,,,,,,1.0054136695294011,2.3941527922579144,0.08140838182329402,0.058000756739075454,0.023407625084218564
1880.08,5.19,0.24,0.4533,9.229089256,1880.6249999999914,3.8333333333333335,187.30480490002532,8.661493868209263,340.04193561443503,16.359396543580246,29.69961645742262,,,,,,1.0053941869688605,2.407113944278092,0.07109000397857912,0.05375326390602253,0.01733674007255659
1880.09,5.18,0.245,0.4625,9.324254545,1880.7083333333246,3.8066666666666666,185.03592074555485,8.751698954181649,337.2469172369873,16.521064352281687,30.11133189615959,,,,,,1.005374709151806,2.3953983376449153,0.0692795846262324,0.053184267575099975,0.01609531705113243
1880.1,5.33,0.25,0.4717,9.324254545,1880.7916666666579,3.7800000000000002,190.3941037787273,8.930305055287397,348.36912091034355,16.849699578316258,30.830340400264358,,,,,,1.0053552360876774,2.408272907012476,0.06128925706337096,0.05278512270498581,0.008504134358385151
1880.11,5.61,0.255,0.4808,9.419419835,1880.8749999999911,3.7533333333333334,198.37142522907834,9.016882964958107,364.3403057659409,17.001244429615127,31.22545793444998,,,,,,1.0053357677859338,2.396708469608671,0.05149091659156868,0.05597025673668732,-0.004479340145118638
1880.12,5.84,0.26,0.49,9.514585124,1880.9583333333244,3.726666666666667,204.4388351829937,9.101728963626432,376.8771209233934,17.153258431449814,31.62153925555869,,,,,,1.0053163042560556,2.385396859492788,0.045882043257926775,0.05663894316368645,-0.010756899905759676
1881.01,6.19,0.265,0.4858,9.419419835,1881.0416666666576,3.7,218.88041393368894,9.370486218485874,404.93927508792984,17.178046056379014,31.78020998993802,18.473952301404935,,24.13505742196503,,-0.010488744813437069,1.003636193113409,2.422306367277153,0.045353276058497816,0.05646796550221045,-0.011114689443712633
1881.02,6.17,0.27,0.4817,9.514585124,1881.124999999991,3.693333333333334,215.99102963682725,9.45179546222745,401.0509650266043,16.862703237610972,31.31057534089389,18.14725816499023,,23.655503266150113,,-0.011392839551264043,1.0036308102375502,2.406798230969046,0.04677401903063272,0.05619874876652009,-0.009424729735887372
1881.03,6.24,0.275,0.4775,9.514585124,1881.2083333333242,3.686666666666667,218.44149512703436,9.626828711527958,407.09056289268557,16.71567530819854,31.151561503406626,18.27011914020499,,23.767712891469266,,-0.013123118077292342,1.0036254274364746,2.415536858625766,0.042422581098676915,0.05488451380323034,-0.012461932704553425
1881.04,6.22,0.28,0.4733,9.609669421,1881.2916666666574,3.68,215.58688798104492,9.704875986284982,403.2778562284033,16.404706443959576,30.686721760916928,17.950108278222896,,23.3088501171415,,-0.007503501721981776,1.0036200447102193,2.4003066741761567,0.04597073304042709,0.05463536055914475,-0.00866462751871766
1881.05,6.5,0.285,0.4692,9.514585124,1881.3749999999907,3.673333333333334,227.54322409066083,9.976895210128973,427.1986709508271,16.4251201143597,30.837171755404317,18.869718693152596,,24.456686047737904,,-0.008881089986274217,1.0036146620588215,2.4330702656658305,0.04115741733591283,0.05478552314378082,-0.013628105807867996
1881.06,6.58,0.29,0.465,9.514585124,1881.458333333324,3.666666666666667,230.34375607946896,10.151928459429481,434.0448034981159,16.278092184947273,30.673378970611534,19.028710731115783,,24.61633067087136,,-0.007732465433510208,1.0036092794823186,2.44186499244158,0.04027935161521179,0.057281368771541885,-0.017002017156330096
1881.07,6.35,0.295,0.4608,9.609669421,1881.5416666666572,3.66,220.0927232603915,10.224780056978817,416.33399940474084,15.971453051714711,30.212079830819622,18.11636718738974,,23.397455434510505,,-0.004047872140695692,1.0036038969807477,2.426429765693857,0.04456726849941983,0.05958401113314027,-0.015016742633720437
1881.08,6.2,0.3,0.4567,9.8,1881.6249999999905,3.6533333333333333,210.72012755102037,10.19613520408163,400.21179240221363,15.521916492346936,29.480117030659834,17.28624355397345,,22.29430057994321,,0.0021436052233798214,1.0035985145541462,2.3878796596676124,0.05255711098609872,0.06161583387755387,-0.009058722891455151
1881.09,6.25,0.305,0.4525,10.18058017,1881.7083333333237,3.646666666666667,204.4786154363145,9.97855643329215,389.93687413545814,14.80425175758917,28.23142968740717,16.724836648772897,,21.54278402265044,,0.005564050621919746,1.0035931322025515,2.3068852566080684,0.0652507750753617,0.06694470171395306,-0.0016939266385913587
1881.1,6.15,0.31,0.4483,10.27574545,1881.791666666657,3.64,199.34354859870527,10.048211392780267,381.74121076109816,14.531010217365784,27.826761753528505,16.261989411181354,,20.927319306516623,,0.006724035747653734,1.0035877499260009,2.293733011241884,0.06788260087672637,0.06789011597922157,-7.515102495192494e-06
1881.11,6.19,0.315,0.4442,10.18058017,1881.8749999999902,3.6333333333333337,202.51562072812592,10.305722217990253,389.4603163248109,14.532704156289745,27.94802463836526,16.478642316644873,,21.189774650457192,,0.005069307365658422,1.0035823677245315,2.3234804663770237,0.06584734348376808,0.06819254694835664,-0.0023452034645885522
1881.12,6.01,0.32,0.44,10.18058017,1881.9583333333235,3.626666666666667,196.62663660356003,10.469305110339304,379.81294176856886,14.395294526716544,27.806604721825348,15.958754206105079,,20.509855894384817,,0.0048775071089471045,1.0035769855981806,2.331804027808352,0.0720994492776843,0.06814562197563823,0.003953827302046076
1882.01,5.92,0.32,0.4392,10.18058017,1882.0416666666567,3.62,193.68214454127713,10.469305110339304,375.8104759373971,14.369121263940693,27.88107449859878,15.678764160028745,,20.14205377538327,,0.006063178135554355,1.0029473239550168,2.3401448572336023,0.07832481367087984,0.07084148900561615,0.007483324665263691
1882.02,5.79,0.32,0.4383,10.27574545,1882.12499999999,3.6208333333333336,187.67465794902498,10.372347244160276,365.8310325364667,14.206874365985776,27.693219613252737,15.153861528363043,,19.462129672651724,,0.009174922369645351,1.0029480211096595,2.3253057002951274,0.0817909365931333,0.07173267696399543,0.010058259629137867
1882.03,5.78,0.32,0.4375,10.27574545,1882.2083333333233,3.621666666666667,187.35052209764496,10.372347244160276,366.8840867464162,14.180943497875376,27.770205527951052,15.091670299486745,,19.3774405880998,,0.007978128065748567,1.0029487182641554,2.332160750586009,0.08586702325543394,0.07445210648996503,0.011414916765468908
1882.04,5.78,0.32,0.4367,10.37091074,1882.2916666666565,3.6225,185.63136095412966,10.27716877254697,365.19462222855196,14.025123759285194,27.591780541039558,14.9169971683753,,19.149099336903035,,0.0074981727357587916,1.0029494154185046,2.317574217329899,0.08800081153422123,0.07678374533490495,0.011217066199316283
1882.05,5.71,0.32,0.4358,10.46599504,1882.3749999999898,3.6233333333333335,181.7171807583811,10.183799972448679,359.16377088505664,13.869062587478544,27.412184124642327,14.56710320219176,,18.69842050025918,,0.009991834775673052,1.002950112572707,2.303292281025816,0.09018572267114022,0.07766405967638024,0.012521662994759986
1882.06,5.68,0.32,0.435,10.56116033,1882.458333333323,3.6241666666666665,179.13362176937994,10.092035029260842,355.7196110844779,13.718860117901457,27.242611060166883,14.32740489013167,,18.390197818723447,,0.012729276253183257,1.0029508097267625,2.2892713462933485,0.09102426945949138,0.07853813008224053,0.012486139377250849
1882.07,6,0.32,0.4342,10.46599504,1882.5416666666563,3.625,190.94624948341269,10.183799972448679,380.8620982343773,13.818143587616298,27.56172050889444,15.240559761217822,,19.55702412921713,,0.009093141918662735,1.0029515068806714,2.316903880477162,0.08108859838569282,0.0745920020030304,0.006496596382662423
1882.08,6.18,0.32,0.4333,10.56116033,1882.6249999999895,3.6258333333333335,194.90242650259998,10.092035029260842,390.4305711520117,13.665246181808508,27.374363508117586,15.52542933146303,,19.9136297688327,,0.008044514050340762,1.0029522040344336,2.3028032886110448,0.07891847533921936,0.07406092727070024,0.004857548068519124
1882.09,6.24,0.32,0.4325,10.27574545,1882.7083333333228,3.626666666666667,202.26077126112534,10.372347244160276,406.90238353170696,14.01887557218537,28.202769371388342,16.081106624462315,,20.617194705981774,,0.0024137828797115776,1.002952901188049,2.3737521789893026,0.07214453292436529,0.07102454557233062,0.0011199873520346681
1882.1,6.07,0.32,0.4317,10.18058017,1882.791666666656,3.6275,198.5896313117487,10.469305110339304,401.2720439377456,14.123746925417118,28.538573536725664,15.755581030526557,,20.19232667927222,,0.004945010915350115,1.0029535983415176,2.403016343465269,0.0761543603164081,0.06993187653122335,0.006222483785184751
1882.11,5.81,0.32,0.4308,10.08541488,1882.8749999999893,3.6283333333333334,191.8769342188925,10.568092762486335,389.4878049920857,14.22729488149723,28.87974980905173,15.192670313165339,,19.46618580570175,,0.0035008618493167637,1.0029542954948398,2.4328555595556973,0.07659991971065838,0.06609486578286883,0.010505053927789554
1882.12,5.84,0.32,0.43,9.990330579,1882.9583333333226,3.629166666666667,194.70333685341402,10.668675991967891,397.0297534996451,14.336033364206855,29.233355137816336,15.382128332081972,,19.70461406329286,,0.0031815143101116272,1.0029549926480152,2.4632663671671393,0.07241309462243795,0.06365265886144345,0.0087604357609945
1883.01,5.81,0.3208,0.4275,9.990330579,1883.0416666666558,3.63,193.70314847916703,10.69534768194781,396.80767064666014,14.252684333019605,29.197122065653566,15.270259119098574,,19.55671346665019,,0.0036494449665530476,1.0030943156162713,2.4705453011722214,0.07083801135081091,0.059651685724352754,0.01118632562645816
1883.02,5.68,0.3217,0.425,10.08541488,1883.124999999989,3.629166666666667,187.58364653413244,10.624235755287042,386.0853335287778,14.035748200177162,28.888427244670872,14.75759014617622,,18.898222188468402,,0.004730537555653114,1.0030936238807047,2.4548258166309074,0.07095371079227153,0.059426127509803583,0.011527583282467946
1883.03,5.75,0.3225,0.4225,9.990330579,1883.2083333333223,3.6283333333333334,191.70277173067305,10.752025023155142,396.4074864725957,14.085986270645106,29.127332701682032,15.051254121401634,,19.273105236150066,,0.0024952795648935794,1.0030929321452842,2.485856535682642,0.06716270953053294,0.06101605802777765,0.006146651502755285
1883.04,5.87,0.3233,0.42,9.895165289,1883.2916666666556,3.6275,197.58567496325122,10.882359236050956,410.44752485385465,14.13730553399753,29.367625287669323,15.48206722203667,,19.82169282045818,,-0.0002753950050816828,1.0030922404100109,2.5175264230135626,0.06516643821007784,0.06134161489508161,0.0038248233149962285
1883.05,5.77,0.3242,0.4175,9.8,1883.3749999999889,3.626666666666667,196.1056670918367,11.018623443877548,409.2805120750039,14.189621492346935,29.61431781478581,15.335497637337067,,19.63264291950356,,0.0015315856185122156,1.0030915486748841,2.5498338701624506,0.057396602854010714,0.06167323542397618,-0.004276632569965466
1883.06,5.82,0.325,0.415,9.514585124,1883.4583333333221,3.6258333333333335,203.73870218579168,11.37716120453304,427.18968366772623,14.527759691942189,30.461120055344733,15.90338838858379,,20.35644802334545,,-0.0007597696898063722,1.0030908569399042,2.634442213616405,0.05088439774641862,0.06126186231879216,-0.01037746457237354
1883.07,5.73,0.3258,0.4125,9.324254545,1883.5416666666554,3.625,204.68259186718714,11.637973548050535,431.2022830357023,14.735003341224205,31.04204917141836,15.948783127017025,,20.410434017234646,,-0.002893784310230879,1.0030901652050708,2.696526444490802,0.04288601169453288,0.06191251595689362,-0.019026504262360744
1883.08,5.47,0.3267,0.41,9.324254545,1883.6249999999886,3.6241666666666665,195.3950746096882,11.67012264624957,413.68516062145517,14.645700290671329,31.007480046580735,15.19681087662984,,19.448085508176298,,0.0002171205541036253,1.0030894734703844,2.7048591566841207,0.04943056978393834,0.06623607049767788,-0.01680550071373954
1883.09,5.53,0.3275,0.4075,9.229089256,1883.708333333322,3.6233333333333335,199.57525454665512,11.819330174327224,424.6206215317128,14.706494797063645,31.28985592661355,15.49469242579345,,19.828736618724495,,-0.00203484841159568,1.0030887817358447,2.741192934805083,0.050166423843972074,0.06089935044470307,-0.010732926600730996
1883.1,5.38,0.3283,0.405,9.229089256,1883.7916666666551,3.6225,194.1618208790243,11.848201820554587,415.2035906590753,14.616270902603134,31.25603238232817,15.04805627022383,,19.259308186439718,,0.0021206134844089924,1.0030880900014516,2.7496598814765356,0.054719040933593366,0.05955085829005213,-0.004831817356458767
1883.11,5.46,0.3292,0.4025,9.134004959,1883.8749999999884,3.621666666666667,199.1002504556446,12.004359423076593,427.9033485685772,14.677262052819954,31.544157106016904,15.408218142448863,,19.72054454393318,,0.0026325881891270733,1.0030873982672053,2.786863221640819,0.05642467791418415,0.061280485508864,-0.004855807594679851
1883.12,5.34,0.33,0.4,9.229089256,1883.9583333333217,3.6208333333333336,192.7182385676561,11.909554068787736,416.3202085171162,14.435823113682106,31.185034345851403,14.89640394188716,,19.06653927301244,,0.0035706001324259384,1.003086706533106,2.766666589524873,0.0574753534465029,0.0638441000932859,-0.006368746646782997
1884.01,5.18,0.3283,0.3925,9.229089256,1884.041666666655,3.62,186.94390932218326,11.848201820554587,405.9791211903888,14.165151430300567,30.76193148015977,14.432821721970717,,18.478450440666563,,0.004228642188966028,1.0037103920018629,2.7752064773616856,0.06136130363660941,0.06679964414719475,-0.005438340510585338
1884.02,5.32,0.3267,0.385,9.229089256,1884.1249999999882,3.611666666666667,191.996447411972,11.79045852809986,419.0852714878913,13.894479746919025,30.328539383992126,14.805960228816705,,18.960248831644897,,0.002565822726183359,1.0037037188195472,2.7855035812788063,0.061427589579871045,0.0684025156002177,-0.006974926020346661
1884.03,5.3,0.325,0.3775,9.229089256,1884.2083333333214,3.6033333333333335,191.2746562562879,11.729106279866711,419.64326409560545,13.623808063537489,29.889685320017183,14.736023454014466,,18.875642451992523,,0.002969700846246634,1.0036970457842034,2.795820303314705,0.0679130971063544,0.07156892219779754,-0.0036558250914431323
1884.04,5.06,0.3233,0.37,9.038839669,1884.2916666666547,3.5949999999999998,186.4568060411737,11.91333703421175,411.2513224500039,13.634193327121398,30.07173701709515,14.35345368257947,,18.395357641018055,,0.004344405478574301,1.003690372895923,2.865220590486206,0.07194923831290856,0.06944737600753315,0.002501862305375413
1884.05,4.65,0.3217,0.3625,8.848509091,1884.374999999988,3.586666666666667,175.03433873117777,12.109364896735457,388.28350745224463,13.645150062376759,30.26941321536315,13.4650503138049,,17.272918948879877,,0.007721079526165339,1.0036837001547976,2.9376523816989404,0.07452166645408176,0.06728086395563193,0.007240802498449828
1884.06,4.46,0.32,0.355,8.848509091,1884.4583333333212,3.5783333333333336,167.88239800882855,12.045373848167072,374.64487529083954,13.362836612810344,29.82038805566099,12.906876483666858,,16.5755624574753,,0.013335959139286313,1.0036770275609186,2.9484738122321463,0.07736576607772361,0.0673870271988859,0.009978738878837712
1884.07,4.46,0.3183,0.3475,8.753424793,1884.5416666666545,3.57,169.7060247993382,12.111530873011066,380.9667968177769,13.22261067663005,29.68295109734921,13.04393158599167,,16.76976853063277,,0.010776582875225427,1.0036703551143773,2.991461070356741,0.0737890696962098,0.06633961526216159,0.007449454434048208
1884.08,4.74,0.3167,0.34,8.753424793,1884.6249999999877,3.5616666666666665,180.3602146970545,12.050649787881255,407.1383331006603,12.937230590084079,29.204015454477748,13.859813341769323,,17.83206263060005,,0.007126400706920263,1.003663682815266,3.0024407947957856,0.06802251680426541,0.06340107659244532,0.004621440211820094
1884.09,4.59,0.315,0.3325,8.658259504,1884.708333333321,3.5533333333333337,176.57226741629893,12.11770462660875,400.8670680930039,12.790910439198125,29.038845346606493,13.569154744335721,,17.474388100341237,,0.007694843940038748,1.0036570106636764,3.046562334172693,0.07030730533177065,0.06085755897565748,0.009449746356113176
1884.1,4.44,0.3133,0.325,8.563094215,1884.7916666666542,3.545,172.7001260139703,12.186249882922723,394.3817624851957,12.641338052824402,28.868034416146077,13.273251319134156,,17.112421679154778,,0.009926540077895465,1.0036503386596998,3.0916851994187473,0.07211602161981578,0.0627772943813234,0.009338727238492384
1884.11,4.35,0.3117,0.3175,8.372844628,1884.8749999999875,3.536666666666667,173.04403424073664,12.399500108698302,397.52676612459646,12.630225487685951,29.014884653921698,13.304437602119725,,17.173051638572844,,0.00845266083106605,1.0036436668034285,3.1734772734469385,0.07170273307209296,0.06049317042161695,0.011209562650476013
1884.12,4.34,0.31,0.31,8.277679339,1884.9583333333208,3.5283333333333333,174.63107905006513,12.47364850357608,403.56054951742976,12.47364850357608,28.82575353695927,13.432292746944762,,17.357970009963744,,0.006713915407826274,1.0036369950949544,3.2216575487722565,0.07107339396509094,0.0609069899599195,0.010166404005171437
1885.01,4.24,0.3042,0.3067,8.277679339,1885.041666666654,3.52,170.60732146826638,12.240270563831753,396.6191220931265,12.34086450337672,28.689406779707994,13.129817425635958,,16.987379177257104,,0.008512315822483671,1.0039790233810126,3.233374701474764,0.07211606230696122,0.061006296117269265,0.01110976618969195
1885.02,4.37,0.2983,0.3033,8.372844628,1885.1249999999873,3.5075,173.8396389958665,11.866444922761321,406.43232260342074,12.065346111543777,28.208449301056636,13.384817593597964,,17.33406459087123,,0.008292950963367296,1.0039692212858526,3.2093437864353462,0.06841757762908873,0.06200026643535117,0.006417311193737563
1885.03,4.38,0.2925,0.3,8.18251405,1885.2083333333205,3.495,178.29031714281015,11.906373918783553,419.15761780268303,12.211665557726722,28.709425876896095,13.734194093452512,,17.803189669171843,,0.004292613198831882,1.0039594196907509,3.297030105801086,0.0655622375678031,0.05934418850820089,0.006218049059602215
1885.04,4.37,0.2867,0.2967,8.277679339,1885.2916666666538,3.4825,175.83820632460476,11.536112987016976,415.65284646886874,11.93848874519685,28.220640628675824,13.548548541030055,,17.57750568664595,,0.005737937472184748,1.0039496185961747,3.272029666775143,0.06681708592633084,0.05585171169812164,0.010965374228209201
1885.05,4.32,0.2808,0.2933,8.087381157,1885.374999999987,3.4699999999999998,177.9165062295332,11.564572904919658,422.8436722564256,12.07937761044493,28.708344692780006,13.711371872561939,,17.804975054591747,,0.005144821410869277,1.003939818002592,3.362248732932718,0.06961135314375322,0.05173573114962049,0.01787562199413273
1885.06,4.3,0.275,0.29,7.897091074,1885.4583333333203,3.4575,181.36008709781274,11.598610221371748,433.3249723401802,12.231261687992022,29.224242320616803,13.978784368698351,,18.166486027738824,,0.003211112584522627,1.0039300179104702,3.456832077051594,0.06798507754885552,0.04759976109487374,0.020385316453981783
1885.07,4.46,0.2692,0.2867,7.992232066,1885.5416666666536,3.445,185.8690929808644,11.218825074091635,446.3321411686748,11.948132053276643,28.691350868398896,14.32665877708933,,18.627238981582366,,0.0027569141791608104,1.0039202183202782,3.429105004626336,0.06710657279017118,0.050076419680159745,0.017030153110011437
1885.08,4.71,0.2633,0.2833,7.992232066,1885.6249999999868,3.4325,196.28776411207875,10.972944435394975,473.5465596342155,11.806438125892125,28.48317204763763,15.130410796707157,,19.676139676121817,,-0.0016484217982207783,1.003910419232485,3.44254784488763,0.06420211250971386,0.05132113952714179,0.01288097298257207
1885.09,4.65,0.2575,0.28,7.897091074,1885.70833333332,3.42,196.1219546522859,10.86051684364809,475.3299694896747,11.809494043578507,28.62201966819547,15.116285028724242,,19.662671854522607,,-0.0017970460660680782,1.0039006206475598,3.4976462709902125,0.06482487617040067,0.04986052009694153,0.01496435607345914
1885.1,4.92,0.2517,0.2767,7.897091074,1885.7916666666533,3.4075,207.50968105145088,10.615891609888248,505.0738701073646,11.670310720922044,28.405272329005648,15.991023962168985,,20.799074639680075,,-0.005290783812508026,1.0038908225659726,3.5112892622526974,0.05719209047962259,0.049660305629274815,0.007531784850347778
1885.11,5.24,0.2458,0.2733,7.992232066,1885.8749999999866,3.3950000000000005,218.37534691025323,10.243637456209969,533.5983868645525,11.38969128064355,27.830618154595836,16.824034498619017,,21.875099662394902,,-0.006273332459197527,1.003881024988194,3.4829894036788773,0.04816762451290235,0.05071977508059389,-0.0025521505676915357
1885.12,5.2,0.24,0.27,8.18251405,1885.9583333333198,3.3825000000000003,211.66886966726318,9.769332446181378,519.2004378894484,10.990499001954051,26.95848427502905,16.304475952278523,,21.192987772511696,,-0.001132552627127907,1.0038712279146946,3.4151967200486206,0.0465309136501042,0.05447203073438689,-0.00794111708428269
1886.01,5.2,0.2383,0.275,7.992232066,1886.041666666653,3.37,216.70835952925893,9.93107732227354,533.5917384260491,11.46053824433581,28.21879385906991,16.692317470797654,,21.692296410859033,,-0.0038685591279262466,1.001756475011806,3.510042747984378,0.04432382893878084,0.05329258107383916,-0.008968752135058322
1886.02,5.3,0.2367,0.28,7.992232066,1886.1249999999864,3.3825000000000003,220.87582798174466,9.864397827033768,545.8771751343296,11.668911666960097,28.83879415804006,17.006648259461002,,22.09242258119767,,-0.005100824088172008,1.0017675107673607,3.516208050361583,0.04813579771009291,0.055086050760473126,-0.006950253050380217
1886.03,5.19,0.235,0.285,7.897091074,1886.2083333333196,3.3950000000000005,218.89740745061587,9.911539643717674,543.0289639409784,12.020377865785264,29.819509580573957,16.843266101570137,,21.873223559591594,,-0.005816297274969698,1.0017785460191069,3.564859728035608,0.04739575755254588,0.054097412247031906,-0.006701654694486026
1886.04,5.12,0.2333,0.29,7.801941983,1886.2916666666529,3.4075,218.57860564918786,9.959841542569439,544.2970842937536,12.380428835598531,30.82932704007589,16.8017161312463,,21.812473807208193,,-0.006115746325158267,1.001789580767515,3.6147527969742783,0.05000403561012212,0.05463036811154387,-0.004626332501421748
1886.05,5.02,0.2317,0.295,7.611651901,1886.3749999999861,3.42,219.66719534038762,10.138822541905938,549.1117999003621,12.908729606656244,32.26852210569857,16.863195515097832,,21.885839695764236,,-0.005358207123118956,1.0018006150130552,3.711751653002988,0.05052773807254929,0.05385830780665768,-0.0033305697341083906
1886.06,5.25,0.23,0.3,7.51650281,1886.4583333333194,3.4325,232.63973043070007,10.191835809344957,583.6629012747899,13.29369888175429,33.35216578713085,17.831494055376883,,23.12866698957645,,-0.00721543808205416,1.0018116487561965,3.7655056117860193,0.044162914298999434,0.054384063894723944,-0.01022114959572451
1886.07,5.33,0.2283,0.305,7.611651901,1886.5416666666526,3.445,233.23230102873825,9.990043963388544,587.2382277099996,13.346313661119169,33.60368845244838,17.84584504153221,,23.130067401873337,,-0.006163286740313315,1.001822681997408,3.725171587057657,0.0369492476017419,0.055975824039454336,-0.01902657643771244
1886.08,5.37,0.2267,0.31,7.706792893,1886.624999999986,3.4575,232.08175726696535,9.797566922238557,586.3970729510153,13.39764334315815,33.85160011449064,17.72391279961927,,22.954973839219768,,-0.005608130449167907,1.0018337147371585,3.6858900200017954,0.03144929431652588,0.05755083708046427,-0.02610154276393839
1886.09,5.51,0.225,0.315,7.706792893,1886.7083333333192,3.4699999999999998,238.13230587355292,9.724095974872851,603.732368170936,13.61373436482199,34.514645367303956,18.147143925800027,,23.484613598095887,,-0.00795345627047924,1.0018447469759157,3.6926488908510184,0.034115279701616874,0.05781086342808428,-0.023695583726467406
1886.1,5.65,0.2233,0.32,7.706792893,1886.7916666666524,3.4825,244.18285448014046,9.650625027507145,621.1111312734729,13.829825386485831,35.17797557655067,18.562381342866566,,24.00146128872791,,-0.011092002599045261,1.0018557787141473,3.6994608937255347,0.030775345256867315,0.05491452298286936,-0.024139177726002048
1886.11,5.79,0.2217,0.325,7.706792893,1886.8749999999857,3.495,250.233403086728,9.581475900574716,638.5324740218912,14.045916408149672,35.84163282506298,18.968312634942837,,24.50427936262945,,-0.013247391881082073,1.0018668099523205,3.706326274505931,0.03210031519203316,0.052114662125251066,-0.020014346933217908
1886.12,5.64,0.22,0.33,7.801941983,1886.958333333319,3.5075,240.77799528543352,9.392049461488542,616.4018385710008,14.088074192232812,36.066065022771326,18.194057556886445,,23.4853248417397,,-0.011670475276021275,1.0018778406909017,3.6679601573689107,0.03226629558902694,0.05365795647510074,-0.021391660886073804
1887.01,5.58,0.2225,0.3325,7.992232066,1887.0416666666522,3.52,232.5447396487048,9.272617306780791,597.3025473611417,13.856832604515114,35.59195286694975,17.51222209630496,,22.590754381510614,,-0.009020288675654776,1.001888870930357,3.5873521530383266,0.03889511615068786,0.05951653034094839,-0.020621414190260534
1887.02,5.54,0.225,0.335,8.087381157,1887.1249999999854,3.5324999999999998,228.16144548879953,9.266484699454855,588.0272933700286,13.796766108077227,35.557607090064906,17.12536659697232,,22.080922961887385,,-0.0041399718116108195,1.0018999006711522,3.5518428126023083,0.03990422891352252,0.060908215040206715,-0.021003986126684193
1887.03,5.67,0.2275,0.3375,8.087381157,1887.2083333333187,3.5450000000000004,233.51541442626234,9.369445640559908,603.8380452788571,13.899727049182284,35.94274079040816,17.47321371151376,,22.51743823312969,,-0.000974360439279634,1.0019109299137525,3.5585909611457986,0.037767384509683755,0.061043721247201255,-0.0232763367375175
1887.04,5.8,0.23,0.34,8.087381157,1887.291666666652,3.5575,238.86938336372512,9.472406581664963,619.7238492331362,14.002687990287336,36.32863943780454,17.822983639100716,,22.95367744890199,,-0.004920784000872529,1.0019219586586225,3.5653911790642616,0.03372980245728363,0.06275108319013212,-0.029021280732848487
1887.05,5.9,0.2325,0.3425,8.087381157,1887.3749999999852,3.5700000000000003,242.9878210079273,9.575367522770016,632.4789413886889,14.105648931392391,36.715938546716266,18.07544542745825,,23.264710044683618,,-0.007584211150465758,1.0019329869062263,3.5722437135122407,0.03406560603378561,0.06448323964063807,-0.030417633606852457
1887.06,5.73,0.235,0.345,7.992232066,1887.4583333333185,3.5825,238.7959423274334,9.79355086334151,623.6921206149622,14.377766161075833,37.55214338781185,17.707695663272993,,22.781332053852886,,-0.002345926203621805,1.0019440146570282,3.6217592827738923,0.04060220285086791,0.06335538917605632,-0.022753186325188413
1887.07,5.59,0.2375,0.3475,7.897091074,1887.5416666666517,3.5949999999999998,235.7681132271566,10.016981554821054,617.9641878030698,14.656425643369753,38.415483946613016,17.431460535613077,,22.416555953423313,,-0.00366137849707001,1.001955041911491,3.672518366102936,0.04645836123488767,0.062212256832081314,-0.015753895597193646
1887.08,5.45,0.24,0.35,7.992232066,1887.624999999985,3.6075,227.1270306604733,10.001924285965798,597.4999687340387,14.58613958370012,38.37155762512175,16.73984961482071,,21.52061467573702,,0.0034779576235530324,1.0019660686700782,3.635894492062445,0.052268982363676386,0.0588957684251179,-0.006626786061441514
1887.09,5.38,0.2425,0.3525,7.897091074,1887.7083333333183,3.62,226.9109926944727,10.227865377027813,599.1738327293526,14.867309465576511,39.2581368098693,16.676629667380144,,21.434140136239694,,0.003362178487072695,1.0019770949332516,3.68693283295944,0.054261979497677304,0.054736357356398146,-0.0004743778587208425
1887.1,5.2,0.245,0.355,7.992232066,1887.7916666666515,3.6325,216.70835952925893,10.210297708590085,574.4798378870793,14.794513006324408,39.2192966249833,15.880666812517317,,20.408601387649544,,0.007416502541443118,1.0019881207014731,3.650245551990593,0.05708306691488407,0.057623650152356376,-0.000540583237472303
1887.11,5.3,0.2475,0.3575,8.087381157,1887.8749999999848,3.6450000000000005,218.27719514271433,10.19313316940034,580.890497614898,14.723414578022712,39.1827080938351,15.95071220106678,,20.49585727950517,,0.010122384862189297,1.0019991459752047,3.6144716860752424,0.05246491945396836,0.058999124724486984,-0.006534205270518623
1887.12,5.27,0.25,0.36,8.277679339,1887.958333333318,3.6574999999999998,212.05202456079334,10.059393954496839,566.5546348829738,14.485527294475446,38.70202439428284,15.455513454469948,,19.85794687505819,,0.01429702825508912,1.0020101707549067,3.5384371951168614,0.057678975826847,0.061586799125739944,-0.003907823298892943
1888.01,5.31,0.2483,0.3517,8.372844628,1888.0416666666513,3.67,211.23306248696818,9.877433034936761,566.5657423624237,13.99070961895795,37.52564436701779,15.358662514259906,,19.73173410027463,,0.018720415575164698,1.0045816690372138,3.505251532203257,0.06086515718443031,0.06292143988869325,-0.002056282704262946
1888.02,5.28,0.2467,0.3433,8.277679339,1888.1249999999845,3.6516666666666664,212.45440031897323,9.926609954297481,572.0603427655294,13.813559778315058,37.194756755948156,15.418178318820539,,19.807302727374434,,0.018545973596228914,1.004567701185391,3.5617945950055767,0.058453781626417234,0.06019869636975139,-0.0017449147433341583
1888.03,5.08,0.245,0.335,8.277679339,1888.2083333333178,3.6333333333333337,204.40688515537576,9.858206075406901,552.6034292765818,13.479587899025763,36.44136787552261,14.808972366946572,,19.026611493191684,,0.023484775724689648,1.0045537348950258,3.5780638083993033,0.057574262323824676,0.06019509124745426,-0.002620828923629581
1888.04,5.1,0.2433,0.3267,8.18251405,1888.291666666651,3.615,207.59831448135427,9.90366076731637,563.4624627023717,13.2985037923644,36.09474246369899,15.020108681844464,,19.299571616567633,,0.022632996042627543,1.0045397701682555,3.6361609028814996,0.05404622858914121,0.05896609723118362,-0.004919868642042413
1888.05,5.17,0.2417,0.3183,8.087381157,1888.3749999999843,3.5966666666666667,212.92322620525155,9.954263786036615,580.1668005059933,13.10898702149547,35.71897342380226,15.38791695722914,,19.77268583969422,,0.02332002716084853,1.0045258070072212,3.695635038655013,0.050839347211230734,0.05055071098822439,0.0002886362230063444
1888.06,5.01,0.24,0.31,7.992232066,1888.4583333333176,3.578333333333333,208.790169469536,10.001924285965798,571.1762503949084,12.91915220270582,35.3422430384075,15.077628818434697,,19.375983676114185,,0.02589853733472121,1.0045118454140671,3.756557153019307,0.06406453432512849,0.056469285824678916,0.0075952485004495696
1888.07,5.14,0.2383,0.3017,8.087381157,1888.5416666666508,3.5600000000000005,211.6876949119909,9.814236906133742,581.3402153750665,12.42532637255791,34.1226348207505,15.279642515498178,,19.635009581546445,,0.025259012921316784,1.0044978853909405,3.7291103675228134,0.06445100416172855,0.059217498387454715,0.005233505774273839
1888.08,5.25,0.2367,0.2933,8.087381157,1888.624999999984,3.541666666666667,216.21797632061327,9.748341903826507,596.0122697407338,12.07937761044493,33.297218802849,15.60291167008881,,20.04977188558659,,0.022974575191211148,1.0044839269399921,3.7458834785660993,0.06603245633340671,0.059213019345224716,0.006819436988181993
1888.09,5.38,0.235,0.285,8.087381157,1888.7083333333173,3.5233333333333334,221.57194525807606,9.67832846387507,612.9938891722356,11.737547285976149,32.472724612283855,15.987828821761422,,20.542902549349076,,0.021614886504528343,1.0044699700633755,3.762679746409713,0.06316778330778416,0.059208365106472316,0.003959418201311848
1888.1,5.35,0.2333,0.2767,8.18251405,1888.7916666666506,3.505,217.77470244612653,9.496605248725482,604.6779752516519,11.263226199409946,31.27371883217422,15.715941874329705,,20.19313056534963,,0.025156877140990908,1.004456014763247,3.735556980432807,0.06271097495862565,0.06044294371587311,0.002268031242752544
1888.11,5.24,0.2317,0.2683,8.277679339,1888.8749999999839,3.486666666666667,210.84489728625374,9.32304631702767,587.593741957685,10.795741591966006,30.086145222757033,15.223749016946284,,19.56248577384946,,0.029677725599002655,1.0044420610417675,3.709065049467174,0.06955961555554979,0.061664849508068054,0.007894766047481738
1888.12,5.14,0.23,0.26,8.277679339,1888.9583333333171,3.4683333333333333,206.821139704455,9.254642438137092,578.5293982919891,10.46176971267671,29.26413298753252,14.946748301089228,,19.210201901691867,,0.033377840719047064,1.0044281089010998,3.725540942824794,0.07647939067324017,0.06015474570359802,0.016324644969642144
1889.01,5.24,0.2292,0.2633,7.992232066,1889.0416666666504,3.45,218.37534691025323,9.551837693097335,613.0759157747715,10.972944435394975,30.805894775476588,15.802286071028167,,20.31219865365567,,0.02527887555976943,1.0030847289110842,3.875687135384792,0.07842938386041998,0.056435569327559776,0.0219938145328602
1889.02,5.3,0.2283,0.2667,7.897091074,1889.1249999999836,3.4475000000000002,223.53685153916456,9.628955321960618,629.8192628560332,11.248543076508527,31.69298064220832,16.192720447849002,,20.81330768748953,,0.021448301616429674,1.0030826702487605,3.934479341090042,0.07682024183515868,0.05215414990575917,0.024666091929399503
1889.03,5.19,0.2275,0.27,7.801941983,1889.208333333317,3.445,221.56698502329786,9.712232965857469,626.5494935928817,11.526606157281392,32.59506036032333,16.06504536076929,,20.648519003321077,,0.021895429954547865,1.0030806115904525,3.994739158635705,0.07919192811155362,0.050790327947483505,0.028401600164070118
1889.04,5.18,0.2267,0.2733,7.801941983,1889.2916666666501,3.4425,221.14007368413928,9.678080058724785,627.622917339933,11.66748689920372,33.113772839576,16.050104533967488,,20.626458817142183,,0.023128536760698454,1.0030785529361603,4.007045398388633,0.07916136669875429,0.04927322118305333,0.02988814551570096
1889.05,5.32,0.2258,0.2767,7.611651901,1889.3749999999834,3.4400000000000004,232.79471697427533,9.880647949772815,663.0371136430321,12.107950786989095,34.48540777162162,16.915421076068377,,21.73141041381733,,0.0175118181723821,1.0030764942858854,4.1198651903935755,0.06898838670988727,0.04659783474588308,0.02239055196400419
1889.06,5.41,0.225,0.28,7.611651901,1889.4583333333167,3.4375,236.73297346444167,9.84564122541578,676.5907388514305,12.25235352496186,35.01763528251396,17.219302943947692,,22.11062338399528,,0.017655225131784497,1.003074435639628,4.13253993211044,0.06326851799543687,0.04510691505192699,0.01816160294350988
1889.07,5.3,0.2242,0.2833,7.611651901,1889.54166666665,3.4350000000000005,231.91954886534947,9.810634501058747,665.1704041066154,12.396756262934623,35.55524065724606,16.88921449110752,,21.67536870517094,,0.0176535496029279,1.003072376997389,4.145245160159906,0.06758521200959478,0.04363725864485013,0.023947953364744645
1889.08,5.37,0.2233,0.2867,7.611651901,1889.6249999999832,3.4325,234.98263724658995,9.771251936157084,676.2910910670961,12.54553484145202,36.1066398154444,17.13185397534573,,21.973135389628137,,0.01683996350396516,1.0030703183591692,4.157980916038519,0.06739070504908118,0.042188412475791415,0.025202292573289764
1889.09,5.5,0.2225,0.29,7.706792893,1889.7083333333164,3.4299999999999997,237.70012383022524,9.61605046404093,686.4184325287115,12.533279256502784,36.19297189696842,17.3507880263486,,22.236764738619257,,0.01396010132921139,1.0030682597249694,4.119259023525739,0.06086723944556449,0.03941832854095262,0.021448910904611873
1889.1,5.4,0.2217,0.2933,7.706792893,1889.7916666666497,3.4275,233.37830339694844,9.581475900574716,676.2438393083654,12.67589933080092,36.73005890169325,17.053214402955494,,21.840470810168476,,0.009590759257984194,1.0030662010947902,4.13189798008434,0.06092296094744909,0.03804392053629835,0.02287904041115074
1889.11,5.35,0.2208,0.2967,7.706792893,1889.874999999983,3.4250000000000003,231.21739318030998,9.542579516675223,672.2865605450052,12.822841225532333,37.2836303763931,16.90602117024937,,21.638643677166282,,0.005033391836815351,1.0030641424686324,4.144567210194436,0.06252022234958443,0.036687601738395026,0.025832620611189405
1889.12,5.32,0.22,0.3,7.801941983,1889.9583333333162,3.4225,227.11683243235927,9.392049461488542,662.6394799406705,12.807340174757101,37.366887966579164,16.61033807660339,,21.24815598812762,,0.004389764903388396,1.0030620838464972,4.106566537978267,0.05560377887709422,0.03662024249758944,0.018983536379504784
1890.01,5.38,0.22,0.2992,7.611651901,1890.0416666666495,3.42,235.42022130105286,9.626849198184319,689.2061919390247,13.092514909530674,38.32908784909967,17.2200719821819,,22.015486326741602,,-0.0029555589998916526,1.0014510943480162,4.222119060968099,0.05316383043716488,0.03398173910976676,0.01918209132739812
1890.02,5.32,0.22,0.2983,7.611651901,1890.1249999999827,3.4366666666666665,232.79471697427533,9.626849198184319,683.8684735999678,13.05313234462901,38.345482269712484,17.026814982671407,,21.755939559525373,,-0.0024631020800412323,1.0014660798155122,4.228245754074122,0.05492262491872468,0.03290173893789117,0.022020885980833516
1890.03,5.28,0.22,0.2975,7.611651901,1890.208333333316,3.4533333333333336,231.04438075642364,9.626849198184319,681.0832949794166,13.018125620271974,38.375431866737955,16.90112228858991,,21.58278993223558,,-0.0031144040035788467,1.0014810640939893,4.2344446998291945,0.05652632867781193,0.03305738106633749,0.023468947611474444
1890.04,5.39,0.22,0.2967,7.611651901,1890.2916666666492,3.4699999999999998,235.85780535551578,9.626849198184319,697.6374028434997,12.983118895914943,38.40241510643161,17.257854542603198,,22.023576461344497,,-0.000757033008033002,1.0014960471849268,4.240716183832094,0.05566384924301637,0.03321115024381305,0.022452698999203324
1890.05,5.62,0.22,0.2958,7.706792893,1890.3749999999825,3.4866666666666664,242.88630835015744,9.50800495320901,720.7704436332687,12.783944841632842,37.93663651721012,17.78643048785862,,22.677242329476783,,0.0014888374225166534,1.0015110290898022,4.194630184286729,0.05002171534259392,0.03714371642727765,0.012877998915316269
1890.06,5.58,0.22,0.295,7.706792893,1890.4583333333157,3.5033333333333334,241.1575801768467,9.50800495320901,717.9916726465449,12.749370278166625,37.958341116618406,17.684360844450165,,22.52531418607803,,0.003649474647291595,1.0015260098100913,4.200968392516149,0.04891962252619808,0.03856788392862098,0.010351738597577098
1890.07,5.54,0.22,0.2942,7.706792893,1890.541666666649,3.5199999999999996,239.42885200353598,9.50800495320901,715.2037718865673,12.714795714700413,37.98067683917475,17.589295440864863,,22.381223142941963,,0.0037884300307325924,1.0015409893472669,4.207379111495012,0.048431560238712645,0.03744297468389557,0.010988585554817076
1890.08,5.41,0.22,0.2933,7.992232066,1890.6249999999823,3.536666666666667,225.460043279479,9.168430595468648,675.7594724053943,12.223184971140702,36.63590633207064,16.596791133979103,,21.097417913470892,,0.010599942338932952,1.0015559677028012,4.063366323894735,0.05752302434111667,0.0426487529392785,0.014874271401838168
1890.09,5.32,0.22,0.2925,8.087381157,1890.7083333333155,3.5533333333333337,219.10088267155479,9.060562817244747,658.9625585642077,12.04643010929131,36.230554206772695,16.169702000615302,,20.535953743709662,,0.012180107583306336,1.0015709448781633,4.0218083728124885,0.056785962529206424,0.042748953207462304,0.01403700932174412
1890.1,5.08,0.22,0.2917,8.087381157,1890.7916666666488,3.57,209.21663232546962,9.060562817244747,631.5057852906991,12.013482608137695,36.26185778923168,15.48284916334444,,19.649063391074282,,0.014756977765159676,1.0015859208748206,4.028126412076713,0.06680295760561172,0.04417315415425471,0.02262980345135701
1890.11,4.71,0.22,0.2908,7.897091074,1890.874999999982,3.586666666666667,198.652560518767,9.278888177097398,601.9528456907603,12.265003099545106,37.165156587446525,14.745043493292803,,18.703194594453652,,0.014479293188767395,1.0016008956942393,4.1317312756751186,0.08043540495526202,0.04183155666264793,0.038603848292614096
1890.12,4.6,0.22,0.29,7.897091074,1890.9583333333153,3.6033333333333335,194.0131164302183,9.278888177097398,590.2375567618885,12.231261687992022,37.21062857846688,14.442991231338441,,18.311029377300343,,0.014743783055440982,1.001615869337882,4.1383457464841005,0.09065595207307364,0.043266469458853374,0.04738948261422027
1891.01,4.84,0.22,0.2942,7.801941983,1891.0416666666486,3.62,206.6250881527479,9.392049461488542,630.9874875647757,12.559731598045133,38.354652653214266,15.428980086469094,,19.546976727737324,,0.00994938082518878,1.003155368352917,4.195583789312564,0.08554876990816451,0.04084676662798237,0.044702003280182145
1891.02,4.9,0.22,0.2983,7.897091074,1891.1249999999818,3.618333333333333,206.66614576262387,9.278888177097398,633.4741751086249,12.581328832855244,38.564356415286284,15.47652233243254,,19.590760596774185,,0.009970047115819267,1.0031539903074633,4.158111877717503,0.08958470893472548,0.04328585441142119,0.04629885452330429
1891.03,4.81,0.22,0.3025,7.992232066,1891.208333333315,3.616666666666667,200.45523256456448,9.168430595468648,616.7783776359882,12.606592068769388,38.78907676400966,15.051623357657382,,19.03883651651369,,0.012986888034787779,1.0031526122631842,4.121571478991527,0.09672540486500347,0.044417938971399895,0.05230746589360358
1891.04,4.97,0.22,0.3067,8.087381157,1891.2916666666483,3.6149999999999998,204.68635091684723,9.060562817244747,632.1202516118832,12.631248254768016,39.00830607029468,15.40894512547413,,19.47415288315956,,0.011648752704439276,1.00315123422008,4.0859214985901,0.10461707356759886,0.046853315298751586,0.057763758268847276
1891.05,4.95,0.22,0.3108,7.992232066,1891.3749999999816,3.6133333333333333,206.28968839804458,9.168430595468648,639.4312649740572,12.952491950325706,40.148532758371104,15.566495230713253,,19.657392023024784,,0.010822741109611199,1.0031498561781502,4.147594179109879,0.09802429218534892,0.045498409289771224,0.05252588289557769
1891.06,4.85,0.22,0.315,7.801941983,1891.4583333333148,3.611666666666667,207.05199949190646,9.392049461488542,644.22020875038,13.447707183494957,41.841106341519534,15.658211395638148,,19.75748390427354,,0.008097887936257757,1.003148478137396,4.262137348095381,0.1080098855166145,0.042866396856341415,0.06514348866027309
1891.07,4.77,0.22,0.3192,7.706792893,1891.541666666648,3.61,206.1508346673044,9.50800495320901,643.881592459387,13.795250823019616,43.08742228784829,15.61791923864599,,19.690897636411627,,0.006103937149086601,1.0031471000978167,4.328343184683838,0.09937943185506115,0.04016348611416842,0.05921594574089273
1891.08,4.93,0.22,0.3233,7.706792893,1891.6249999999814,3.6083333333333334,213.06574736054733,9.50800495320901,667.9540349447659,13.972445460783964,43.803152027919424,16.163998509963037,,20.36026349443654,,0.002040896709183511,1.0031457220594129,4.341964913943741,0.09585516806571204,0.0387584702306214,0.05709669783509064
1891.09,5.33,0.22,0.3275,7.611651901,1891.7083333333146,3.6066666666666665,233.23230102873825,9.626849198184319,733.6904979735926,14.330877783660746,45.08135798993463,17.71126141325653,,22.282941160980997,,-0.00826683321118616,1.0031443440221843,4.410066158120088,0.0840998616835682,0.03608397692971277,0.04801588475385543
1891.1,5.33,0.22,0.3317,7.611651901,1891.7916666666479,3.6049999999999995,233.23230102873825,9.626849198184319,736.2141363343522,14.514663086535174,45.816553287449274,17.716568589826363,,22.264637311753674,,-0.009170423000387888,1.0031429659861315,4.423932923281811,0.08286289799011626,0.035972016765844606,0.04689088122427165
1891.11,5.25,0.22,0.3358,7.51650281,1891.8749999999811,3.6033333333333335,232.63973043070007,9.748712513286481,736.908020265435,14.880080281643636,47.13404061050154,17.671739174764,,22.185040648627997,,-0.009328328165197346,1.0031415879512546,4.49401440640471,0.08410648408110499,0.033305277516018306,0.05080120656508669
1891.12,5.41,0.22,0.34,7.51650281,1891.9583333333144,3.601666666666667,239.72970316763573,9.748712513286481,761.9394990490547,15.066192065988197,47.88529199199235,18.20630300020994,,22.828744233682695,,-0.010973154464467436,1.0031402099175537,4.508132747916636,0.07780981928363606,0.03195851091253088,0.04585130837110518
1892.01,5.51,0.2217,0.3425,7.326212727,1892.0416666666476,3.6,250.50274007693307,10.079211882950284,798.8493244346125,15.571177581914624,49.6562420360898,19.016388404225275,,23.81522219945758,,-0.01578071542309089,1.0019594526744053,4.639750575052512,0.0766373167458767,0.03043996194385512,0.046197354802021584
1892.02,5.52,0.2233,0.345,7.326212727,1892.124999999981,3.6125000000000003,250.95737299903274,10.151953150486234,802.9970100528582,15.684835812439546,50.187313128303636,19.036425040978443,,23.810068229783095,,-0.016860961424131328,1.0019704792347714,4.648841946725372,0.07735600264397702,0.030423648145837978,0.04693235449813904
1892.03,5.58,0.225,0.3475,7.135922645,1892.2083333333142,3.625,260.45006615959466,10.50201879675785,836.1714157307318,16.21978458610379,52.0733990979264,19.73805484932302,,24.656692455919984,,-0.021394100412433795,1.0019815052999086,4.782215014580441,0.0734855343525147,0.02769892676172847,0.04578660759078623
1892.04,5.57,0.2267,0.35,7.040773554,1892.2916666666474,3.6374999999999997,263.4967270671577,10.724364098047513,848.8218815396591,16.557244968313316,53.33710207161232,19.94326524163865,,24.881133648672147,,-0.024221072749668886,1.0019925308702788,4.856445963670827,0.07453344597651435,0.025075276650222245,0.0494581693262921
1892.05,5.57,0.2283,0.3525,7.040773554,1892.3749999999807,3.65,263.4967270671577,10.800054360759802,851.7211340165518,16.67551100380127,53.90156189242989,19.911465213489816,,24.810091390835648,,-0.025143580225281507,1.0020035559463432,4.866122582173282,0.07298534383410771,0.02384591749367071,0.049139426340437
1892.06,5.54,0.23,0.355,7.040773554,1892.458333333314,3.6625,262.07753464130224,10.88047526489161,850.0645848330965,16.79377703928922,54.47164758407026,19.76928439713675,,24.60363200280861,,-0.02577697882883575,1.0020145805285625,4.87587213100843,0.0716492212580202,0.022632157413557286,0.049017063844462916
1892.07,5.54,0.2317,0.3575,7.231071736,1892.5416666666472,3.675,255.1805102158649,10.6724411944072,830.5783889355372,16.466973357792725,53.5977931488185,19.211886434505566,,23.88278857793308,,-0.020998101755070636,1.0020256046173972,4.757119439542385,0.07687902407356706,0.025345671985546492,0.05153335208802057
1892.08,5.62,0.2333,0.36,7.326212727,1892.6249999999804,3.6875,255.50370222002974,10.606586072585932,834.5072537391652,16.36678519558909,53.455980666565736,19.20430380317383,,23.84698501493532,,-0.02071509094524409,1.0020366282133073,4.704852579006287,0.08081104988555432,0.027870499187624853,0.05294055069792947
1892.09,5.48,0.235,0.3625,7.326212727,1892.7083333333137,3.7,249.13884131063398,10.68387366934288,816.626723168983,16.480443426114014,54.01955969867815,18.69427180958821,,23.191984913721978,,-0.016774511432559945,1.0020476513167518,4.714434614508143,0.08246664449733476,0.02665126432467768,0.05581538017265708
1892.1,5.59,0.2367,0.365,7.326212727,1892.791666666647,3.7125,254.13980345373062,10.761161266099828,835.9582745673581,16.59410165663894,54.58403760591874,19.04021491532471,,23.59682127977733,,-0.016971520676857095,1.0020586739281898,4.72408813275428,0.06957556491189676,0.01973224446061672,0.04984332045128004
1892.11,5.57,0.2383,0.3675,7.51650281,1892.8749999999802,3.725,246.81967590457134,10.559628145073491,814.7742500838839,16.284781130149007,53.75754702079485,18.463312690799995,,22.858807224266286,,-0.01205952689253064,1.0020696960480802,4.613970820350112,0.07202588336820726,0.025727722107278694,0.04629816126092856
1892.12,5.51,0.24,0.37,7.611651901,1892.9583333333135,3.7375,241.10881400907087,10.502017307110165,798.8111840756659,16.190610015128172,53.64067842250388,18.01300925127574,,22.281362092837362,,-0.008686892998924355,1.0020807176768802,4.565724242397063,0.07081441960388823,0.02585311813181157,0.044961301472076665
1893.01,5.61,0.2408,0.3608,7.897091074,1893.0416666666467,3.75,236.61164851598366,10.156164877477515,786.7157548941053,15.217376610439732,50.59662109907187,17.656643708098773,,21.82018974489352,,-0.004102154836255777,1.00346968908532,4.4098534317855815,0.0769510590631064,0.02848047383769914,0.04847058522540726
1893.02,5.51,0.2417,0.3517,7.992232066,1893.12499999998,3.7458333333333336,229.62751173196474,10.072771249658055,766.2849639637058,14.656986547392378,48.91151031325505,17.12519385487245,,21.148920730797133,,-0.0020583817590019635,1.0034662840811108,4.372476406690109,0.07950455644409549,0.029566725037911024,0.04993783140618446
1893.03,5.31,0.2425,0.3425,7.801941983,1893.2083333333132,3.7416666666666667,226.6899210932007,10.352599974595325,759.360947252607,14.621713366181027,48.979496126933704,16.899589031582323,,20.861750450681814,,-0.0026649839599117986,1.0034628790950846,4.494647416243394,0.08015422570368647,0.03039212595054641,0.049762099753140054
1893.04,5.31,0.2433,0.3333,7.706792893,1893.2916666666465,3.7375000000000003,229.48866500699924,10.514989114162509,771.6713585722424,14.404627504111648,48.43654685727465,17.102541578254918,,21.104034801510576,,-0.003588799163466584,1.0034594741272465,4.565895511981077,0.07431920692221605,0.028984664515630643,0.04533454240658541
1893.05,4.84,0.2442,0.3242,7.611651901,1893.3749999999798,3.7333333333333334,211.79068236005497,10.685802609984593,715.1549913638529,14.18647504568798,47.903563677719234,15.780987310776252,,19.47376764016999,,0.0010804606415404303,1.0034560691776027,4.6389594451887906,0.08329609490993883,0.02993018558755467,0.053365909322384164
1893.06,4.61,0.245,0.315,7.421361818,1893.458333333313,3.729166666666667,206.89868317373012,10.995700081901058,701.7302499112433,14.137328676729933,47.94903009154916,15.41650386359769,,19.029235819010783,,0.003033680296041702,1.003452664246159,4.774349998094368,0.07962343257523918,0.02718448252896466,0.052438950046274524
1893.07,4.18,0.2458,0.3058,7.231071736,1893.5416666666463,3.7250000000000005,192.53691926034568,11.321907835931334,656.2200178768808,14.085595672204239,48.007674992045494,14.349854182760948,,17.725059871200944,,0.007334390771946087,1.0034492593329205,4.916907962821066,0.08223393161314485,0.024379812473846796,0.057854119139298055
1893.08,4.08,0.2467,0.2967,6.945632562,1893.6249999999795,3.7208333333333337,195.65401536425242,11.830354311363008,670.2040569615095,14.22807508788571,48.737633259921544,14.588056535807814,,18.033912740781627,,0.0023197397456332647,1.0034458544378932,5.136630914452232,0.07689826784916187,0.020124175219046636,0.056774092630115236
1893.09,4.37,0.2475,0.2875,7.231071736,1893.7083333333128,3.716666666666667,201.28859740854327,11.400212324625732,692.759308126,13.242670882141002,45.576270271447356,15.012069079138767,,18.567014551942304,,0.0053443003566988195,1.0034424495610827,4.950869043250731,0.06995766175317164,0.02291964142433156,0.04703802032884008
1893.1,4.5,0.2483,0.2783,7.326212727,1893.791666666646,3.7125000000000004,204.58481494486367,11.288535455735476,707.3412164838921,12.652434222034566,43.74512456610381,15.27179415352019,,18.897533570630856,,0.005529562016369893,1.0034390447024946,4.903396959287622,0.0659359281154015,0.025305820298042736,0.04063010781735876
1893.11,4.57,0.2492,0.2692,7.135922645,1893.8749999999793,3.7083333333333335,213.3076706719261,11.631569262898028,740.8513252980664,12.565082044832058,43.640520081015204,15.942411400571675,,19.73791773443032,,0.001258378497180808,1.0034356398621347,5.0514660734074015,0.06308396429185592,0.023672093881791145,0.039411870410064775
1893.12,4.41,0.25,0.26,7.040773554,1893.9583333333126,3.704166666666667,208.62128660074782,11.826603548795228,727.9977434338518,12.299667690747036,42.92050188045385,15.612694335464935,,19.343520628210015,,0.0003074989231913877,1.0034322350400087,5.137321195415279,0.07023861221615002,0.02216461985327367,0.04807399236287635
1894.01,4.32,0.2467,0.2517,6.850483471,1894.0416666666458,3.7,210.0404454796764,11.99467081014726,736.4380082331745,12.237773177600587,42.90774228525231,15.739869351948224,,19.517070327772895,,-0.002831422459346672,1.0047429489760904,5.2981460010668515,0.06875576790712623,0.01686728883389632,0.05188847907322991
1894.02,4.38,0.2433,0.2433,6.755342479,1894.124999999979,3.6800000000000006,215.9569303162786,11.995963731952187,760.6872170001354,11.995963731952187,42.254611848432184,16.20273659644993,,20.10579074425324,,-0.005802921443880442,1.004727838446956,5.398246853851432,0.06044716139213002,0.012891990188189428,0.047555171203940594
1894.03,4.51,0.24,0.235,6.565052397,1894.2083333333123,3.66,228.81197615215316,12.176247067963805,809.5419986016574,11.922575254047892,42.182343607846896,17.18762208812194,,21.34101664557583,,-0.011905071655421227,1.004712729940988,5.580978518168151,0.05519267464560085,0.01089638514334057,0.04429628950226028
1894.04,4.57,0.2367,0.2267,6.565052397,1894.2916666666456,3.64,231.85603791914411,12.008823670779302,823.8525830447875,11.501480042947478,40.86813579349088,17.43484907805246,,21.65977827688906,,-0.010514783387850009,1.0046976234612084,5.607280162730732,0.05757125258666895,0.011807735519989926,0.04576351706667903
1894.05,4.4,0.2333,0.2183,6.565052397,1894.3749999999789,3.62,223.2311962460031,11.83632683731648,796.7108167831715,11.075311395568743,39.527720750855984,16.80875192091801,,20.896769439678707,,-0.006114954823300656,1.0046825190106428,5.633621053576745,0.06177939942559063,0.013920429738360163,0.04785896968723047
1894.06,4.34,0.23,0.21,6.565052397,1894.458333333312,3.6000000000000005,220.18713447901214,11.668903440131979,789.3170989759034,10.654216184468327,38.19276285367273,16.606319695292534,,20.661031027566583,,-0.005189733127550063,1.004667416592323,5.660000591258875,0.06338137568501745,0.013679316075972281,0.04970205960904517
1894.07,4.25,0.2267,0.2017,6.565052397,1894.5416666666454,3.58,215.62104182852568,11.501480042947478,776.384605109618,10.233120973367914,36.8462999648494,16.289679714916957,,20.285465268221337,,-0.0027700206733355243,1.0046523162092853,5.6864181719310745,0.06990550226585568,0.0134403626481856,0.05646513961767008
1894.08,4.41,0.2233,0.1933,6.755342479,1894.6249999999786,3.5599999999999996,217.43608737323945,11.009859027311647,786.2236131903398,9.530701970350833,34.461910301517605,16.457777072998372,,20.510549550602164,,-0.00041677578936872434,1.0046372178645702,5.551948243787691,0.07128751878257256,0.014915167923215567,0.05637235085935699
1894.09,4.48,0.22,0.185,6.850483471,1894.7083333333119,3.54,217.81972123818295,10.696504167946483,790.833898271505,8.994787595773179,32.65720338844384,16.522315444877226,,20.60726506505565,,0.0019768623530273255,1.0046221215612239,5.500229622322007,0.07445238348947858,0.014925954105185602,0.05952642938429298
1894.1,4.34,0.2167,0.1767,6.660193388,1894.7916666666451,3.5200000000000005,217.04175701632045,10.837084964386323,791.2881915444157,8.836700107093046,32.21673351287978,16.502904205708436,,20.602914844137334,,0.0005772497776943969,1.0046070273022971,5.683527174119334,0.08090851314592973,0.011838582492177174,0.06906993065375255
1894.11,4.34,0.2133,0.1683,6.660193388,1894.8749999999784,3.5,217.04175701632045,10.667052251516392,794.5290089648539,8.416619287061458,30.810882997415877,16.54278444744456,,20.67227634781902,,0.0028246636689232205,1.0045919350908457,5.709711338983849,0.08406461337980109,0.009312358491794681,0.07475225488800641
1894.12,4.3,0.21,0.16,6.565052397,1894.9583333333117,3.4800000000000004,218.1577599676848,10.654216184468327,801.8645576308411,8.117498045309203,29.836820749054557,16.672466333767737,,20.85501361117496,,0.0022655090778564563,1.0045768449299304,5.81905527974076,0.08446367646293895,0.007634070197377163,0.07682960626556179
1895.01,4.25,0.2083,0.1675,6.565052397,1895.041666666645,3.46,215.62104182852568,10.567967767736919,795.7775353978178,8.498005766183072,31.362996983325765,16.524443935162722,,20.692167083108185,,0.00300278915190421,1.0019057103862152,5.845688193394826,0.08796999613205236,0.007409079986725464,0.0805609161453269
1895.02,4.19,0.2067,0.175,6.565052397,1895.1249999999782,3.4716666666666667,212.57698006153475,10.486792787283825,787.7682685562552,8.87851348705694,32.90201598981973,16.33123769321141,,20.472046385423727,,0.0024857878192883973,1.0019159687965034,5.856828382099555,0.09408334193457857,0.007544073682910657,0.08653926825166791
1895.03,4.19,0.205,0.1825,6.565052397,1895.2083333333114,3.4833333333333334,212.57698006153475,10.400544370552415,790.9801320219281,9.25902120793081,34.451998590453904,16.3646254271748,,20.534641990203493,,0.00449094401972347,1.001926226799871,5.868049882526133,0.0982633510963371,0.008816251758872573,0.08944709933746453
1895.04,4.37,0.2033,0.19,6.850483471,1895.2916666666447,3.495,212.4714691542097,9.884542260652363,793.6524941953335,9.237889963226507,34.5066301824058,16.387543823686304,,20.57845339795946,,0.007325555809035135,1.0019364843966725,5.634384956546428,0.09687445683860285,0.013251792109497007,0.08362266472910584
1895.05,4.61,0.2017,0.1975,6.945632562,1895.374999999978,3.506666666666667,221.06985559539305,9.672405612492575,828.7811710544618,9.47099706726467,35.506351688341915,17.080369553382397,,21.46014976867637,,0.008376111407965604,1.001946741587262,5.567960239625587,0.08821791803637402,0.01594289640178448,0.07227502163458954
1895.06,4.7,0.2,0.205,7.040773554,1895.4583333333112,3.518333333333333,222.34014671735028,9.461282839036183,836.4992644219407,9.697814910012086,36.485606214148476,17.20741353978339,,21.628273210067622,,0.011519126998025965,1.0019569983719931,5.503414077452792,0.08881905554683156,0.01745680141711725,0.07136225412971431
1895.07,4.72,0.1983,0.2125,6.945632562,1895.5416666666445,3.53,226.34484130374295,9.509360599689034,854.547310312712,10.190313300221478,38.47273377996849,17.546014648740556,,22.060403147384225,,0.007755338058063575,1.0019672547512195,5.58971732115309,0.09019010633265645,0.016202722618998022,0.07398738371365843
1895.08,4.79,0.1967,0.22,6.850483471,1895.6249999999777,3.541666666666667,232.89206802028932,9.563647135613971,882.2747549610018,10.696504167946483,40.52201379779132,18.074072547241798,,22.7283696447251,,0.0046143262527669,1.0019775107252942,5.678504260695588,0.08976394336906623,0.013770134429317515,0.07599380893974872
1895.09,4.82,0.195,0.2275,6.850483471,1895.708333333311,3.5533333333333332,234.35068222500934,9.480992330679836,890.7935874071286,11.061157719126477,42.04471807782608,18.20033594660547,,22.888669564420354,,0.005293774765856428,1.0019877662945698,5.689733563774742,0.09063690553370107,0.01505595747176236,0.07558094806193871
1895.1,4.75,0.1933,0.235,6.850483471,1895.7916666666442,3.5649999999999995,230.9472490806627,9.398337525745704,880.8337635313299,11.42581127030647,43.57809145891842,17.944706622466477,,22.567892520739914,,0.00595980732627055,1.0019980214593986,5.701043424377896,0.09370967769665195,0.015180906399945293,0.07852877129670666
1895.11,4.59,0.1917,0.2425,6.850483471,1895.8749999999775,3.5766666666666667,223.16797332215614,9.32054476816064,854.1259566276246,11.790464821486465,45.12539095472745,17.3429989919217,,21.81294655605139,,0.006596607147556527,1.0020082762201332,5.712434231480766,0.0955636964387181,0.014144552514070652,0.08141914392464744
1895.12,4.32,0.19,0.25,6.755342479,1895.9583333333107,3.588333333333334,212.998616202357,9.367994694085146,818.1928230643856,12.32630880800677,47.349121705114904,16.548415156667968,,20.818648077628062,,0.005561347625954172,1.0020185305771252,5.804520814331399,0.1020434556377916,0.011706016420445886,0.09033743921734572
1896.01,4.27,0.1892,0.2467,6.660193388,1896.041666666644,3.6,213.54108351605717,9.461820374997195,823.3054180469003,12.337373607356279,47.56661513633965,16.576224828568193,,20.858552156094373,,0.006260411634968634,1.004389296452507,5.899329554355938,0.1054217959988839,0.010392143209894567,0.09502965278898934
1896.02,4.45,0.1883,0.2433,6.565052397,1896.1249999999773,3.5833333333333335,225.76791438516221,9.553280512073268,873.5152179162246,12.343670465148307,47.758708431239874,17.51540335263728,,22.04059203127031,,0.001780523381933248,1.0043764949070104,6.011092026168325,0.09843401141894681,0.008616655488722813,0.089817355930224
1896.03,4.38,0.1875,0.24,6.565052397,1896.2083333333105,3.5666666666666664,222.21650899033943,9.512693021846722,862.8416471355067,12.176247067963805,47.27899436358941,17.232362712298613,,21.68500769922261,,0.004059869954454724,1.0043636945405117,6.0373995398064215,0.09739365528308341,0.008297103694313135,0.08909655158877028
1896.04,4.42,0.1867,0.2367,6.469903306,1896.2916666666438,3.55,227.5437368027954,9.611406258163326,886.636672589049,12.18543043014065,47.48119918593392,17.643699378130005,,22.201842765217215,,0.002630457406601623,1.0043508953544789,6.152920863748466,0.09325569142388934,0.006510264064587101,0.08674542735930224
1896.05,4.4,0.1858,0.2333,6.374754215,1896.374999999977,3.533333333333333,229.8950595697594,9.707841379104838,898.9509923846829,12.189663044914742,47.66483330076057,17.828266894232836,,22.432252972027985,,0.003180212721365719,1.0043380973503815,6.271929179645656,0.08795727833794875,0.003585771330191223,0.08437150700775753
1896.06,4.32,0.185,0.23,6.279613223,1896.4583333333103,3.5166666666666666,229.13490829815714,9.81249028591645,899.176052680244,12.199312247355588,47.872799101031504,17.77757861643047,,22.36626040060287,,0.0032653672633127795,1.0043253005296922,6.394574217655608,0.0896996365690601,0.001769623504406681,0.08793001306465342
1896.07,4.04,0.1842,0.2267,6.279613223,1896.5416666666436,3.5,214.28357164920249,9.770057895490865,844.0911123233395,12.02427863685005,47.365211674183435,16.637100103394587,,20.933061531248505,,0.006053299737138161,1.0043125048938841,6.4222326729063886,0.09783469588933591,0.0048652627988323704,0.09296943309050354
1896.08,3.81,0.1833,0.2233,6.279613223,1896.6249999999768,3.4833333333333334,202.08425940184688,9.722321456262081,799.2278786367976,11.843940977541315,46.841885905406016,15.703370546226877,,19.76426504009168,,0.008576166713634752,1.0042997104444336,6.44992858273796,0.10958433281852109,0.0022823428152958236,0.10730199000322527
1896.09,4.01,0.1825,0.22,6.279613223,1896.70833333331,3.466666666666667,212.69235700824305,9.679889065836498,844.3723667509606,11.66890736703578,46.32466850005271,16.54433994303202,,20.824903901677768,,0.005505869389791779,1.0042869171828182,6.477661408031009,0.10597480400938974,0.0008642533750038428,0.1051105506343859
1896.1,4.1,0.1817,0.2167,6.469903306,1896.7916666666433,3.4499999999999997,211.0699821021405,9.354003840965595,841.0262192020568,11.155820761349721,44.45131261002091,16.438866804725894,,20.692151790835567,,0.008989479904527212,1.0042741251105176,6.314095608974949,0.10100257251141098,0.0013565299172224599,0.09964604259418852
1896.11,4.38,0.1808,0.2133,6.660193388,1896.8749999999766,3.4333333333333336,219.0421418736137,9.041739554965606,875.7942630571472,10.667052251516392,42.649980892714495,17.08942524237112,,21.50667516983616,,0.009693020080220334,1.0042613342290143,6.159910150227173,0.09796107338676685,0.002885998081023189,0.09507507530574366
1896.12,4.22,0.18,0.21,6.660193388,1896.9583333333098,3.4166666666666665,211.04060244444057,9.00173185781974,846.8010739833375,10.502020500789698,42.13938993755946,16.501404180590093,,20.765764121097316,,0.010736338168094939,1.0042485445397913,6.18615958619799,0.09985613087975387,0.0015242332623721655,0.0983318976173817
1897.01,4.22,0.18,0.2183,6.469903306,1897.041666666643,3.4,217.24764011488608,9.266487019118365,874.805315949672,11.238189534852996,45.2535546141738,17.026521282380557,,21.42590894619321,,0.003822704751421782,1.0031837326593216,6.395159491762335,0.09467740758149756,-0.0005916575122566492,0.09526906509375421
1897.02,4.18,0.18,0.2267,6.469903306,1897.1249999999764,3.3958333333333335,215.18842077730423,9.266487019118365,869.6228200021029,11.670625595745186,47.163515142219325,16.894025883254095,,21.257060362377867,,0.00316693280238816,1.003180329202354,6.4155199698978285,0.08991823036327773,-0.0028663324199870166,0.09278456278326475
1897.03,4.19,0.18,0.235,6.469903306,1897.2083333333096,3.3916666666666666,215.7032256116997,9.266487019118365,874.823913423168,12.097913608293421,49.06530302015382,16.958030716721037,,21.333760247195983,,0.0029851886508370715,1.0031769257640506,6.43592343540638,0.07964134355712282,-0.00195869632266632,0.08160003987978914
1897.04,4.06,0.18,0.2433,6.374754215,1897.2916666666429,3.3874999999999997,212.13044133027796,9.404797891490157,863.5124060873893,12.712151816664194,51.74693802981818,16.696857434734657,,21.001906820502267,,0.002501457848211215,1.0031735223444171,6.552737166616118,0.0820072695885028,-0.003582512916880831,0.08558978250538363
1897.05,4.08,0.18,0.2517,6.279613223,1897.3749999999761,3.3833333333333333,216.40519117048171,9.547287845756546,884.1521421106005,13.350290837649569,54.544385825793654,17.047755129229387,,21.436906305372037,,-0.00015688683077025312,1.0031701189434596,6.673126519417112,0.07386058309522703,-0.007316470669228692,0.08117705376445572
1897.06,4.27,0.18,0.26,6.279613223,1897.4583333333094,3.3791666666666664,226.48288389655804,9.547287845756546,928.57645317253,13.79052688831501,56.54095499411191,17.85049728069061,,22.43319698413387,,-0.0015985160058095693,1.0031667155611836,6.694281124208418,0.06449991054971393,-0.008485868004217134,0.07298577855393107
1897.07,4.46,0.18,0.2683,6.279613223,1897.5416666666426,3.375,236.56057662263441,9.547287845756546,973.1568215332723,14.230762938980451,58.54214690972577,18.651975755820285,,23.42066631796416,,-0.002794348769244427,1.0031633121975951,6.715480008415387,0.06396598452000113,-0.008625925653494515,0.07259191017349564
1897.08,4.75,0.18,0.2767,6.565052397,1897.624999999976,3.3708333333333336,240.98822322011694,9.132185300972854,994.5018061042329,14.038198182106603,57.932347315587634,19.00639601051944,,23.838146387477522,,-0.0005732139020454205,1.0031599088527,6.443819992403067,0.05391874035028987,-0.0043480874288223115,0.058266827779112185
1897.09,4.98,0.18,0.285,6.755342479,1897.7083333333092,3.3666666666666667,245.54007145549488,8.874942341764873,1016.3382817759872,14.051992041127717,58.16393781248118,19.372370293397797,,24.26674891110819,,0.002458461223091103,1.0031565055265037,6.28209344725189,0.05101369240214493,-0.001636509967011035,0.05265020236915596
1897.1,4.82,0.18,0.2933,6.660193388,1897.7916666666424,3.3625000000000003,241.04637530383977,9.00173185781974,1000.8429900614367,14.667821966102945,60.90191887656003,19.028031223902424,,23.807217097742292,,0.0008620890733763292,1.0031531022190128,6.3919536645254835,0.040080107097376194,-0.004209115288293486,0.04428922238566968
1897.11,4.65,0.18,0.3017,6.660193388,1897.8749999999757,3.3583333333333334,232.5447396603433,9.00173185781974,968.6582051113281,15.087902786134533,62.848210856362954,18.358448098050218,,22.943021658320244,,0.0016591271266084423,1.0031496989302324,6.412108147808926,0.042124194539456594,-0.0001846661492059809,0.042308860688662575
1897.12,4.75,0.18,0.31,6.660193388,1897.958333333309,3.3541666666666665,237.5457018035765,9.00173185781974,992.6142682484899,15.502982644022888,64.78114171726988,18.7487576625255,,23.40112190365428,,-0.0017115718291626572,1.0031462956601689,6.432304357982614,0.047616955694373075,0.0018350429548992242,0.04578191273947385
1898.01,4.88,0.1817,0.3133,6.660193388,1898.0416666666422,3.35,244.04695258977966,9.086748214254705,1022.9447291433743,15.668014394749584,65.67389009029081,19.249000021813746,,23.993240200753746,,-0.004173901424534901,1.0045491757317953,6.45254228926902,0.05054032875475878,0.0028001337431431406,0.04774019501161564
1898.02,4.87,0.1833,0.3167,6.755342479,1898.1249999999754,3.3291666666666666,240.11649557997188,9.037649618030564,1009.6267088057601,15.614967997982975,65.65683340426781,18.918131888002133,,23.551290011325076,,-0.0005501052134226775,1.0045335421733654,6.390598443911833,0.04974578612211933,0.005277072232022784,0.044468713890096545
1898.03,4.65,0.185,0.32,6.755342479,1898.2083333333087,3.308333333333333,229.2693438289259,9.12146851792501,967.21340336226,15.777675274248665,66.56092238191897,18.04217492346867,,22.437784146714673,,0.002224576622867659,1.0045179109625422,6.419570491470351,0.05904693624113788,0.0052208557343700335,0.05382608050676785
1898.04,4.57,0.1867,0.3233,6.755342479,1898.291666666642,3.2875,225.32492501036376,9.205287417819456,953.8093509461303,15.940382550514352,67.47627202645161,17.70508942641177,,21.998739622916386,,0.004621868235449439,1.0045022821029856,6.448573539368577,0.06544798558744569,0.004055166505996688,0.061392819081449
1898.05,4.87,0.1883,0.3267,7.231071736,1898.3749999999752,3.2666666666666666,224.31932937748414,8.673373659503133,952.6121859653434,15.048280268505968,63.9052158428907,17.59563527451281,,21.83940261325726,,0.013036233662140295,1.0044866555983616,6.051447727689406,0.07168145213836885,0.01085656649906297,0.06082488563930588
1898.06,5.06,0.19,0.33,6.755342479,1898.4583333333085,3.2458333333333336,249.484490274057,9.367994694085146,1062.7957852079137,16.270727626568934,69.31276860051611,19.544817480547984,,24.234946843797786,,0.0020330445972530017,1.0044710314523426,6.506669627582099,0.06063933623885154,0.003947025832330864,0.056692310406520674
1898.07,5.08,0.1917,0.3333,6.660193388,1898.5416666666417,3.225,254.04887687624603,9.586844428578026,1085.6432268435942,16.668206823396222,71.22930856436417,19.8589430141673,,24.597156500082143,,-0.001123227427590405,1.0044554096686071,6.629132574915737,0.061505967617123236,0.001375942333538216,0.06013002528358502
1898.08,5.27,0.1933,0.3367,6.660193388,1898.624999999975,3.2041666666666666,263.55070494838907,9.666859822869755,1129.6904937883492,16.838239536266148,72.17586133938086,20.544915179153268,,25.417053562570157,,-0.0025961971848833254,1.0044397902508402,6.658668076284495,0.062188029845567705,0.0013240844829440768,0.06086394536262363
1898.09,5.26,0.195,0.34,6.660193388,1898.7083333333082,3.1833333333333336,263.05060873406575,9.751876179304718,1131.0302595542269,17.003271286992845,73.10841981909452,20.44273286269129,,25.26304309181057,,-0.002144569269449635,1.0044241732027328,6.688231165893163,0.061342048655665504,0.0012730567834109419,0.06006899187225456
1898.1,5.15,0.1967,0.3433,6.660193388,1898.7916666666415,3.1625,257.5495503765093,9.836892535739686,1110.9021497545239,17.16830303771954,74.05295301179184,19.947199825773648,,24.62718122980342,,-0.001867315814790181,1.0044085585279816,6.717821058990991,0.0638293415728266,0.0001417266865753053,0.0636876148862513
1898.11,5.32,0.1983,0.3467,6.660193388,1898.8749999999748,3.1416666666666666,266.0511860200057,9.916907930031416,1151.1372999453904,17.33833575058947,75.01866576899754,20.527416324811284,,25.319043685503747,,-0.00420810235156116,1.0043929462302907,6.74743696631006,0.06628364897215988,-0.0009768680664692386,0.06726051703862912
1898.12,5.65,0.2,0.35,6.755342479,1898.958333333308,3.1208333333333336,278.574579060953,9.861047046405417,1208.8784311556028,17.256832331209477,74.88627449636476,21.40363198544817,,26.371858460631405,,-0.00460507118020307,1.0043773363133697,6.681622856660114,0.06272342557680233,-0.0006655227153693488,0.06338894829217168
1899.01,6.08,0.2008,0.3608,6.755342479,1899.0416666666413,3.1,299.7758302107247,9.900491234591039,1304.4618455175344,17.78932887171537,77.40951214847472,22.93280741648717,,28.222949576087537,,-0.004067429276464828,1.0022280750454438,6.7108705670228135,0.05652529312071164,0.000345087580399861,0.05618020554031178
1899.02,6.31,0.2017,0.3717,6.945632562,1899.1249999999745,3.104166666666667,302.59236199716486,9.672405612492575,1320.2252864474863,17.824656252669758,77.76984769770692,23.048117549980184,,28.325993069592652,,-0.00041025988703931315,1.0022316173344918,6.541554951441897,0.051479835829899345,0.002053918205269678,0.04942591762462967
1899.03,6.4,0.2025,0.3825,6.945632562,1899.2083333333078,3.1083333333333334,306.90825939490577,9.71076914491694,1342.586471469527,18.342563940398666,80.24051958392096,23.279682245508713,,28.570389684667102,,0.00031393768145795975,1.0022351596044756,6.556153198866065,0.051539949525162276,0.0020419155161419678,0.04949803400902031
1899.04,6.48,0.2033,0.3933,7.040773554,1899.291666666641,3.1125000000000003,306.54556398477234,9.61739400588028,1344.5058245269395,18.605612702964653,81.60403407198228,23.15242152568648,,28.371517887505835,,0.001854073264290157,1.0022387018554013,6.482016844871181,0.0542034181579476,0.0013069980447215634,0.05289642011322604
1899.05,6.21,0.2042,0.4042,7.040773554,1899.3749999999743,3.116666666666667,293.7728321520735,9.659969778655942,1292.0154595308118,19.12125261769212,84.09543458008922,22.09126936083418,,27.033363884659074,,0.00633417907836159,1.0022422440872751,6.496528148008537,0.061171919402222,0.0002698303404358171,0.06090208906178618
1899.06,6.07,0.205,0.415,7.135922645,1899.4583333333076,3.1208333333333336,283.32112931697844,9.568506014823818,1249.5556443214168,19.370390225131143,85.43090484240328,21.212091925046824,,25.920743190931255,,0.009501504064623321,1.0022457863001029,6.424277197358808,0.06588601617685996,0.000587129924949803,0.06529888625191016
1899.07,6.28,0.2058,0.4258,7.231071736,1899.5416666666408,3.125,289.2659935298974,9.479449278416064,1279.258795176563,19.61297134475005,86.73700557104785,21.561425634523115,,26.307639638375697,,0.010012959005826147,1.0022493284938903,6.353981915147372,0.06527163597209862,0.001904345402575558,0.06336729056952306
1899.08,6.44,0.2067,0.4367,7.326212727,1899.624999999974,3.129166666666667,292.78360183220485,9.397262499800737,1298.278402413706,19.853819708093766,88.03698421336419,21.726237373055444,,26.46662985471454,,0.01092077467682779,1.002252870668643,6.28557327276553,0.06554163428520865,0.0021986043489110596,0.06334302993629759
1899.09,6.37,0.2075,0.4475,7.611651901,1899.7083333333073,3.1333333333333337,278.7410426928823,9.079869130105664,1239.3652621118056,19.58188643721583,87.06686888462058,20.59114051411377,,25.044683828420073,,0.015989821882392695,1.002256412824368,6.06349199305966,0.06991803701451982,0.005029051787194483,0.06488898522732534
1899.1,6.34,0.2083,0.4583,7.706792893,1899.7916666666406,3.1374999999999997,274.00341546975056,9.002351962515622,1221.635961470831,19.806903045707674,88.30847967540721,20.153713460686603,,24.476723296282383,,0.018243647300443047,1.0022599549610702,6.002150524674138,0.07015741059257197,0.004299845672929514,0.06585756491964245
1899.11,6.46,0.2092,0.4692,7.801941983,1899.8749999999739,3.1416666666666666,275.78472509643626,8.930985215197285,1232.8960873797416,20.03068003332011,89.54718950442334,20.196457520802287,,24.49141414818263,,0.019324774289488686,1.0022634970787563,5.942350070275878,0.06800107284532686,0.004555627479092772,0.06344544536623409
1899.12,6.02,0.21,0.48,7.897091074,1899.958333333307,3.145833333333333,253.90412193693786,8.857120532683878,1138.3784610745752,20.244846931848866,90.7677178265442,18.51264964360019,,22.419855109110465,,0.02377170054783695,1.0022670391774313,5.884041353198449,0.07716755110233087,0.0048065722079799755,0.07236097889435089
1900.01,6.1,0.2175,0.48,7.897091074,1900.0416666666404,3.15,257.278263092246,9.173446265994018,1156.9338408906785,20.244846931848866,91.03741698811896,18.674275362444774,,22.58733482432902,,0.02573781156703523,1.0029795584767995,5.897380705467776,0.07452784268981794,0.005764228469135935,0.068763614220682
1900.02,6.21,0.225,0.48,7.992232066,1900.1249999999736,3.145833333333333,258.799790899365,9.376804018092935,1167.289692444363,20.003848571931595,90.22529023724545,18.70379741725143,,22.59574910485335,,0.02689765296308929,1.0029761561500405,5.844539622378424,0.07008089132474593,0.006949334932825346,0.06313155639192058
1900.03,6.26,0.2325,0.48,7.992232066,1900.2083333333069,3.1416666666666666,260.88352512560783,9.689364152029366,1180.3300664239648,20.003848571931595,90.50454183442544,18.77579342123837,,22.658551692872006,,0.026734307147491407,1.0029727538422986,5.861933884919721,0.06986422418760285,0.005014324075594212,0.06484990011200864
1900.04,6.34,0.24,0.48,7.992232066,1900.2916666666401,3.1374999999999997,264.2174998875965,10.001924285965798,1199.1851793061371,20.003848571931595,90.79004512096937,18.936402033322736,,22.830122957226397,,0.02632424991793153,1.002969351553579,5.879359971399416,0.0649775014996945,0.004052548662532018,0.06092495283716248
1900.05,6.04,0.2475,0.48,7.801941983,1900.3749999999734,3.1333333333333337,257.85444885177634,10.56605564417461,1174.3019358074935,20.491744279611364,93.32200814364187,18.403197016950415,,22.17211569415173,,0.024232858651637657,1.0029659492838876,6.040641788323442,0.06787513880126483,0.003509766605165332,0.0643653721960995
1900.06,5.86,0.255,0.48,7.706792893,1900.4583333333067,3.129166666666667,253.2586773900218,11.020642104855897,1157.5546588191291,20.744738079728748,94.81676386231774,17.99271158430398,,21.66709132606768,,0.02428639311129111,1.0029625470332306,6.133357788633393,0.06561153621692162,0.0032222961753032298,0.06238924004161839
1900.07,5.86,0.2625,0.48,7.801941983,1900.54166666664,3.125,250.17004474692206,11.206422652912464,1147.7060043318497,20.491744279611364,94.01004813639726,17.6895454689528,,21.293889709957142,,0.026508372245072742,1.0029591448016137,6.07650678861387,0.06147177297999051,0.00443823474032401,0.057033538239666504
1900.08,5.94,0.27,0.48,7.706792893,1900.6249999999732,3.1208333333333336,256.71613373664326,11.668915169847422,1182.1986470494423,20.744738079728748,95.53120380197514,18.069614666784194,,21.74546984348795,,0.020503000596817943,1.002955742589043,6.169731412099583,0.06236272961900524,0.0041614673758820775,0.058201262243123164
1900.09,5.8,0.2775,0.48,7.801941983,1900.7083333333064,3.116666666666667,247.6085767119706,11.84678966165032,1144.8038929283337,20.491744279611364,94.7423911388966,17.341874151224715,,20.86922595392473,,0.022910446651602398,1.0029523403955243,6.112501789983341,0.06800541543833383,0.006361776127812524,0.0616436393105213
1900.1,6.01,0.285,0.48,7.706792893,1900.7916666666397,3.1125000000000003,259.741408039937,12.317188234838943,1205.644985308805,20.744738079728748,96.29111363531221,18.102398784556055,,21.78469252513003,,0.01930761348008881,1.0029489382210637,6.206236536561333,0.07091507795643648,0.008119179050946945,0.06279589890548953
1900.11,6.48,0.2925,0.48,7.706792893,1900.874999999973,3.1083333333333334,280.0539640763381,12.641324767334705,1304.8198171910078,20.744738079728748,96.65331979192649,19.41958460376076,,23.3654764918472,,0.017974812589310524,1.0029455360656672,6.22453834469296,0.06498425053323276,0.010166633797672686,0.05481761673556007
1900.12,6.87,0.3,0.48,7.611651901,1900.9583333333062,3.104166666666667,300.6202454160285,13.127521633887705,1405.7386255215508,21.00403461422033,98.2175458879686,20.744051160870857,,24.951139917086607,,0.013490267445614504,1.0029421339293405,6.320905039363542,0.054545251575951914,0.008900918904485966,0.04564433267146595
1901.01,7.07,0.3017,0.4817,7.706792893,1901.0416666666395,3.1,305.55270463267135,13.038932247196174,1433.8844100895706,20.818209027094454,97.69478364075617,20.9785818345362,,25.223107928844318,,0.01544136289215732,1.0020149873405235,6.261240315192958,0.05543255675133851,0.010144103392990989,0.045288453358347525
1901.02,7.25,0.3033,0.4833,7.611651901,1901.1249999999727,3.106666666666667,317.24843948561954,13.271924371860472,1493.9598036717546,21.148437352193096,99.5904514640771,21.67914984820619,,26.053251360808797,,0.011385946036258685,1.0020207222232298,6.352276004796133,0.05666056345384174,0.012175146255171132,0.04448541719867061
1901.03,7.51,0.305,0.485,7.611651901,1901.208333333306,3.1133333333333333,328.6256249016556,13.346313661119169,1552.7737384714765,21.222826641451793,100.27899642592091,22.347583950683862,,26.84086878778497,,0.008747130120826369,1.002026457027879,6.365112190087114,0.05068238447058837,0.011214684565742816,0.039467699904845555
1901.04,8.14,0.3067,0.4867,7.51650281,1901.2916666666392,3.12,360.7023629915998,13.590591490113468,1709.689406060302,21.566810819166047,102.22430392254903,24.40971699482722,,29.293804989254244,,0.0024736219890210964,1.0020321917545103,6.458748088379452,0.04395103973848569,0.013299288449727165,0.030651751288758522
1901.05,7.73,0.3083,0.4883,7.51650281,1901.3749999999725,3.126666666666667,342.5343078532022,13.661491217482826,1628.9709925270472,21.637710546535402,102.90123359003327,23.064012684863567,,27.661102045351086,,0.005972805426365087,1.0020379264031627,6.471873502989116,0.0516848399483949,0.013409081904786735,0.038275758043608166
1901.06,8.5,0.31,0.49,7.51650281,1901.4583333333057,3.1333333333333333,376.6548016497049,13.736822177812767,1796.6798430944611,21.71304150686534,103.573308601916,25.238466205960354,,30.240388110984217,,0.004568493362102792,1.0020436609738748,6.4850627048787866,0.043920055045181705,0.013518520118390498,0.030401534926791207
1901.07,7.93,0.3117,0.4917,7.611651901,1901.541666666639,3.14,347.00415518909836,13.639494977609326,1660.6652001603486,21.51600795794195,102.96961903138,23.14484855370811,,27.711150600769948,,0.010564738337857371,1.0020493954666856,6.41708408601071,0.05102524976865297,0.013807567083109928,0.03721768268554304
1901.08,8.04,0.3133,0.4933,7.706792893,1901.6249999999723,3.146666666666667,347.4743628354565,13.540263417456284,1668.3154769375074,21.319540197354566,102.36069959866575,23.07717771384438,,27.608909472820393,,0.011866188520390432,1.0020551298816345,6.35085344637982,0.04254264958651466,0.011957966427019073,0.030584683159495585
1901.09,8,0.315,0.495,7.801941983,1901.7083333333055,3.1533333333333333,341.52907132685607,13.447707183494957,1645.1510715473487,21.13211128834922,101.79372255199219,22.590468316860246,,27.007461920877024,,0.01520542069357353,1.0020608642187594,6.2862938551084,0.03755717103051204,0.012259919407023867,0.02529725162348817
1901.1,7.91,0.3167,0.4967,7.801941983,1901.7916666666388,3.16,337.68686927442894,13.520282111151912,1632.0704068295142,21.204686216006174,102.48411770824522,22.252901618408934,,26.58645500664792,,0.015810256650797064,1.0020665984781,6.299249053183,0.039448782911181146,0.012367766741104624,0.02708101617007652
1901.11,8.08,0.3183,0.4983,7.897091074,1901.874999999972,3.1666666666666665,340.78825668612257,13.424864121682281,1652.4666482259586,21.016681721125607,101.90892708056873,22.375074777652802,,26.71321524902838,,0.017977489621420498,1.0020723326596945,6.236212931197434,0.043781729004302106,0.014753651561353998,0.029028077442948108
1901.12,7.95,0.32,0.5,7.992232066,1901.9583333333053,3.173333333333334,331.313741972617,13.335899047954396,1611.9139239629715,20.83734226242874,101.37823421150765,21.680215141029684,,25.866784338435277,,0.02054744964153321,1.0020780667635822,6.174745576020542,0.048385624474672984,0.01714185538330959,0.031243769091363394
1902.01,8.12,0.3208,0.5108,7.897091074,1902.0416666666385,3.18,342.47532726377665,13.530306032785658,1671.7031397191809,21.543891276642505,105.16083297642336,22.340290796033578,,26.63569950841283,,0.020493974303292264,1.0018008349940293,6.262122561662389,0.04404338172305855,0.01496805110298105,0.0290753306200775
1902.02,8.19,0.3217,0.5217,7.897091074,1902.1249999999718,3.1900000000000004,345.4277007746713,13.568265120782875,1691.6335331655253,22.003618009053238,107.75643641666112,22.459957452460408,,26.75607038946577,,0.020155481430143757,1.0018095695807507,6.273399611108331,0.04126162800789124,0.01377061867643703,0.027491009331454208
1902.03,8.2,0.3225,0.5325,7.897091074,1902.208333333305,3.1999999999999997,345.84946841908476,13.602006532335958,1699.2500150379888,22.459127065019835,110.34763817167428,22.410652288217346,,26.674136055631244,,0.022808465227320156,1.0018183039057333,6.284751764212486,0.042061071410629536,0.011559486573487154,0.03050158483714238
1902.04,8.48,0.3233,0.5433,7.992232066,1902.2916666666383,3.21,353.40132477079146,13.473425506886423,1741.8708271922321,22.641856102355074,111.59887033178536,22.823108698497855,,27.136318879518495,,0.024471114945135063,1.0018270379691732,6.22122848253464,0.03999852354956612,0.00961210473193197,0.030386418817634153
1902.05,8.46,0.3242,0.5542,8.087381157,1902.3749999999716,3.2199999999999998,348.41982469950256,13.351974842503394,1722.8018220069569,22.824381424168358,112.85777420286706,22.427954493329807,,26.637764485324794,,0.026342382656398544,1.0018357717712656,6.159267613660758,0.04146396905071437,0.010669421674553758,0.030794547376160608
1902.06,8.41,0.325,0.565,8.18251405,1902.4583333333048,3.2300000000000004,342.3336911349391,13.229304354203949,1698.159387081494,22.998636800385324,114.08561875161048,21.96374229551463,,26.058791626617584,,0.028371212083532354,1.001844505312206,6.098833271927901,0.04442433297828696,0.012713833691679,0.03171049928660796
1902.07,8.6,0.3258,0.5758,8.18251405,1902.541666666638,3.2399999999999998,350.067745988166,13.26186879569122,1742.0066297574447,23.438256760463485,116.63342062957402,22.385686589401374,,26.529400003167847,,0.02470933589638777,1.0018532385921899,6.110082602296231,0.0423038584455071,0.012580760952309644,0.02972309749319746
1902.08,8.83,0.3267,0.5867,8.087381157,1902.6249999999714,3.25,363.6580439830505,13.454935783608448,1815.2141877591894,24.162873658534057,120.60998459324082,23.168671834092866,,27.424898531949317,,0.02059537247477842,1.001861971611412,6.193412920904672,0.0397743947254563,0.010271060426152445,0.02950333429930385
1902.09,8.85,0.3275,0.5975,8.18251405,1902.7083333333046,3.26,360.2441339529383,13.331068233851672,1803.7187293877296,24.32156723580572,121.77649048691168,22.856566381954504,,27.022746801512987,,0.02226649978855407,1.0018707043700679,6.132803927450595,0.040367881670050565,0.010339344178422971,0.030028537491627594
1902.1,8.57,0.3283,0.6083,8.753424793,1902.7916666666379,3.27,326.09431222653103,12.49203765507236,1637.9450482436202,23.14622755278866,116.26160709995264,20.604425401859814,,24.33333525952324,,0.03379123549893955,1.001879436868352,5.743538182853339,0.05065774219030916,0.017051199726382027,0.033606542463927136
1902.11,8.24,0.3292,0.6192,8.467928926,1902.8749999999711,3.2800000000000002,324.10849500320893,12.948606378040823,1633.3904333451399,24.355337391503273,122.7421548940911,20.408541255072183,,24.081790733787173,,0.02818889898377068,1.0018881691064587,5.948339888209355,0.05019959701026866,0.013562018219297034,0.036637578790971626
1902.12,8.05,0.33,0.63,8.563094215,1902.9583333333044,3.29,313.116219462266,12.835820176714007,1583.3839721269267,24.504747610090376,123.9170065142812,19.633232126823845,,23.148327929237514,,0.02988182207148731,1.001896901084583,5.893340121843948,0.05108980366024962,0.015566176169387047,0.035523627490862575
1903.01,8.46,0.3317,0.6217,8.658259504,1903.0416666666376,3.3,325.44692425749224,12.760135316336898,1651.115765727558,23.916117353532258,121.33554037267406,20.318132053828503,,23.933621799528506,,0.02546151546749456,1.002046305352876,5.839621025946394,0.04522865077921123,0.015580471861217804,0.02964817891799343
1903.02,8.41,0.3333,0.6133,8.658259504,1903.124999999971,3.308333333333333,323.52347907866533,12.821685562059354,1646.7781714139292,23.592978563489353,120.09144500929403,20.10705151755281,,23.668501052173436,,0.02468694762789779,1.0020535263183528,5.8515706737105555,0.04219679236855112,0.015944643441854867,0.02625214892669625
1903.03,8.08,0.335,0.605,8.372844628,1903.2083333333042,3.3166666666666664,321.4243210724488,13.326379648424547,1641.7459297709447,24.067043842677165,122.92775835537394,19.884560384872845,,23.396709569309273,,0.024210704457160566,1.002060747133676,6.063465926948874,0.04099496682062198,0.012905437447038093,0.028089529373583888
1903.04,7.75,0.3367,0.5967,8.372844628,1903.2916666666374,3.325,308.2968426128067,13.394006052610582,1580.3954963206659,23.73686786929829,121.680257116715,18.980022601826274,,22.326326741828463,,0.02776058170571815,1.0020679677989401,6.075961196977976,0.04532286319317258,0.013263567777560104,0.03205929541561248
1903.05,7.6,0.3383,0.5883,8.18251405,1903.3749999999707,3.333333333333333,309.36219412907695,13.770688193929834,1591.7393400512174,23.947076158702107,123.21319128317518,18.95485872303988,,22.294345532415093,,0.02668172464275373,1.0020751883142376,6.230149150480122,0.04324351970997031,0.012328983172058772,0.03091453653791154
1903.06,7.18,0.34,0.58,8.18251405,1903.458333333304,3.341666666666667,292.26586234825953,13.839887632090287,1509.70891353542,23.60922007827166,121.95420192904507,17.818551722968518,,20.961154591653774,,0.032516124608077894,1.0020824086796625,6.2430778831931555,0.042822850768602816,0.011643707225901911,0.031179143542700904
1903.07,6.85,0.3417,0.5717,8.18251405,1903.5416666666372,3.3499999999999996,278.83303023476014,13.909087070250736,1446.308498472221,23.271363997841224,120.70869614256478,16.918178414766665,,19.910404565550817,,0.03804595244435376,1.0020896288953078,6.256078522764926,0.04816053386810504,0.010966888103656869,0.03719364576444817
1903.08,6.63,0.3433,0.5633,8.18251405,1903.6249999999704,3.3583333333333334,269.87780882576055,13.97421595322528,1405.8980759851024,22.929437362224874,119.44832371077047,16.2991187909035,,19.194017449266077,,0.04429334624770491,1.0020968489612667,6.269151405217411,0.054409472760096333,0.011314192453266925,0.04309528030682941
1903.09,6.47,0.345,0.555,8.277679339,1903.7083333333037,3.3666666666666663,260.33711554237817,13.881963657205636,1362.2232852261195,22.331854578982984,116.8522292581911,15.654359115196922,,18.449326201499154,,0.043822618555605916,1.0021040688776328,6.210071723034172,0.058170825099269186,0.011812143966502653,0.04635868113276653
1903.1,6.26,0.3467,0.5467,8.18251405,1903.791666666637,3.3749999999999996,254.81675463789756,14.112614829546182,1339.4915292235742,22.253725201363995,116.98083371030799,15.252943825778841,,17.996685085169748,,0.04292651107252161,1.0021112886444992,6.295515254151219,0.05705971582127356,0.010984966738773583,0.04607474908249998
1903.11,6.28,0.3483,0.5383,8.087381157,1903.8749999999702,3.3833333333333333,258.6378840558955,14.344518314756113,1365.8617230836335,22.169549838740213,117.07696903438215,15.407877534297898,,18.201733318104154,,0.043663530682750314,1.0021185082619586,6.383018201904322,0.051762194501096426,0.009138049510294621,0.042624144990801804
1903.12,6.57,0.35,0.53,8.087381157,1903.9583333333035,3.3916666666666666,270.5813532240818,14.41453175470755,1435.2785277467217,21.827719514271433,115.78350376039,16.042894140050144,,18.972073171795223,,0.04237139504346584,1.0021257277301043,6.396540678701288,0.04799279335741047,0.010479569279762124,0.037513224077648344
1904.01,6.68,0.3467,0.5267,8.277679339,1904.0416666666367,3.4,268.7870064641555,13.950367536096216,1431.9271063837157,21.193131183333936,112.90359385214116,15.861833914033639,,18.777066213619,,0.048148955439236474,1.0022729803355197,6.262773298065667,0.05295949917903009,0.013167700236935698,0.03979179894209439
1904.02,6.5,0.3433,0.5233,8.467928926,1904.12499999997,3.4066666666666667,255.66810892243424,13.50320950662641,1368.0326337844906,20.5832494460169,110.13715034760368,15.021498380331439,,17.803035506120366,,0.05535702310916057,1.0022787117439262,6.135982444195394,0.06071267478718423,0.016559863540962727,0.0441528112462215
1904.03,6.48,0.34,0.52,8.372844628,1904.2083333333032,3.4133333333333336,257.7759406620629,13.525280837207005,1385.3421896074317,20.685723633375417,111.1694349684976,15.081930176258865,,17.89654732380718,,0.05679272206609211,1.002284443076008,6.21980524779575,0.05785525179733941,0.015478709372075405,0.04237654242526401
1904.04,6.64,0.3367,0.5167,8.277679339,1904.2916666666365,3.42,267.177503431436,13.547991777916343,1441.9356478566906,20.790755425154067,112.20604657342655,15.565490611691478,,18.490327058739727,,0.053495648241962686,1.0022901743318027,6.305684095535998,0.05263083677694613,0.015414992283073303,0.03721584449387283
1904.05,6.5,0.3333,0.5133,8.087381157,1904.3749999999698,3.4266666666666667,267.69844687314026,13.72675266812579,1450.9206536614556,21.139940427689673,114.57808792683463,15.525820896254636,,18.46478328377084,,0.05121558713443855,1.0022959055113485,6.468839401365946,0.052042026397903784,0.012094047598224078,0.039947978799679706
1904.06,6.51,0.33,0.51,8.087381157,1904.458333333303,3.4333333333333336,268.11029063756047,13.59084422586712,1459.2913497402717,21.004031985431002,114.3223638045374,15.474433638652654,,18.42466437607885,,0.05136280831355527,1.0023016366146833,6.48369124539957,0.05140481907663319,0.012159952916464434,0.039244866160168757
1904.07,6.78,0.3267,0.5067,8.087381157,1904.5416666666363,3.44,279.23007227690624,13.454935783608448,1525.9177508810628,20.868123543172334,114.0387204087662,16.03640162962411,,19.11278097097705,,0.04903155004760617,1.0023073676418448,6.498614346568283,0.04023349913802532,0.011209051360418165,0.029024447777607154
1904.08,7.01,0.3233,0.5033,8.18251405,1904.6249999999695,3.4466666666666663,285.3459185322144,13.160104916043496,1565.3322550118742,20.48710425067953,112.38683651176551,16.30465197885103,,19.44975342795367,,0.046216957947900705,1.0023130985928717,6.437879444435909,0.036024747280043234,0.010455272278984129,0.025569475001059105
1904.09,7.32,0.32,0.5,8.277679339,1904.7083333333028,3.453333333333333,294.53905498766744,12.876024261755953,1621.649576021913,20.118787908993678,110.76841366269896,16.742600049163688,,19.98823537671206,,0.04429908922806984,1.002318829467801,6.378585874357188,0.03285555249560934,0.011690229927997953,0.02116532256761139
1904.1,7.75,0.3167,0.4967,8.277679339,1904.791666666636,3.46,311.841212589402,12.743240261556593,1722.757137872997,19.986003908794316,110.41206069438935,17.633197370821403,,21.065460476613328,,0.04409069249065878,1.002324560266671,6.3933767272455455,0.02811791224560367,0.012753407351731472,0.0153645048938722
1904.11,8.17,0.3133,0.4933,8.467928926,1904.8749999999693,3.466666666666667,321.3551461378904,12.32320285006133,1780.9898323857049,19.403242789451816,107.53516331895571,18.076200223770066,,21.605365463826743,,0.04495909013171531,1.0023302909895195,6.264264146887279,0.024167815805477888,0.014123789299223866,0.010044026506254022
1904.12,8.25,0.31,0.49,8.467928926,1904.9583333333026,3.473333333333333,324.5018305553973,12.193402117839172,1804.0605901083677,19.27344205722966,107.15026535189092,18.1596791187032,,21.71679823007818,,0.04611294789559358,1.0023360216363848,6.278861705184741,0.019856255223533736,0.015189521670460282,0.004666733553073454
1905.01,8.43,0.3117,0.505,8.467928926,1905.0416666666358,3.48,331.5818704947878,12.260269161711191,1849.1019695080731,19.863445385512197,110.77063992901267,18.459852032455846,,22.08768980166535,,0.04515084406533423,1.003249082644516,6.293529261979921,0.019606368980848776,0.015255619939742227,0.00435074904110655
1905.02,8.8,0.3133,0.52,8.467928926,1905.124999999969,3.475833333333333,346.13528592575716,12.32320285006133,1935.987461715099,20.45344871379474,114.39925910134674,19.16899637582983,,22.944184172180922,,0.043188467656359655,1.00324567883032,6.3139774586777735,0.015061356791900016,0.01642477527488362,-0.0013634184829836027
1905.03,9.05,0.315,0.535,8.372844628,1905.2083333333023,3.4716666666666667,360.01115169624524,12.530774893294724,2019.437840559798,21.282427199722786,119.38113201099358,19.831506074218417,,23.74209332467072,,0.040329691823584674,1.0032422750346768,6.406406570502179,0.014849064026413172,0.016456099531714674,-0.0016070355053015017
1905.04,8.94,0.3167,0.55,8.372844628,1905.2916666666356,3.4675,355.6353255430312,12.598401297480757,2000.781284524497,21.879130766070155,123.0905711955787,19.482927524711283,,23.32863979005624,,0.03692213921951105,1.0032388712575924,6.427177902587708,0.02260688265714128,0.015591562541891868,0.007015320115249413
1905.05,8.5,0.3183,0.565,8.277679339,1905.3749999999688,3.463333333333333,342.01939445289247,12.807620382865377,1930.183509135498,22.734230337162852,128.30043325430074,18.62948750984512,,22.313429429486103,,0.03674478571086428,1.0032354674990727,6.522124814311456,0.023301547076080675,0.013577729460267252,0.009723817615813424
1905.06,8.6,0.32,0.58,8.277679339,1905.458333333302,3.4591666666666665,346.0431520346912,12.876024261755953,1958.9470280951643,23.337793974432664,132.11503212734831,18.735862386183527,,22.445296542536873,,0.03509804968754175,1.003232063759123,6.543226937173056,0.02338960813555735,0.013732181416571843,0.009657426718985507
1905.07,8.87,0.3217,0.595,8.277679339,1905.5416666666354,3.455,356.90729750554783,12.944428140646531,2026.5553772227477,23.941357611702472,135.9414260932959,19.205883309548046,,23.00984175448481,,0.035217155866494564,1.0032286600377496,6.564375063824411,0.019992629211455615,0.01388576484920101,0.006106864362254605
1905.08,9.2,0.3233,0.61,8.372844628,1905.6249999999686,3.4508333333333336,365.9781873597189,12.860950866673598,2084.146278786668,24.265945031459623,138.18795978911604,19.573308430803714,,23.447498517743682,,0.036851800488857715,1.003225256334958,6.510717983947418,0.02180966939263773,0.015198292703166416,0.0066113766894713155
1905.09,9.23,0.325,0.625,8.277679339,1905.7083333333019,3.4466666666666663,371.3928248000233,13.07721214084589,2121.187097589763,25.148484886242098,143.6340125670208,19.74349241969777,,23.647692425098615,,0.03528747661148222,1.0032218526507541,6.606809348045016,0.02415658765062778,0.014190324866121928,0.009966262784505853
1905.1,9.36,0.3267,0.64,8.277679339,1905.7916666666351,3.4425000000000003,376.6237096563616,13.145616019736469,2157.319669791123,25.752048523511906,147.5090372506751,19.89739481432952,,23.8256456015549,,0.0349373786853821,1.0032184489851437,6.628095514256042,0.027346681301730458,0.013342433836232459,0.014004247465497999
1905.11,9.31,0.3283,0.655,8.372844628,1905.8749999999684,3.438333333333334,370.35401351293297,13.059852055456055,2127.640490767278,26.056055730501726,149.68899263722525,19.443525693264977,,23.27523375923399,,0.03731781877907997,1.0032150453381325,6.573850674013709,0.03169975301138872,0.01366215175418617,0.01803760125720255
1905.12,9.54,0.33,0.67,8.467928926,1905.9583333333017,3.434166666666667,375.24211678769575,12.980073222215893,2161.936155906744,26.353481996620143,151.83409061399564,19.57796080909611,,23.42709697236222,,0.039588610620698406,1.0032116417097265,6.520932422042152,0.03065765638735285,0.014956735840993218,0.01570092054635963
1906.01,9.87,0.3358,0.6775,8.467928926,1906.041666666635,3.43,388.2221900099117,13.208207842485141,2243.061639297242,26.648483660761414,153.96902336614806,20.132402260807886,,24.078997473407536,,0.03967556692417595,1.0011806993806183,6.54187532059509,0.024643925931032262,0.014124835827980409,0.010519090103051854
1906.02,9.8,0.3417,0.685,8.467928926,1906.1249999999682,3.45,385.46884114459317,13.440275818276273,2233.624644913066,26.94348532490269,156.12580426178062,19.86675256367588,,23.751613317696652,,0.04161458175295277,1.0011989435794537,6.549599308734199,0.024056735147999886,0.01422322553881572,0.009833509609184166
1906.03,9.56,0.3475,0.6925,8.467928926,1906.2083333333014,3.4700000000000006,376.0287878920725,13.668410438545521,2185.5238420793726,27.238486989043956,158.31331178242317,19.259453020854103,,23.019077336408834,,0.04300178346278497,1.0012171857262209,6.5574519087734,0.025402069708233777,0.013350942575860891,0.012051127132372885
1906.04,9.43,0.3533,0.7,8.467928926,1906.2916666666347,3.49,370.9154257136238,13.896545058814771,2162.5350727258406,27.533488653185223,160.52752395631904,18.876204996115874,,22.557115123058118,,0.04535464148475212,1.0012354258239826,6.565433545637139,0.02483515425954974,0.012488097936725229,0.012347056322824512
1906.05,9.18,0.3592,0.7075,8.563094215,1906.374999999968,3.51,357.06917946131693,13.97159578022931,2088.595968498177,27.519220530379275,160.9674997508127,18.054044460926388,,21.573872118633165,,0.05024064029103441,1.0012536638757978,6.500490068846372,0.03013221172330649,0.01276569471892497,0.01736651700438152
1906.06,9.3,0.365,0.715,8.563094215,1906.4583333333012,3.5300000000000002,361.7367504346675,14.19719504394125,2122.818151896319,27.810943716213682,163.2059116780503,18.172666376497496,,21.715576326751567,,0.05122900541207512,1.0012718998847194,6.508639498420668,0.02894869527389443,0.011920202925411294,0.017028492348483137
1906.07,9.06,0.3708,0.7225,8.277679339,1906.5416666666345,3.55,364.55243691096547,14.920093113309711,2146.638174032095,29.071648528495864,171.1861016267316,18.19520014351374,,21.74544950472623,,0.04747009624297462,1.0012901338537958,6.741621550895992,0.02683242740609626,0.008591082732467559,0.0182413446736287
1906.08,9.73,0.3767,0.73,8.467928926,1906.6249999999677,3.5700000000000003,382.71549227927466,14.816950250935534,2260.8605913870783,28.713495309750304,169.62263429728333,18.967251477549294,,22.66560945231645,,0.047371634291944076,1.0013083657860706,6.598659224381098,0.02182504574979438,0.01004929021590395,0.01177575553389043
1906.09,10.03,0.3825,0.7375,8.563094215,1906.708333333301,3.59,390.13114052254997,14.877882477554873,2311.992085797369,28.68611327371691,169.99941807333596,19.200993682001354,,22.942876422324723,,0.04768194519702301,1.0013265956845823,6.533863045241129,0.022237134609137676,0.009436296089672114,0.012800838519465563
1906.1,9.73,0.3883,0.745,8.753424793,1906.7916666666342,3.61,370.2330989456414,14.77507834744014,2201.3691315765213,28.34775526356658,168.5529293961468,18.095380908869092,,21.62396308597395,,0.0498526245063331,1.0013448235523643,6.400272957187566,0.02902456572261891,0.009946877871997328,0.019077687850621583
1906.11,9.93,0.3942,0.7525,8.848509091,1906.8749999999675,3.6300000000000003,373.78300722593445,14.83839490921081,2229.828834165093,28.325449439830376,168.97746200495794,18.141851654007958,,21.683247782770636,,0.04763862542710338,1.0013630493924461,6.3400116581624895,0.028702266216475758,0.009359840316808254,0.019342425899667504
1906.12,9.84,0.4,0.76,8.94367438,1906.9583333333007,3.6499999999999995,366.4540501752927,14.896506104686697,2193.5129380700773,28.303361598904722,169.4176659485019,17.660003667768656,,21.113963621900112,,0.05004375945682997,1.0013812732078506,6.281100474191055,0.025777488223577727,0.009658724607502611,0.016118763616075116
1907.01,9.56,0.4033,0.7517,8.848509091,1907.041666666634,3.67,359.85554371399127,15.180935228018061,2161.5882138934653,28.29533600520996,169.96504815729264,17.21891385370598,,20.596389814753078,,0.05317972932143328,1.0016757521839021,6.3574226320585465,0.024474170310737176,0.007806194599943028,0.016667975710794147
1907.02,9.26,0.4067,0.7433,9.038839669,1907.1249999999673,3.6866666666666665,341.22332488957875,14.986557908487224,2057.169589937013,27.389988919052257,165.1289585529354,16.21707128876615,,19.409252150981235,,0.058799011605751024,1.0016907199705527,6.233983707998943,0.02155524500692918,0.007355333812584686,0.014199911194344494
1907.03,8.35,0.41,0.735,8.94367438,1907.2083333333005,3.7033333333333336,310.96456493533475,15.268918757303862,1882.416478081381,27.3723299673618,165.6977378909958,14.687545255978646,,17.597254765750463,,0.06395998613068171,1.0017056865901681,6.310968567435117,0.03436354460951918,0.006246707889070446,0.028116836720448735
1907.04,8.39,0.4133,0.7267,8.94367438,1907.2916666666338,3.7199999999999998,312.45421554580344,15.391814932667527,1899.1985403555336,27.063227465689554,164.49911552757644,14.669709905602732,,17.594277669579974,,0.06540754954524775,1.0017206520441981,6.321733101891563,0.027420507283378415,0.0013075721906814497,0.026112935092696965
1907.05,8.1,0.4167,0.7183,9.134004959,1907.374999999967,3.736666666666667,295.368503423209,15.195068564993974,1803.0427292764155,26.192987161591486,159.89204844929003,13.790107153424241,,16.559343931780717,,0.0733295082211956,1.0017356163340905,6.200654310959372,0.02819935410652663,0.001798892600798574,0.026400461505728057
1907.06,7.84,0.42,0.71,9.229089256,1907.4583333333003,3.753333333333333,282.9421330281693,15.157614269366208,1734.898052230616,25.623586026785738,157.11449197496648,13.144269952673199,,15.806056111254936,,0.07780157555740239,1.0017505794612918,6.1474220715976005,0.033237507219772366,0.0012440241796076723,0.031993483040164694
1907.07,8.14,0.4233,0.7017,9.229089256,1907.5416666666335,3.7699999999999996,293.76900036343085,15.276709810054088,1809.0903920854146,25.324042697176836,155.95070370102403,13.585007357961837,,16.35709805076723,,0.07516669062085521,1.0017655414272453,6.158183622416031,0.028248081950838833,0.0027594135998711966,0.025488668350967636
1907.08,7.53,0.4267,0.6933,9.229089256,1907.6249999999668,3.7866666666666666,271.7543701150656,15.399414306520386,1681.4224682549232,25.02089041178951,154.811447176778,12.513471604446604,,15.092007281741022,,0.07669387939475072,1.0017805022333937,6.1690561507179895,0.03174517643177088,0.0011689827046155177,0.030576193727155365
1907.09,7.45,0.43,0.685,9.229089256,1907.7083333333,3.8033333333333337,268.8672054923292,15.518509847208264,1671.5602072082754,24.721347082180607,153.6937908641166,12.328569657736622,,14.895547932371377,,0.07477365329913248,1.0017954618811766,6.1800401689722735,0.025627995423637362,-0.0011482418265564842,0.026776237250193846
1907.1,6.64,0.4333,0.6767,9.324254545,1907.7916666666333,3.82,237.18890226843322,15.478004721824115,1482.6336466920425,24.172549723651922,151.09912480670258,10.831840153050601,,13.118926370609216,,0.08833993148156218,1.0018104203720324,6.127948166660065,0.03144193271029305,-0.0016488140824669761,0.03309074679276003
1907.11,6.25,0.4367,0.6683,8.94367438,1907.8749999999666,3.836666666666667,232.7579078857296,16.2632605397917,1463.4077475189108,24.8883375744053,156.4792636267021,10.59117755918978,,12.863256624926677,,0.08597017044490049,1.0018253777073978,6.400276989603223,0.024661796576703088,-0.005833756349844288,0.030495552926547376
1907.12,6.57,0.44,0.66,8.753424793,1907.9583333332998,3.853333333333333,249.99295581427174,16.742298410697042,1580.5407678987401,25.113447616045562,158.77578490306976,11.333306235811172,,13.7982140880416,,0.07740870289309015,1.0018403338887065,6.551319392295588,0.012644818624587773,-0.009458836613646437,0.02210365523823421
1908.01,6.85,0.4367,0.6533,8.658259504,1908.041666666633,3.87,263.51198949926965,16.799370191873148,1674.863657625256,25.13173470655078,159.73553686519412,11.902968628266976,,14.522352358595407,,0.07189638260406485,1.0039792502497789,6.635515861163309,0.011303836993540317,-0.01271273213252555,0.024016569126065868
1908.02,6.6,0.4333,0.6467,8.563094215,1908.1249999999663,3.8608333333333333,256.7164035342801,16.85382085627327,1640.598199804929,25.154317903881665,160.7537660324012,11.55484629514479,,14.129214575724491,,0.07193161672945625,1.003971934330245,6.735956977545252,0.016484496270795956,-0.01447614349951587,0.030960639770311826
1908.03,6.87,0.43,0.64,8.563094215,1908.2083333332996,3.8516666666666666,267.2184382243189,16.72546265450613,1716.620868912052,24.89371185786959,159.9181013251402,11.984662664464297,,14.683723501046018,,0.0689194888603645,1.003964618602741,6.7627117563114165,0.011308788673356052,-0.013745354989635472,0.025054143662991524
1908.04,7.24,0.4267,0.6333,8.658259504,1908.2916666666329,3.8425,278.51486189411855,16.41468115610779,1797.9768765508654,24.362356635020067,157.27330882868276,12.448889158370365,,15.277960676656996,,0.06703198777698426,1.0039573030673983,6.714897828547813,0.004991112678435217,-0.014024911459982747,0.019016024138417964
1908.05,7.63,0.4233,0.6267,8.658259504,1908.3749999999661,3.833333333333333,293.5177342889675,16.283886883947567,1903.5893925971598,24.108461871414935,156.35379716128966,13.078451355438336,,16.073179553710744,,0.05630417127224625,1.0039499877243483,6.741470714321991,0.0010351254982812197,-0.016054572047676796,0.017089697545958016
1908.06,7.64,0.42,0.62,8.658259504,1908.4583333332994,3.8241666666666663,293.90242332473287,16.156939502145,1914.8163287265006,23.850720217452146,155.39085390188882,13.05168412922999,,16.063482493706527,,0.0635053334462763,1.003942672573722,6.7680994408876165,-8.679041295844847e-05,-0.017371794560152476,0.017285004147194027
1908.07,7.92,0.4167,0.6133,8.753424793,1908.5416666666326,3.8149999999999995,301.36137139254674,15.85571760849422,1972.0209646967814,23.336480943819307,152.70712849097677,13.345487104834394,,16.444418748089582,,0.0644882284368703,1.0039353576156511,6.720912461074575,-0.00421855488740952,-0.018904544061945416,0.014685989174535896
1908.08,8.26,0.4133,0.6067,8.753424793,1908.624999999966,3.805833333333333,314.29860198263077,15.72634530259338,2065.2541486264113,23.08534646765885,151.6936673089157,13.884232895208608,,17.124917552510798,,0.0616723425733962,1.0039280428502675,6.74736165511239,-0.009175680242368256,-0.02080258716543948,0.011626906923071223
1908.09,8.17,0.41,0.6,8.753424793,1908.7083333332992,3.7966666666666664,310.8740409440791,15.60077806451315,2051.294097379643,22.83040692367778,150.64583334489424,13.701442268825105,,16.916213689856757,,0.06272488169991662,1.0039207282777027,6.773865580819923,-0.010284027999792444,-0.022659611603715102,0.012375583603922657
1908.1,8.27,0.4067,0.5933,8.848509091,1908.7916666666324,3.7874999999999996,311.2976303885677,15.308917325154837,2062.5070980818014,22.332875950367264,147.96680305827485,13.690810359178702,,16.918532418224824,,0.06398415573784294,1.0039134138980883,6.727348078657495,-0.007963316168790535,-0.02342271912416216,0.015459402955371626
1908.11,8.83,0.4033,0.5867,8.94367438,1908.8749999999657,3.778333333333333,328.8403722609588,15.019402280050361,2187.0294024572013,21.849450329049212,145.3148528223828,14.435014091256253,,17.849788804262822,,0.06141129381418601,1.0039060997115568,6.681812405597472,-0.01252534512144099,-0.02416105263099999,0.011635707509559001
1908.12,9.03,0.4,0.58,9.038839669,1908.958333333299,3.769166666666667,332.74801552407087,14.739668461752865,2221.187225980727,21.37251926954165,142.66761805856277,14.582482908962435,,18.04231099869158,,0.060431599334800114,1.0038987857182395,6.637288076964356,-0.016639366110551168,-0.02428720334207468,0.007647837231523513
1909.01,9.06,0.4033,0.595,8.94367438,1909.0416666666322,3.76,337.4058632711537,15.019402280050361,2260.634575560167,22.158552830721458,148.4633082183553,14.764418456441348,,18.278868975062473,,0.05858911263235585,1.0021005553726343,6.734064943513499,-0.018403410663703323,-0.025288120751928433,0.00688471008822511
1909.02,8.8,0.4067,0.61,9.038839669,1909.1249999999654,3.7725,324.27270615856304,14.986557908487224,2181.00937912817,22.477994404173117,151.18360468956632,14.167157516701362,,17.551012942214427,,0.05955257646841428,1.0021115756288155,6.677161788892357,-0.012104931460708346,-0.022607681822931602,0.010502750362223257
1909.03,8.92,0.41,0.625,9.038839669,1909.2083333332987,3.7849999999999997,328.69460669708883,15.108160173296683,2219.2183502587295,23.030731971488848,155.49455929503432,14.33605838058621,,17.770999224836928,,0.05859596707282838,1.002122595395643,6.691261120995439,-0.011502568489839549,-0.023947180086188236,0.012444611596348687
1909.04,9.32,0.4133,0.64,9.229089256,1909.291666666632,3.7975,336.35467854879306,14.915814232212036,2279.3283297639355,23.097316981891368,156.5204003271372,14.645198603086113,,18.161144521921877,,0.05774055990348482,1.0021336146735726,6.5672366978910794,-0.012157588476801373,-0.023821721065581003,0.01166413258877963
1909.05,9.63,0.4167,0.655,9.324254545,1909.3749999999652,3.8099999999999996,343.9953507296706,14.885032466153033,2339.511597210811,23.39739924485298,159.12565900031993,14.95350978658278,,18.548405152076857,,0.05726227688797467,1.0021446334630597,6.514079052435278,-0.00879261451054758,-0.024118035898860413,0.015325421388312832
1909.06,9.8,0.42,0.67,9.419419835,1909.4583333332985,3.8225,346.53118845721355,14.85133664816629,2365.1748160509633,23.691417986360513,161.70072721981072,15.04044467608099,,18.65937322726257,,0.05641457920805498,1.0021556517645591,6.462095863842009,-0.006762671298828349,-0.023259661419105626,0.016496990120277277
1909.07,9.94,0.4233,0.685,9.419419835,1909.5416666666317,3.835,351.48163400660223,14.968025721830456,2407.476450324772,24.22182286665217,165.9075823412947,15.23150324049768,,18.898339079013798,,0.05409462646479069,1.0021666695785254,6.47602589219365,-0.007760430000646301,-0.02623338755150706,0.018472957550860758
1909.08,10.18,0.4267,0.7,9.514585124,1909.624999999965,3.8474999999999997,356.36769557583494,14.93733749530538,2449.469689104817,24.504654902071163,168.43111811133318,15.417580706254755,,19.12891164781568,,0.05286729833582768,1.0021776869054124,6.425143468658679,-0.01753166674630735,-0.027046155414689355,0.009514488668382004
1909.09,10.19,0.43,0.715,9.609669421,1909.7083333332982,3.8600000000000003,353.1881653580141,14.903916693223364,2436.152156107351,24.78209403640629,170.93707474158546,15.25444643682117,,18.925890785476792,,0.05053739405890743,1.0021887037456738,6.375422440598376,-0.015519457540474457,-0.026751385623001833,0.011231928082527376
1909.1,10.23,0.4333,0.73,9.8,1909.7916666666315,3.8724999999999996,347.6882104591836,14.726617946428568,2406.6805094487936,24.8105956632653,171.73770986291487,14.98884529612176,,18.595961438316653,,0.052310304239140515,1.0021997200997625,6.265285157651503,-0.010588345651889486,-0.02659124381084832,0.016002898158958834
1909.11,10.18,0.4367,0.745,9.895165289,1909.8749999999648,3.885,342.66135794308303,14.699431730230291,2380.3639475253135,25.076887197209906,174.20148731889572,14.745631176824583,,18.294340914901575,,0.05301875245129045,1.0022107359681312,6.218679032635473,-0.014149002264422506,-0.027896832418933037,0.013747830154510532
1909.12,10.3,0.44,0.76,9.990330579,1909.958333333298,3.8975000000000004,343.39800849146656,14.669429488955853,2393.973238612233,25.338105480923744,176.64268556750457,14.750638489265029,,18.299718545945854,,0.05260959034571185,1.002221751351232,6.1730584129277295,-0.019259474915082953,-0.029161621238060542,0.00990214632297759
1910.01,10.08,0.4425,0.7575,9.895165289,1910.0416666666313,3.91,339.2953328159408,14.894661187604543,2374.024829144465,25.497640338102688,178.4051396901718,14.547885040564143,,18.048500786602407,,0.05244998640213821,1.002779586495825,6.2462737929116,-0.02099805769894958,-0.03223304818464823,0.011234990485698648
1910.02,9.72,0.445,0.755,9.895165289,1910.1249999999645,3.9158333333333335,327.17764235822864,14.9788118157831,2297.972033071922,25.413489709924136,178.4947412519857,14.002037903032695,,17.374142485913517,,0.053847169033190145,1.002784577867381,6.263635851195604,-0.02672178323223995,-0.03317426611059138,0.006452482878351429
1910.03,9.96,0.4475,0.7525,10.08541488,1910.2083333332978,3.921666666666667,328.9318872323872,14.778817222539484,2318.9432542882037,24.85153063678427,175.20128502528843,14.05000696507782,,17.435730474563606,,0.055492369388224765,1.0027895691897077,6.16259223161568,-0.02147638434197663,-0.03226284431330062,0.010786459971323992
1910.04,9.72,0.45,0.75,10.18058017,1910.291666666631,3.9274999999999998,318.0051427265564,14.722460311414647,2250.55993390868,24.537433852357744,173.6543158880154,13.559883620820077,,16.832242284802884,,0.0589683635110626,1.0027945604628268,6.122016279113776,-0.021781476735930227,-0.03419872367828669,0.012417246942356464
1910.05,9.56,0.4525,0.7475,9.990330579,1910.3749999999643,3.9333333333333336,318.72669526004074,15.086174644892097,2264.5636662640754,24.9213603249875,177.0670858297486,13.568792287251442,,16.84995466455447,,0.059397879275674546,1.0027995516867598,6.2560342634895605,-0.02960923827053319,-0.037375270968179275,0.007766032697646086
1910.06,9.1,0.455,0.745,9.895165289,1910.4583333332976,3.9391666666666665,306.3082865699465,15.315414328497328,2185.398507150838,25.076887197209906,178.91449316784335,13.01965730231593,,16.17690827240453,,0.06272466456279643,1.0028045428615282,6.333883279050431,-0.02872967202437482,-0.03962861546325824,0.010898943438883424
1910.07,8.64,0.4575,0.7425,9.895165289,1910.5416666666308,3.9450000000000003,290.8245709850921,15.399564956675883,2084.083672513008,24.992736569031354,179.10094060658662,12.342581259985216,,15.347332499645288,,0.06562238501354803,1.0028095339871532,6.3516469261864446,-0.02323161969965748,-0.039110493662960266,0.015878873963302786
1910.08,8.85,0.46,0.74,9.8,1910.624999999964,3.9508333333333336,300.7859885204081,15.634073979591834,2164.8046861716193,25.150466836734687,181.0119172618077,12.74505515088625,,15.858955310848536,,0.06327249337475835,1.002814525063656,6.431344599805905,-0.0279087493737048,-0.03764216442128365,0.009733415047578853
1910.09,8.91,0.4625,0.7375,9.704834711,1910.7083333332973,3.956666666666667,305.7947096343906,15.873182177991655,2210.373401889773,25.311290500040744,182.95739437639816,12.937161101070844,,16.108720433280784,,0.059795105936958456,1.0028195160910582,6.512688832921191,-0.024558461455944203,-0.03709007797887842,0.012531616522934219
1910.1,9.32,0.465,0.735,9.419419835,1910.7916666666306,3.9625,329.55823228788057,16.442551289041255,2392.0473751814516,25.98983913429101,188.64322111141274,13.918866656445807,,17.339823908583167,,0.05248976494758457,1.002824507069381,6.728946798877468,-0.031100384277508497,-0.03942035649371756,0.00831997221620906
1910.11,9.31,0.4675,0.7325,9.229089256,1910.8749999999638,3.9683333333333333,335.99378297095103,16.871868264115964,2448.96397634993,26.435601076930357,192.68164475578126,14.16452317578035,,17.653921691005714,,0.04910485347643048,1.0028294979986456,6.887115107332553,-0.03736704345442399,-0.04083743452595323,0.003470391071529244
1910.12,9.05,0.47,0.73,9.229089256,1910.958333333297,3.9741666666666666,326.61049794705764,16.962092158576475,2390.8745157580274,26.345377182469843,192.85507143683537,13.741478417781545,,17.136316385812236,,0.05248554838487444,1.0028344888788736,6.906602185745193,-0.04151708031343171,-0.03881870530310494,-0.00269837501032677
1911.01,9.27,0.47,0.7183,9.229089256,1911.0416666666304,3.98,334.5502006595828,16.962092158576475,2459.3424692019266,25.92312935639464,190.56587870849447,14.049215181401202,,17.52797512571789,,0.04956762270364157,1.0031121262053728,6.926178872831492,-0.037519546179585195,-0.036754414872576135,-0.0007651313070090593
1911.02,9.43,0.47,0.7067,8.94367438,1911.1249999999636,3.9825,351.1851314179888,17.503394673006866,2592.351591365142,26.31840216045522,194.2751717516168,14.7214884699283,,18.374592785196665,,0.04436027884105169,1.0031142333635612,7.16945347432957,-0.03960930937600271,-0.036089686175194036,-0.0035196232008086747
1911.03,9.32,0.47,0.695,9.038839669,1911.2083333332969,3.985,343.43427515884173,17.319110442559616,2545.7906529827196,25.6101739522956,189.84168495954827,14.37062322197953,,17.944211955514476,,0.04706997640103833,1.0031163405178931,7.116062268095743,-0.039248597113910266,-0.03394579691896371,-0.005302800194946555
1911.04,9.28,0.47,0.6833,8.753424793,1911.2916666666301,3.9875,353.110293752883,17.88381875688093,2628.5638587173294,26.000028418248384,193.54500912301202,14.75293542032935,,18.43068639699827,,0.04325916070830984,1.0031184476683683,7.370988317331735,-0.04027842912864266,-0.03538942530173894,-0.004889003826903715
1911.05,9.48,0.47,0.6717,8.753424793,1911.3749999999634,3.99,360.720429394109,17.88381875688093,2696.307916498568,25.558640551057277,191.045361551908,15.04766059168504,,18.805342832580806,,0.04190655289205489,1.0031205548149882,7.393974358663488,-0.03714954692021444,-0.03264137087186314,-0.004508176048351298
1911.06,9.67,0.47,0.66,8.753424793,1911.4583333332967,3.9924999999999997,367.9500582532736,17.88381875688093,2761.487652525036,25.113447616045562,188.4779576697543,15.32835568471928,,19.161771874042575,,0.04066460981532017,1.0031226619577531,7.417047660950314,-0.04630210294596637,-0.031506404362893425,-0.014795698583072947
1911.07,9.63,0.47,0.6483,8.848509091,1911.54166666663,3.995,362.49046924327786,17.691642839495387,2731.5778419743965,24.403174580520975,183.8922030064383,15.083110578700268,,18.861627429791675,,0.041520123743291004,1.003124769096664,7.360257609256681,-0.045511796698328943,-0.030425216669317967,-0.015086580029010976
1911.08,9.17,0.47,0.6367,9.134004959,1911.6249999999632,3.9975,334.38631807294155,17.13866624801336,2530.5591043613335,23.21742297895768,175.70414195712772,13.899790665654445,,17.392599372771908,,0.04910389645939885,1.0031268762317218,7.1524828873148145,-0.03878268346864566,-0.026759746446060495,-0.012022937022585167
1911.09,8.67,0.47,0.625,9.229089256,1911.7083333332964,4,312.89646598905966,16.962092158576475,2378.625925974666,22.55597361512829,171.46957367176083,12.99795398325244,,16.279970359273157,,0.05387584785592083,1.0031289833629269,7.100927698720917,-0.028760687778725758,-0.024064280389012316,-0.004696407389713442
1911.1,8.72,0.47,0.6133,9.229089256,1911.7916666666297,4.0024999999999995,314.7009438782699,16.962092158576475,2403.088918485171,22.133725789053088,169.0154167095132,13.0664728506192,,16.38229846212071,,0.053447409848813306,1.00313109049028,7.1231463833515605,-0.02787649452727592,-0.023488603821643195,-0.004387890705632724
1911.11,9.07,0.47,0.6017,9.134004959,1911.874999999963,4.005,330.7397933393217,17.13866624801336,2536.4692820752457,21.941139322190725,168.26830948452871,13.7279975864131,,17.226467153366844,,0.04745119494291518,1.003133197613782,7.219833186184121,-0.02695114101777296,-0.023368393912026275,-0.0035827471057466864
1911.12,9.11,0.47,0.59,9.038839669,1911.9583333332962,4.0075,335.69594921642147,17.319110442559616,2585.546895662116,21.74101098108547,167.45034779809532,13.92925841957824,,17.494076442996054,,0.04409843542917355,1.0031353047334335,7.318706423989944,-0.0243566342057,-0.023260362364417753,-0.001096271841282248
1912.01,9.12,0.4708,0.5992,9.134004959,1912.0416666666295,4.01,332.5630557061316,17.16783844588232,2572.436156166068,21.849976203850225,169.01356850599868,13.794952631845826,,17.340766146480277,,0.0470476408238356,1.000350690754655,7.265161651701131,-0.02119113480239143,-0.019380715036719343,-0.0018104197656720888
1912.02,9.04,0.4717,0.6083,9.229089256,1912.1249999999627,4.046666666666667,326.24960236921555,17.02344440680962,2534.5737264897843,21.953278000132062,170.55101745837786,13.531634369686598,,17.024470442136423,,0.049142930702847844,1.000386344417337,7.192832635983704,-0.017098368530148678,-0.018087330716241246,0.000988962186092568
1912.03,9.3,0.4725,0.6175,9.419419835,1912.208333333296,4.083333333333333,328.85102578082507,16.70775372918708,2565.6003356450256,21.83500090533973,170.35034486675303,13.63976917394417,,17.172513777043743,,0.050265881303448695,1.0004219860003025,7.050215658654695,-0.012995211417227148,-0.014633648542101474,0.0016384371248743257
1912.04,9.59,0.4733,0.6267,9.704834711,1912.2916666666292,4.12,329.13257748527553,16.243842432093945,2578.3577327180833,21.508590856102423,168.49393024967918,13.654392690553234,,17.20033705144042,,0.051641620629539045,1.0004576155364637,6.8457595454299085,-0.007172738093949138,-0.011414869605843148,0.0042421315118940095
1912.05,9.58,0.4742,0.6358,9.704834711,1912.3749999999625,4.156666666666666,328.789373546292,16.27473078660247,2586.293553963554,21.8209064405775,171.64566196346846,13.645500685612376,,17.198878723155364,,0.05011670072525536,1.0004932330586358,6.8488922713567915,-0.0032084820167707084,-0.011144897810831833,0.007936415794061125
1912.06,9.58,0.475,0.645,9.609669421,1912.4583333332957,4.193333333333333,332.0453998164647,16.46362890530488,2622.6978768923527,22.355875039835045,176.58038941498617,13.785417404502532,,17.38433257834573,,0.04681405774368824,1.0005288385995368,6.920128928117513,-0.005063677024350954,-0.011852190205361546,0.006788513181010591
1912.07,9.59,0.4758,0.6542,9.609669421,1912.541666666629,4.23,332.3920025302606,16.491357122408548,2636.2904603566226,22.674749536527266,179.8395431872057,13.802876645015788,,17.414315464952487,,0.04635563479227682,1.0005644321917888,6.923788559408473,-0.004992531481540219,-0.012178456771505752,0.0071859252899655335
1912.08,9.81,0.4767,0.6633,9.704834711,1912.6249999999623,4.266666666666667,336.6830641429149,16.36053177134837,2681.137340447096,22.76471727278241,181.28424035867062,13.984761763426283,,17.64915004374762,,0.04723887375824063,1.000600013867917,6.859763803849793,-0.0013375699452522483,-0.009758589923553163,0.008421019978300914
1912.09,9.86,0.4775,0.6725,9.8,1912.7083333332955,4.303333333333334,335.11297704081625,16.228848533163262,2679.4038461420496,22.85633641581632,182.7483860578629,13.926285001315877,,17.579229265969392,,0.04697529258614502,1.0006355836603513,6.797226379634047,0.0017557145178128675,-0.008533559680529157,0.010289274198342024
1912.1,9.84,0.4783,0.6817,9.8,1912.7916666666288,4.34,334.4332346938775,16.25603822704081,2684.8002451999914,23.169017895408157,185.99881373504408,13.905092701178475,,17.556109765014842,,0.039873848016867934,1.000671141601426,6.80154658565665,0.003592781402295797,-0.00887378703770969,0.012466568440005488
1912.11,9.73,0.4792,0.6908,9.8,1912.874999999962,4.376666666666667,330.69465178571426,16.286626632653057,2665.682866760254,23.4783006632653,189.2552645794433,13.74954101860654,,17.36510994547769,,0.043679918829743154,1.0007066877233795,6.8061113865243215,-0.0009130488621298394,-0.00921344500882837,0.00830039614669853
1912.12,9.38,0.48,0.7,9.704834711,1912.9583333332953,4.413333333333333,321.9252947666199,16.47378907121296,2606.0603926379117,24.02427572885223,194.4821188535755,13.388999452579634,,16.91563231022578,,0.04314976142510908,1.0007422220583555,6.877708850292884,0.0010109874232953064,-0.010518602010658795,0.011529589433954102
1913.01,9.3,0.48,0.6942,9.8,1913.0416666666285,4.45,316.08019132653055,16.31381632653061,2569.748262025587,23.593856862244895,191.81927349442608,13.148088791761563,,16.616510711718924,,0.04402058279252274,1.0056452933353177,6.8159763978240475,0.004854328294987775,-0.008718783807048491,0.013573112102036267
1913.02,8.97,0.48,0.6883,9.8,1913.1249999999618,4.425833333333333,304.8644426020408,16.31381632653061,2489.6163269731765,23.393332869897957,191.0371145881424,12.682960516236765,,16.03745094184854,,0.04705151250289673,1.0056273197322045,6.854454583956366,0.012731790139462129,-0.00871876123578752,0.02145055137524965
1913.03,8.8,0.48,0.6825,9.8,1913.208333333295,4.401666666666667,299.0866326530612,16.31381632653061,2453.534930930087,23.19620758928571,190.28836254088455,12.443453515183664,,15.74505993903212,,0.052210253654173935,1.0056093495067409,6.893026791490165,0.0163002555224967,-0.008718790795405384,0.025019046317902083
1913.04,8.79,0.48,0.6767,9.8,1913.2916666666283,4.3775,298.7467614795918,16.31381632653061,2461.899254558258,22.999082308673465,189.52983225933707,12.43306708179517,,15.742029169880428,,0.052519055048822795,1.0055913826649947,6.931692187922962,0.01221896292004998,-0.00930699704594573,0.02152595996599571
1913.05,8.55,0.48,0.6708,9.7,1913.3749999999616,4.3533333333333335,293.58562500000005,16.482,2430.6862654049623,23.033595,190.7022627875612,12.221401061154129,,15.486455408529718,,0.0554485291804662,1.0055734192130459,7.042310240033363,0.009118559310597796,-0.01032271393151829,0.019441273242116086
1913.06,8.12,0.48,0.665,9.8,1913.4583333332948,4.3291666666666675,275.97539285714277,16.31381632653061,2296.1412970441997,22.601433035714283,188.04605449930952,11.49196285276123,,14.57700595122663,,0.06192763674690521,1.005555459156987,7.009299171033176,0.010878047528940726,-0.00989162507784469,0.020769672606785416
1913.07,8.23,0.48,0.6592,9.9,1913.541666666628,4.305,276.888582070707,16.1490303030303,2314.935905362047,22.178001616161612,185.419896575293,11.53402279545986,,14.6451161500148,,0.06288622755167766,1.0055375025029214,6.9770447124959745,0.005975262507255552,-0.010044690574377735,0.016019953081633287
1913.08,8.45,0.48,0.6533,9.9,1913.6249999999613,4.280833333333334,284.2902209595959,16.1490303030303,2388.0687529190495,21.979503118686864,184.6302149446172,11.846840543564632,,15.05641506521173,,0.060838566129037666,1.0055195492569646,7.015680115054415,0.004472226525260359,-0.009467576648290565,0.013939803173550924
1913.09,8.53,0.48,0.6475,10,1913.7083333332946,4.256666666666667,284.11190874999994,15.98754,2397.7623337740933,21.566525312499998,182.0106812565915,11.843316826625976,,15.065935573976557,,0.06095116122182326,1.005501599425245,6.983859471950359,0.0046355399792461505,-0.009049883136874493,0.013685423116120643
1913.1,8.26,0.48,0.6417,10,1913.7916666666279,4.2325,275.11891749999995,15.98754,2333.109891011134,21.3733425375,181.25382773145824,11.471490240312297,,14.609857401411716,,0.06510872196035129,1.0054836530139013,7.022281869207232,0.005857357230798055,-0.009624575196906848,0.015481932427704903
1913.11,8.05,0.48,0.6358,10.1,1913.8749999999611,4.208333333333334,265.46967202970296,15.829247524752475,2262.4672186464745,20.967157450495048,178.692752498811,11.072537845038012,,14.120136915548963,,0.07070201574018922,1.0054657100290856,6.990880818162154,0.0124679045871261,-0.008639073767631511,0.02110697835475761
1913.12,8.04,0.48,0.63,10,1913.9583333332944,4.184166666666667,267.79129499999993,15.98754,2293.607761233558,20.98364625,179.7229962160624,11.174040870036798,,14.2687611402694,,0.0691064028581346,1.005447770476961,7.099381855017745,0.01497981548849614,-0.009625516722059357,0.024605332210555497
1914.01,8.37,0.475,0.6208,10,1914.0416666666276,4.16,278.78272874999993,15.821003124999999,2399.0404977703615,20.677218399999997,177.93600251085314,11.636092105046137,,14.875360055450967,,0.06342152742930658,1.0029258782902253,7.138057657892185,0.014197189323069681,-0.009626065077590007,0.023823254400659688
1914.02,8.48,0.47,0.6117,9.9,1914.124999999961,4.166666666666667,285.2995353535353,15.81259217171717,2466.459799981738,20.57992049242424,177.91668156236193,11.910233879798243,,15.242178170369353,,0.058042327223677234,1.0029316012375706,7.231255298815947,0.012940338427730014,-0.009867979777921532,0.022808318205651545
1914.03,8.32,0.465,0.6025,9.9,1914.2083333332941,4.173333333333334,279.9165252525252,15.644373106060604,2431.1934968275177,20.270397411616162,176.05698099021393,11.685526018836828,,14.971980169053337,,0.06073786169466488,1.002937324112795,7.252454455799146,0.013547488395359464,-0.009112944045038596,0.02266043244039806
1914.04,8.12,0.46,0.5933,9.8,1914.2916666666274,4.18,275.97539285714277,15.634073979591834,2408.2788063556773,20.164556721938773,175.9645093363083,11.522662536200235,,14.781642625967581,,0.06201077619782012,1.0029430469159344,7.347979278058797,0.013276523399383011,-0.00936201677253301,0.022638540171916022
1914.05,8.17,0.455,0.5842,9.9,1914.3749999999607,4.1866666666666665,274.86995328282825,15.307934974747473,2409.764233170814,19.65471563131313,172.31141554692653,11.479008694164483,,14.74268165578023,,0.06567771883351262,1.0029487696470247,7.2951642740355656,0.01339102029937167,-0.008181742108324674,0.021572762407696344
1914.06,8.13,0.45,0.575,9.9,1914.458333333294,4.193333333333333,273.5242007575757,15.139715909090908,2409.0268512145194,19.345192550505047,170.3801278534254,11.428715168831888,,14.69491761076589,,0.06599441524600616,1.0029544923061013,7.316676033016901,0.01584851559026701,-0.008009512887569015,0.023858028477836024
1914.07,7.68,0.445,0.5658,10,1914.5416666666272,4.2,255.80064,14.821781875,2263.8074235460576,18.845312774999996,166.77893753155718,10.694345183040141,,13.76984969925729,,0.0729622912812101,1.0029602148931998,7.2649101651020604,0.026735809697336466,-0.007423759053683643,0.03415956875102011
1914.08,7.68,0.44,0.5567,10.2,1914.6249999999604,4.206666666666667,250.78494117647057,14.36788725490196,2230.0152273578447,18.178642806372547,161.64706732683752,10.492046265076437,,13.528140067051332,,0.0755271024765648,1.0029659374083564,7.143544961147604,0.032862520619821645,-0.004703640668017317,0.03756616128783896
1914.09,7.68,0.435,0.5475,10.2,1914.7083333332937,4.213333333333333,250.78494117647057,14.20461580882353,2240.5410153776,17.878223345588236,159.7260684790672,10.500497301802135,,13.558230015308217,,0.07420232310027497,1.0029716598516059,7.164732268376146,0.0312773778941724,-0.005120004658752619,0.03639738255292502
1914.1,7.68,0.43,0.5383,10.1,1914.791666666627,4.220000000000001,253.2679603960396,14.180367574257426,2273.282007035636,17.751841547029702,159.33694067542746,10.612759466126228,,13.722477893212867,,0.07212274741887856,1.002977382222985,7.257172162294747,0.028350805783321498,-0.006513924700286333,0.03486473048360783
1914.11,7.68,0.425,0.5292,10.2,1914.8749999999602,4.226666666666667,250.78494117647057,13.878072916666664,2261.375493255637,17.280649852941174,155.82290508214624,10.516917642992123,,13.617092303207144,,0.07160265201032104,1.0029831045225286,7.207418953977161,0.034988066159721276,-0.005371128359994537,0.04035919451971581
1914.12,7.35,0.42,0.52,10.1,1914.9583333332935,4.233333333333333,242.38535272277224,13.850591584158414,2196.0425920542925,17.148351485148513,155.36627862152818,10.172217991997865,,13.191719327709945,,0.07375482593558741,1.0029888267502722,7.3004928978372465,0.04335935079532205,-0.006765008181241927,0.050124358976563976
1915.01,7.48,0.4208,0.55,10.1,1915.0416666666267,4.24,246.67244059405942,13.876973663366337,2245.361426139794,18.137679455445546,165.10010486322014,10.359834197757273,,13.455503012706062,,0.07190782363139467,1.0048142824374222,7.322312806300475,0.045725557855251564,-0.006605377801164103,0.05233093565641567
1915.02,7.38,0.4217,0.58,10,1915.12499999996,4.224166666666667,245.80842749999996,14.045720037499999,2248.1510425631313,19.318277499999997,176.68395727460924,10.329786209660693,,13.435767253018032,,0.07133471798685698,1.004802029369261,7.431140133127611,0.04754429639737445,-0.00705369658820354,0.05459799298557799
1915.03,7.57,0.4225,0.61,9.9,1915.2083333332932,4.208333333333334,254.6836654040404,14.214511047979796,2340.157269646759,20.522726010101007,188.57277866374142,10.707013188682815,,13.942381087442408,,0.06820863900793092,1.0047897772647538,7.542247157872711,0.04044536855608749,-0.008661725253685582,0.04910709380977307
1915.04,8.14,0.4233,0.64,10,1915.2916666666265,4.1925,271.1220325,14.099011837499997,2501.996688293962,21.316719999999997,196.71718433760878,11.401123789000186,,14.855567969356281,,0.06370342372985316,1.0047775261250353,7.502589113416297,0.033483833698883636,-0.007125163467761597,0.04060899716664523
1915.05,7.95,0.4242,0.67,10.1,1915.3749999999598,4.176666666666667,262.17191212871285,13.9890975,2430.160222695428,22.09499133663366,204.80595587496057,11.026929876471312,,14.376666202260198,,0.06901695385902701,1.0047652759512427,7.463794979119851,0.03964147928245465,-0.006748370970229178,0.04638985025268383
1915.06,8.04,0.425,0.7,10.1,1915.458333333293,4.160833333333333,265.1398960396039,14.015479579207918,2468.4976559779916,23.08431930693069,214.9189501473376,11.154262189096341,,14.548595263420408,,0.06814004213571458,1.004753026744514,7.499362021838857,0.03912482048340493,-0.007924948513514551,0.04704976899691948
1915.07,8.01,0.4258,0.73,10.1,1915.5416666666263,4.145,264.1505680693069,14.041861658415842,2470.1811877541463,24.07364727722772,225.12263009494714,11.113629393949601,,14.499550030038971,,0.06862615357373836,1.0047407785059888,7.535006690095448,0.04117311892629982,-0.009087128439592251,0.050260247365892075
1915.08,8.35,0.4267,0.76,10.1,1915.6249999999595,4.129166666666666,275.3629517326732,14.071541497524752,2585.9985572802752,25.06297524752475,235.37232377640834,11.5848316416046,,15.113448857043222,,0.06395924085947777,1.0047285312368082,7.570728487854335,0.03825300710122703,-0.009122516699330618,0.04737552380055765
1915.09,8.66,0.4275,0.79,10.1,1915.7083333332928,4.113333333333333,285.5860074257426,14.097923576732672,2693.038767023988,26.052303217821784,245.66981823890885,12.01157075782589,,15.664883714157822,,0.062216271961368134,1.0047162849381146,7.606526913994547,0.036855850443499705,-0.009157843139077637,0.04601369358257734
1915.1,9.14,0.4283,0.82,10.2,1915.791666666626,4.0975,298.4602034313726,13.98583207107843,2825.4311355248615,26.77651715686274,253.48506905146454,12.549076133220158,,16.354096721194853,,0.05981421271578321,1.0047040396110525,7.56747595777793,0.03567753212264679,-0.008216454419006203,0.043893986541652996
1915.11,9.46,0.4292,0.85,10.3,1915.8749999999593,4.081666666666667,305.9104538834951,13.879150825242718,2906.909508146492,27.486668689320382,261.1916577087228,12.857714453559312,,16.740136872288517,,0.057888719568749386,1.0046917952567669,7.529257415269693,0.03458538094031338,-0.008950721615963997,0.04353610255627738
1915.12,9.48,0.43,0.88,10.3,1915.9583333332926,4.065833333333333,306.55719902912614,13.90502063106796,2924.066215074418,28.456786407766987,271.4323068845452,12.87844460218599,,16.749313030943103,,0.056769648712160524,1.004679551876405,7.564583149497632,0.036643430275943745,-0.008433620292233601,0.045077050568177346
1916.01,9.33,0.4408,0.9342,10.4,1916.0416666666258,4.05,298.8055853365384,14.117202788461537,2861.349494906253,29.9189901201923,286.50296871826595,12.543563692516173,,16.297027766820708,,0.059986791585310804,1.0021524623582816,7.526905258684766,0.04088256566064641,-0.007510257365601736,0.048392823026248144
1916.02,9.2,0.4517,0.9883,10.4,1916.124999999959,4.0649999999999995,294.6421634615384,14.466289699519228,2833.024792823325,31.651614146634607,304.3346089942708,12.3546523264588,,16.034835612136877,,0.061055799767671406,1.002165815139745,7.543106638928437,0.04250396100323317,-0.007187037842556809,0.04969099884578998
1916.03,9.17,0.4625,1.042,10.5,1916.2083333332923,4.08,290.8844083333333,14.671105654761906,2808.648853137662,33.05360452380952,319.1507202802011,12.17705279574848,,15.786513243251877,,0.06306359144997695,1.0021791670939835,7.487448912406904,0.03713187600548595,-0.005359163713233195,0.04249103971871915
1916.04,9.07,0.4733,1.097,10.6,1916.2916666666256,4.095,284.99801061320755,14.872057158018865,2763.778938118368,34.469990919811316,334.27403474265145,11.906481776593186,,15.418161727089236,,0.0657487226445874,1.0021925182219196,7.432975075876829,0.03575598232778687,-0.004656179010833483,0.040412161338620356
1916.05,9.27,0.4842,1.151,10.7,1916.3749999999588,4.109999999999999,288.5601553738317,15.072365397196261,2810.5033736257933,35.82877441588785,348.9632559917248,12.026256671905164,,15.55319389347211,,0.064579620295515,1.002205868524475,7.379652644602046,0.035794006515664556,-0.0028482834417464797,0.038642289957411036
1916.06,9.36,0.495,1.205,10.8,1916.458333333292,4.125,288.6639166666666,15.26588020833333,2823.904468835196,37.16239525462963,363.54753044299275,11.995961222946583,,15.493035511158206,,0.06559125517043002,1.0022192180025706,7.327450343758142,0.0411719119160725,-0.0010460409510723023,0.0422179528671448
1916.07,9.23,0.5058,1.259,10.8,1916.5416666666254,4.140000000000001,284.6546956018518,15.59895395833333,2797.4001945203277,38.82776400462962,381.57387268700893,11.791165275254553,,15.208320664732767,,0.07036450096274424,1.002232566657126,7.343711553473953,0.048102474134000595,0.00039863792948291454,0.04770383620451768
1916.08,9.3,0.5167,1.313,10.9,1916.6249999999586,4.155,284.18219036697246,15.788918038990825,2805.686985498817,40.12163612385321,396.1147324688115,11.732082638874166,,15.109356185858443,,0.06925546337440297,1.0022459144890594,7.292582962706434,0.052914948266491235,0.002201115096196471,0.050713833170294764
1916.09,9.68,0.5275,1.368,11.1,1916.7083333332919,4.17,290.4643153153153,15.828504786036033,2880.7321364205222,41.04908918918919,407.1117316759582,11.944552417504473,,15.35739632640625,,0.06830811376991236,1.0022592614992878,7.1772684807973866,0.051564873103981945,0.003752924284976533,0.04781194881900541
1916.1,9.98,0.5383,1.422,11.3,1916.7916666666251,4.1850000000000005,294.1660199115044,15.866690232300883,2930.5578545239723,41.914236504424764,417.56044780892665,12.045741763370803,,15.46016568509366,,0.06703148891235841,1.0022726076887278,7.066165509674492,0.047229253159363216,0.005274394098080393,0.04195485906128282
1916.11,10.21,0.5492,1.476,11.5,1916.8749999999584,4.2,295.7115641304348,15.906443782608694,2959.1603068621253,42.74929173913043,427.7885027354061,12.053230403230502,,15.442014290555147,,0.067521613279591,1.0022859530582944,6.959055016406966,0.04742788448969382,0.006766489861528724,0.04066139462816509
1916.12,9.8,0.56,1.53,11.6,1916.9583333332916,4.215,281.3898922413793,16.079422413793104,2829.2533459537426,43.93127909482759,441.70996115400266,11.413559188849495,,14.599793322642682,,0.07181205034640309,1.0022992976089014,6.914834097353658,0.054958154235523526,0.007932750761769247,0.04702540347375428
1917.01,9.57,0.5708,1.509,11.7,1917.041666666625,4.23,272.4372467948718,16.249444145299144,2752.8534710496965,42.95797339743589,434.0706256858926,10.992361427383427,,14.041135988701287,,0.07700006175641583,1.0012364045421127,6.871496321604443,0.05880181001885387,0.010236826164424118,0.048564983854429755
1917.02,9.03,0.5817,1.488,12,1917.1249999999582,4.258333333333333,250.63799687499997,16.14575003125,2546.177495318516,41.301145,419.5694477335495,10.063187738735731,,12.842799550212737,,0.08553166973413764,1.001263019210337,6.707992464095896,0.07022113427245946,0.0135418945692527,0.05667923970320676
1917.03,9.31,0.5925,1.468,12,1917.2083333332914,4.286666666666667,258.4097177083333,16.445516406249997,2639.0509407803693,40.74602208333333,416.1253255709541,10.32715708010788,,13.170393039784487,,0.0837977454129413,1.001289628388616,6.716464787440844,0.06909271759419999,0.014287155119889317,0.054805562474310676
1917.04,9.17,0.6033,1.447,12.6,1917.2916666666247,4.315000000000001,242.4036736111111,15.947888363095236,2489.1591645443937,38.25061240079365,392.7822585709638,9.644531197281236,,12.294303251461313,,0.09540489143548553,1.0013162320884976,6.404882410573206,0.07842214181408602,0.0194069207356935,0.05901522107839252
1917.05,8.86,0.6142,1.426,12.8,1917.374999999958,4.343333333333334,230.54948632812497,15.982335722656247,2381.109052360655,37.10649746093749,383.2349332580467,9.13898881337358,,11.651154264223974,,0.10030784408299678,1.0013428303215028,6.313104711038727,0.08671548823313269,0.020581622841253644,0.06613386539187904
1917.06,9.04,0.625,1.405,13,1917.4583333332912,4.371666666666667,231.6143615384615,16.013161057692308,2405.889014600306,35.9975860576923,373.9241222913086,9.148220259539583,,11.666161646433133,,0.10044670647542248,1.0013694230991275,6.22432702962957,0.08618722622392494,0.021151300928393457,0.06503592529553148
1917.07,8.79,0.6358,1.384,12.8,1917.5416666666245,4.4,228.72798925781245,16.544397675781248,2390.228100399988,36.013599218749995,376.3453573326033,9.003472377228807,,11.48956269398032,,0.10031754123277206,1.0013960104328399,6.3302390600723495,0.09159564064814618,0.021474629807934686,0.0701210108402115
1917.08,8.53,0.6467,1.363,13,1917.6249999999577,4.428333333333334,218.54762211538457,16.569138009615383,2298.2714284364765,34.92150163461538,367.23844747466796,8.57268046675378,,10.950858128288116,,0.10721879004303458,1.001422592334083,6.241551891537311,0.10264761118331589,0.023801300523448754,0.07884631065986714
1917.09,8.12,0.6575,1.343,13.3,1917.708333333291,4.456666666666667,203.35028947368417,16.465863956766913,2152.8843054761865,33.63293580827067,356.0743377160737,7.950823264217064,,10.172312597694527,,0.11842264421516827,1.0014491688142735,6.109443908296459,0.11578614421476363,0.025691002334874646,0.09009514187988898
1917.1,7.68,0.6683,1.322,13.5,1917.7916666666242,4.485,189.48195555555554,16.48838423148148,2020.6062224918408,32.61655537037037,347.8178940278924,7.387133711108147,,9.47182473090486,,0.12822085584760265,1.001475739884802,6.02765607908268,0.12092534378923592,0.026774482831725788,0.09415086095751013
1917.11,7.04,0.6792,1.301,13.5,1917.8749999999575,4.513333333333334,173.69179259259258,16.757310444444443,1867.113817517656,32.09844064814814,345.0447551975099,6.753013604774306,,8.685566999658064,,0.14498243667172833,1.0015023055570336,6.036551331570452,0.13343864585591136,0.02750707884041348,0.10593156701549789
1917.12,6.8,0.69,1.28,13.7,1917.9583333332907,4.541666666666667,165.32127737226276,16.77524726277372,1792.1615331470728,31.119299270072993,337.34805329827253,6.412593898119819,,8.276399642938664,,0.15633999923668376,1.0015288658423072,5.957362848791683,0.14115126304508907,0.029157305756109198,0.11199395728897987
1918.01,7.21,0.68,1.256,14,1918.041666666624,4.57,171.53298124999998,16.177867857142857,1874.114017821095,29.881473571428568,326.47534069116443,6.64064602865535,,8.595793073444531,,0.15411544909528269,1.0042728992704246,5.8386179104179705,0.13693373732090253,0.03152459014733622,0.10540914717356631
1918.02,7.43,0.67,1.232,14.1,1918.1249999999573,4.564166666666667,175.51333067375882,15.826908687943261,1932.0120064824641,29.102614184397158,320.35515369938037,6.784343551630279,,8.80523116008341,,0.15289235664348777,1.0042681631239432,5.8219801640274875,0.13385817820459467,0.03311026038935827,0.1007479178152364
1918.03,7.28,0.66,1.208,14,1918.2083333332905,4.558333333333334,173.19834999999998,15.702048214285712,1920.932933593916,28.739506428571424,318.7482120578915,6.686355760455893,,8.701989918919603,,0.15436291759318102,1.0042634270244146,5.888592391679574,0.1408705728034707,0.03202841522041466,0.10884215758305604
1918.04,7.21,0.65,1.183,14.2,1918.2916666666238,4.5525,169.11702376760562,15.246333626760563,1889.7585299451705,27.748327200704225,310.0671762725571,6.520727730547159,,8.50974322267618,,0.15854915404352551,1.0042586909718596,5.830406454834671,0.1501360755601613,0.03314880879793125,0.11698726676223004
1918.05,7.44,0.64,1.159,14.5,1918.374999999957,4.546666666666667,170.9012896551724,14.70118620689655,1923.3859706186413,26.62292939655172,299.62423924018884,6.5823632316210805,,8.611793024214055,,0.15937049095408246,1.0042539549662983,5.734093533045468,0.1513249735528892,0.034365222142025864,0.11695975141086334
1918.06,7.45,0.63,1.135,14.7,1918.4583333332903,4.5408333333333335,168.80268282312923,14.274589285714285,1913.155100634666,25.716918792517006,291.46725358662366,6.496291318641054,,8.520437710799527,,0.16288504851967156,1.004249219007751,5.680139358929251,0.14724108245885215,0.03604705549737863,0.11119402696147351
1918.07,7.51,0.62,1.111,15.1,1918.5416666666235,4.535,165.65456043046356,13.675875827814568,1890.3917946904064,24.50628716887417,279.6571616379549,6.371324093848989,,8.376754187586178,,0.16764209330860855,1.004244483096238,5.553168878899361,0.14986543186353485,0.03849390218616433,0.11137152967737052
1918.08,7.58,0.61,1.087,15.4,1918.6249999999568,4.529166666666667,163.9414951298701,13.193181006493505,1883.3892236476818,23.509815990259735,270.08497178166624,6.303073760914592,,8.306783093578101,,0.1714794979245763,1.00423974723178,5.468101433511669,0.1543610061605596,0.04020261624748778,0.11415838991307181
1918.09,7.54,0.6,1.063,15.7,1918.70833333329,4.523333333333333,159.96025955414012,12.728933121019105,1849.8380988797453,22.551426512738853,260.7928248155397,6.149170562431681,,8.12345557165798,,0.17755205758811704,1.004235011414397,5.386355792483018,0.1633446674639638,0.0406664507985508,0.12267821666541301
1918.1,7.86,0.59,1.038,16,1918.7916666666233,4.5175,163.62247968749998,12.282094531249998,1904.0255465609962,21.60815953125,251.44764851530715,6.290515321191321,,8.327848122326689,,0.1748179518063135,1.0042302756441095,5.3077451881696955,0.16337444076672858,0.04291082526736423,0.12046361549936435
1918.11,8.06,0.58,1.014,16.3,1918.8749999999566,4.511666666666667,164.69781748466255,11.851703987730058,1928.0318215018958,20.720048006134967,242.55884205991592,6.333327495354156,,8.401160261482252,,0.1746379741172473,1.004225539920938,5.232096602075434,0.1698982195241432,0.04452025187686659,0.1253779676472766
1918.12,7.9,0.57,0.99,16.5,1918.9583333332898,4.505833333333333,159.47167424242423,11.50618409090909,1878.0768200059929,19.984424999999998,235.35393060834593,6.134580411283432,,8.154692711003738,,0.17998283511502522,1.0042208042449028,5.190517701378464,0.17447357005386244,0.04607726615997376,0.12839630389388867
1919.01,7.85,0.5667,0.985,16.5,1919.041666666623,4.5,158.46235984848482,11.43956934090909,1877.41711580656,19.883493560606055,235.57399478591867,6.098467639950105,,8.124580564550625,,0.1821311332968038,1.000627173423876,5.212425860525685,0.18325551576602428,0.0457524711083237,0.13750304465770058
1919.02,7.88,0.5633,0.98,16.2,1919.1249999999563,4.539166666666667,162.01365123456787,11.58150885030864,1930.9263454942436,20.14890586419753,240.14058611476636,6.239692771364978,,8.329975195430453,,0.17495652068251058,1.0006654468310299,5.31228189911969,0.1808925171529434,0.044306671110342144,0.13658584604260127
1919.03,8.12,0.56,0.975,16.4,1919.2083333332896,4.578333333333333,164.91212499999997,11.37325,1976.767019847162,19.801640624999997,237.35810891021956,6.356074004869144,,8.500546247332395,,0.1729319074547065,1.0007037060469857,5.250989904417984,0.18121561867449487,0.04666866389957636,0.13454695477491851
1919.04,8.39,0.5567,0.97,16.7,1919.2916666666229,4.6175,167.33465643712574,11.103123151197602,2016.8962960985934,19.3461998502994,233.18109740353222,6.4561395558192745,,8.647742227531758,,0.16981497465453702,1.0007419511129143,5.160289517806508,0.17918756948696402,0.049648274311074214,0.1295392951758898
1919.05,8.97,0.5533,0.965,16.9,1919.3749999999561,4.656666666666666,176.78529807692308,10.904716323964497,2141.758481818206,19.01870821005917,230.4121443650578,6.8290022614820325,,9.158022480539659,,0.16114095836448952,1.0007801820698572,5.103004375500906,0.17352592506401177,0.05073502993592749,0.12279089512808428
1919.06,9.21,0.55,0.96,16.9,1919.4583333332894,4.695833333333333,181.51533949704142,10.839678254437871,2210.0066385688233,18.92016568047337,230.35899815701086,7.0216152147841315,,9.425904150649673,,0.15565526932897694,1.0008183989587263,5.1069856480170746,0.17171752509691496,0.050569117240239825,0.12114840785667513
1919.07,9.51,0.5467,0.955,17.4,1919.5416666666226,4.734999999999999,182.04203232758618,10.465024087643677,2227.0372049813504,18.280771910919537,223.64043435932592,7.052837165446311,,9.475418508096578,,0.15772882117381556,1.0008566018203051,4.96429263654233,0.1797992583198813,0.052857385544895275,0.12694187277498603
1919.08,8.87,0.5433,0.95,17.7,1919.624999999956,4.774166666666666,166.913229519774,10.223670529661016,2052.379562678227,17.876839689265537,219.81517300386875,6.479131101705276,,8.714460950481724,,0.17064096355555292,1.00089479069525,4.884332430538585,0.19638077411163768,0.05509882292006307,0.1412819511915746
1919.09,9.01,0.54,0.945,17.8,1919.7083333332891,4.813333333333333,168.59519592696626,10.104484550561798,2083.414969274722,17.68284796348314,218.5157764666606,6.55848167206126,,8.830183545823637,,0.16792341432674907,1.0009329656240877,4.861238262796285,0.19956546211141046,0.05612792933128152,0.14343753278012894
1919.1,9.47,0.5367,0.94,18.1,1919.7916666666224,4.852499999999999,174.26565814917123,9.876280752762428,2163.658211470847,17.297752762430935,214.76649617556455,6.7947041999493,,9.154895912259951,,0.1619225775045903,1.0009711266472197,4.785125449256925,0.1820917423547188,0.05832395927490719,0.12376778307981162
1919.11,9.19,0.5333,0.935,18.5,1919.8749999999557,4.891666666666667,165.45663581081078,9.601525993243243,2064.220881199902,16.833727364864863,210.01594384351563,6.467022574133132,,8.720924139143504,,0.1702855770390374,1.0010092738049188,4.686209765343074,0.15214509279830746,0.06106433055266991,0.09108076224563755
1919.12,8.92,0.53,0.93,18.9,1919.958333333289,4.930833333333333,157.19671164021165,9.34016335978836,1970.88145208419,16.389343253968253,205.48427695496596,6.160717033799178,,8.316097713382979,,0.17884105892950647,1.0010474071373323,4.59166029264108,0.16313220849180432,0.0643728535390804,0.09875935495272392
1920.01,8.83,0.5283,0.9192,19.3,1920.0416666666222,4.97,152.38555505181347,9.117246742227978,1920.086486390329,15.863284507772018,199.88035088221858,5.98966777113944,,8.093561310184846,,0.18634209615215624,1.003360333897,4.501206011120818,0.16896747118832134,0.06764139689307469,0.10132607429524665
1920.02,8.1,0.5267,0.9083,19.5,1920.1249999999554,4.9799999999999995,138.3537115384615,8.99640739102564,1752.7290024149265,15.514404467948715,196.54367319672568,5.455347649907773,,7.382545880838513,,0.20369703325046373,1.003369024607683,4.470010216859856,0.18797880726469263,0.06926614317005142,0.11871266409464121
1920.03,8.67,0.525,0.8975,19.7,1920.2083333332887,4.99,146.58626459390862,8.876330901015228,1866.3935935543323,15.174299016497459,193.20510383102803,5.79882272755716,,7.856327311469351,,0.19179383998495125,1.003377715089267,4.43953608781231,0.1860158496149651,0.07088525264840806,0.11513059696655703
1920.04,8.6,0.5233,0.8867,20.3,1920.291666666622,5,141.10513546798026,8.586083417487684,1805.715830051906,14.548595769704432,186.17770075663086,5.599858725506185,,7.596115367581549,,0.20002702354681728,1.0033864053419226,4.322870544047071,0.19696434381990313,0.07336446569154997,0.12359987812835316
1920.05,8.06,0.5217,0.8758,20.6,1920.3749999999552,5.01,130.31914684466017,8.435173561893203,1676.683414113662,14.16048496359223,182.1885029876855,5.1889504620474955,,7.050218771960473,,0.21766737891949164,1.0033950953658182,4.27434192134866,0.19958456398027824,0.07546887767294619,0.12411568630733205
1920.06,7.92,0.52,0.865,20.9,1920.4583333332885,5.02,126.21742105263158,8.287002392344498,1632.7957292424303,13.785109748803826,178.3293315397351,5.043639680451621,,6.864445335016812,,0.22570609227300795,1.0034037851611233,4.227291226212141,0.1911761957298188,0.0775577799731424,0.11361841575667642
1920.07,7.91,0.5183,0.8542,20.8,1920.5416666666217,5.029999999999999,126.66410396634613,8.299621376201921,1647.5214366747898,13.678442175480766,177.91565249147982,5.080592919540796,,6.926495758932943,,0.2236472675046154,1.0034124747280067,4.26207270975082,0.1894198441164623,0.07822460780743956,0.11119523630902273
1920.08,7.6,0.5167,0.8433,20.3,1920.624999999955,5.039999999999999,124.69756157635466,8.477793429802954,1631.1318271140804,13.83650706280788,180.9912460270137,5.020701077922858,,6.857875483818912,,0.22431643473371798,1.003421164066638,4.381952317407134,0.1902579739728847,0.07614687650893393,0.11411109746395076
1920.09,7.87,0.515,0.8325,20,1920.7083333332882,5.05,131.06452062499997,8.5766490625,1723.765180737629,13.864194843749999,182.34237775909483,5.297162770108058,,7.247345271493244,,0.21326971272005238,1.0034298531771852,4.462897850645426,0.18339246211333848,0.07378895807924923,0.10960350403408925
1920.1,7.88,0.5133,0.8217,19.9,1920.7916666666215,5.0600000000000005,131.89051005025124,8.591294265075376,1744.0447063549732,13.753100521356783,181.8631389862794,5.351177393424157,,7.332765891083619,,0.2139375630594734,1.0034385420598178,4.50070847740494,0.16586868535422217,0.07379118990267908,0.09207749545154309
1920.11,7.48,0.5117,0.8108,19.8,1920.8749999999548,5.069999999999999,125.8278611111111,8.607769589646464,1673.3610546675611,13.63920184343434,181.38517956209336,5.126407930947928,,7.037251050845025,,0.22368938063015098,1.0034472307147033,4.538993364686321,0.16319479470239706,0.07379410391150132,0.08940069079089574
1920.12,6.81,0.51,0.8,19.4,1920.958333333288,5.079999999999999,116.91918749999998,8.756062499999999,1564.5900491810967,13.735000000000001,183.79912472024637,4.784241045083249,,6.582424980866886,,0.2353400608539373,1.003455919142011,4.648550431759416,0.16573358508088298,0.07347565849920468,0.0922579265816783
1921.01,7.11,0.5058,0.7575,19,1921.0416666666213,5.09,124.63970328947369,8.866773828947368,1677.792292857727,13.279124506578944,178.75213246690967,5.122184146887375,,7.060922716237083,,0.21920796290222025,1.0093750608638843,4.762817876625013,0.1631167364205932,0.07247153869065537,0.09064519772993784
1921.02,7.06,0.5017,0.715,18.4,1921.1249999999545,5.024166666666666,127.79894972826087,9.08169023777174,1730.5068370740037,12.94281148097826,175.2567122532454,5.274857191205047,,7.2857884017168875,,0.21414317843259148,1.0093356823927233,4.964234896627032,0.17010499357006514,0.06943390595272048,0.10067108761734467
1921.03,6.88,0.4975,0.6725,18.3,1921.2083333332878,4.958333333333333,125.2211693989071,9.054873804644807,1705.8190515159176,12.240005293715845,166.7388535093684,5.192348158684178,,7.186643149633986,,0.21609205781717525,1.009296369442242,5.037959632337957,0.1752908484236808,0.06858640026629148,0.10670444815738933
1921.04,6.91,0.4933,0.63,18.1,1921.291666666621,4.8925,127.15688466850827,9.077639827348065,1742.4932090932512,11.593174723756904,158.86696407073057,5.297085922739675,,7.34711124516934,,0.2152085818094438,1.0092571223325355,5.140979939423729,0.1624222384357481,0.06715965299135296,0.09526258544439514
1921.05,7.12,0.4892,0.5875,17.7,1921.3749999999543,4.826666666666666,133.98220903954802,9.205631553672315,1846.5364200175015,11.055414018361581,152.36518915172502,5.609469225330777,,7.795301223200644,,0.20295342319783577,1.0092179413853946,5.305826452844111,0.14612928022673466,0.06523017509741025,0.08089910512932441
1921.06,6.55,0.485,0.545,17.6,1921.4583333332876,4.760833333333333,123.95642400568178,9.178452769886363,1718.9029450188248,10.313931463068181,143.02322214278774,5.216110960989321,,7.266374103490849,,0.21644775043781012,1.0091788269243167,5.3851598821902735,0.15274418739271223,0.06510461008824575,0.08763957730446648
1921.07,6.53,0.4808,0.5025,17.7,1921.5416666666208,4.695,122.87975070621468,9.047562655367232,1714.4279310349673,9.455907309322033,131.92956130858667,5.197779361905471,,7.259080472195278,,0.21723137134873222,1.0091397792745151,5.403885438173596,0.15740803163018824,0.064791523394093,0.09261650823609524
1921.08,6.45,0.4767,0.46,17.7,1921.624999999954,4.629166666666666,121.37433262711863,8.970409978813558,1703.8538751509805,8.65615395480226,121.51516008828699,5.161294823215731,,7.227560202015134,,0.21585157871859112,1.009100798762928,5.453275758303269,0.15520438301000405,0.06388255625816353,0.09132182675184053
1921.09,6.61,0.4725,0.4175,17.5,1921.7083333332873,4.5633333333333335,125.80671357142856,8.992991249999998,1776.5959822028997,7.946188035714285,112.21313503323913,5.377524425458258,,7.550587578930364,,0.20640123633622984,1.0090618857182294,5.565795265562092,0.13342049673951006,0.062479788382081125,0.07094070835742894
1921.1,6.7,0.4683,0.375,17.5,1921.7916666666206,4.4975,127.51966428571427,8.913053549999999,1811.2745444727525,7.1372946428571415,101.3773065936242,5.479257678053347,,7.714162098732494,,0.2036068699196354,1.009023040470837,5.616231866189678,0.11664170789688089,0.062296997971143186,0.0543447099257377
1921.11,7.06,0.4642,0.3325,17.4,1921.8749999999538,4.431666666666667,135.14371695402298,8.885795100574713,1930.0834394102244,6.3647713721264365,90.89982204021241,5.838196993200892,,8.239946078763095,,0.19353770826111436,1.0089842633529238,5.699475786678647,0.11332002889117776,0.06223737527495987,0.05108265361621789
1921.12,7.31,0.46,0.29,17.3,1921.958333333287,4.365833333333333,140.73809898843928,8.856296242774565,2020.5210388775868,5.583317196531791,80.15746939459648,6.114158849417271,,8.649852794077939,,0.186967523203809,1.008945554698427,5.783922310941281,0.0870527916664059,0.06147104495697908,0.02558174670942681
1922.01,7.3,0.4642,0.3233,16.9,1922.0416666666204,4.3,143.87209319526627,9.148688446745563,2076.459890860564,6.371759963017751,91.96157297468771,6.287087290347127,,8.91709647318322,,0.1795195618216014,1.0031803360364855,5.973784898530947,0.08538647188416593,0.0603205063320329,0.02506596555213303
1922.02,7.46,0.4683,0.3567,16.9,1922.1249999999536,4.305,147.02545414201182,9.229493321005917,2133.0718675425533,7.030024060650888,101.99285994000387,6.461305872696982,,9.185537869040061,,0.17408010681528902,1.0031845960283758,5.992783541917958,0.08391675412169941,0.06207388042973694,0.021842873691962472
1922.03,7.74,0.4725,0.39,16.7,1922.2083333332869,4.3100000000000005,154.37070808383234,9.423793226047904,2251.031647562482,7.7783690119760465,113.42407526477619,6.821387249036041,,9.717409145828125,,0.16243257308781897,1.003188855990148,6.083866557381884,0.08006147078286507,0.061821595873386315,0.01823987490947876
1922.04,8.21,0.4767,0.4233,16.7,1922.2916666666201,4.3149999999999995,163.74463997005986,9.507560276946107,2399.275459778733,8.442522058383233,123.70442169602164,7.27325339020986,,10.378612240077565,,0.15011860019363654,1.0031931159218126,6.1032671316966525,0.04591656758098073,0.06283656014897288,-0.016919992567992148
1922.05,8.53,0.4808,0.4567,16.7,1922.3749999999534,4.32,170.12689146706583,9.589332874251497,2504.500687210847,9.108669558383232,134.09208251455965,7.593467258919378,,10.851308007115502,,0.14427069252660307,1.0031973758233814,6.122755571149948,0.030457950462606576,0.06462922234057467,-0.03417127187796809
1922.06,8.45,0.485,0.49,16.7,1922.4583333332866,4.325,168.53132859281433,9.6730999251497,2492.8785904306087,9.772822604790418,144.55745672319506,7.557987351755127,,10.81561768953521,,0.14587981797708546,1.0032016356948654,6.142332321785617,0.018087288159285952,0.06565809846692883,-0.047570810307642875
1922.07,8.51,0.4892,0.5233,16.8,1922.54166666662,4.33,168.71771502976188,9.698790386904761,2507.5907769103083,10.374850796130952,154.19767961893822,7.602095045774033,,10.892058792535373,,0.14569327464091716,1.003205895536276,6.12531927367179,0.023567495778983538,0.06654056752054638,-0.04297307174156284
1922.08,8.83,0.4933,0.5567,16.6,1922.6249999999532,4.335,177.17115737951804,9.897908486445782,2645.490341287589,11.17000943524096,166.78872853848253,8.020030689895778,,11.501719558533326,,0.13648243579404418,1.0032101553476238,6.218992026755659,0.06193612576567342,0.06629371583037291,-0.00435759006469949
1922.09,9.06,0.4975,0.59,16.6,1922.7083333332864,4.34,181.78603463855418,9.982180158132527,2726.8199447864977,11.838163403614455,177.57436726534587,8.265083002284305,,11.86154330888268,,0.131706424988638,1.0032144151289202,6.238955957267178,0.0699861536956039,0.0673274784051221,0.0026586752904818045
1922.1,9.26,0.5017,0.6233,16.7,1922.7916666666197,4.345,184.68640269461076,10.0061736751497,2782.833787168591,12.431429244011975,187.31536712118603,8.4321519987619,,12.107471819097539,,0.12989248661951502,1.0032186748801766,6.221531446584976,0.05353926210913906,0.06900726449456718,-0.015468002385428115
1922.11,8.8,0.5058,0.6567,16.8,1922.874999999953,4.35,174.4672023809524,10.027898973214285,2641.4436386612483,13.019614977678568,197.1177315350956,7.998253772269838,,11.491767155410153,,0.13690598043210195,1.0032229346014039,6.204404411344706,0.0594575098386958,0.07068911847756465,-0.01123160863886885
1922.12,8.78,0.51,0.69,16.9,1922.9583333332862,4.3549999999999995,173.0406819526627,10.05133801775148,2632.52752309772,13.598869082840237,206.88428142795294,7.964679864940001,,11.449713276395814,,0.13904051336828618,1.0032271942926132,6.1875700270327,0.057754057837540396,0.072373180407453,-0.014619122569912602
1923.01,8.9,0.5117,0.7142,16.8,1923.0416666666194,4.36,176.44978422619045,10.144871302083333,2697.25282265049,14.159599538690474,216.4469624648292,8.154200483069154,,11.725953614115143,,0.13441486988785215,1.005645522318621,6.244488151743066,0.06153938951119797,0.0736179858261683,-0.012078596314970325
1923.02,9.28,0.5133,0.7383,16.8,1923.1249999999527,4.335,183.9835952380952,10.17659261160714,2825.379908279261,14.637401763392853,224.78211059079507,8.53336057906597,,12.272020083350824,,0.129215815504828,1.0056270198581208,6.279741548972095,0.04569585724391079,0.07513108654325773,-0.029435229299346943
1923.03,9.43,0.515,0.7625,16.8,1923.208333333286,4.31,186.95746800595234,10.210296502976188,2884.1151317676454,15.117186569940474,233.20655227707633,8.700737500978533,,12.511853851855706,,0.1272114755240691,1.0056085211624202,6.315077779372027,0.044712447628235896,0.07581612745544564,-0.03110367982720974
1923.04,9.1,0.5167,0.7867,16.9,1923.2916666666192,4.285,179.34740384615384,10.183385007396451,2779.8090730744498,15.504681605029585,240.31602173490876,8.372809668463816,,12.040671976551769,,0.13258943586124278,1.0055900262385207,6.312919127173457,0.05979300965651557,0.07629017997406895,-0.016497170317553378
1923.05,8.67,0.5183,0.8108,16.9,1923.3749999999525,4.26,170.87274630177515,10.214918616863903,2661.649368179856,15.979656597633134,248.9118001984114,8.000497867598213,,11.507770660192877,,0.139481083596842,1.0055715350934378,6.348208510736015,0.09212231329578291,0.07612627220909762,0.015996041086685286
1923.06,8.34,0.52,0.835,17,1923.4583333332857,4.234999999999999,163.4020632352941,10.188138235294117,2558.5049623545806,16.359798897058823,256.1572714108004,7.67182528267308,,11.038669785687143,,0.14462548934004035,1.0055530477342007,6.346027319720898,0.11346615187143994,0.07574730331878032,0.03771884855265961
1923.07,8.06,0.5217,0.8592,17.2,1923.541666666619,4.21,156.07990843023256,10.102591591569768,2457.038627215973,16.638195697674416,261.9215370352312,7.345985119490649,,10.574996358749747,,0.15082031447916544,1.0055345641678535,6.307066331973689,0.12360512033295912,0.07350942081880718,0.05009569951415194
1923.08,8.1,0.5233,0.8833,17.1,1923.6249999999523,4.185,157.77177631578942,10.192835869883039,2497.043780756806,17.20491481725146,272.3010829064799,7.441783174217368,,10.71776917227576,,0.14870190194385632,1.0055160844014541,6.379060757844513,0.11561987147598662,0.07190681665087606,0.043713054825110564
1923.09,8.15,0.525,0.9075,17.2,1923.7083333332855,4.16,157.82273619186046,10.16649527616279,2511.2590251482275,17.57351326308139,279.62792212540074,7.458183867189792,,10.745088848507422,,0.14821085527765077,1.0054976084420746,6.376956054715935,0.11444129250825585,0.07237136151654489,0.04206993099171097
1923.1,8.03,0.5267,0.9317,17.3,1923.7916666666188,4.135,154.60012789017338,10.140459197976876,2473.4273771052485,17.93785045520231,286.98534087782815,7.31740039562148,,10.54650710277991,,0.15165270760296162,1.005479136296801,6.374950397057906,0.10519370076487333,0.07283315028013226,0.03236055048474107
1923.11,8.27,0.5283,0.9558,17.3,1923.874999999952,4.109999999999999,159.2208041907514,10.171263706647398,2560.9137047244662,18.40184336705202,295.9759756923392,7.546327911916232,,10.878671811855513,,0.14670636211495341,1.0054606679727343,6.4098796191687315,0.10440085308835823,0.0726737850523187,0.03172706803603953
1923.12,8.55,0.53,0.98,17.3,1923.9583333332853,4.085,164.61159320809247,10.203993497109824,2661.2961544562095,18.867761560693637,305.03745396106257,7.809739144938741,,11.258350617018143,,0.1435374023368957,1.0054422034769896,6.444881843514208,0.10268626500295097,0.07251511178260417,0.030171153220346802
1924.01,8.83,0.5317,0.9758,17.3,1924.0416666666185,4.06,170.0023822254335,10.236723287572252,2762.2412445565724,18.78689972543352,305.2542476147568,8.072249446037377,,11.633992739691042,,0.13962335892935634,1.0047430787771652,6.479956201891769,0.10509792838807575,0.07235712989448428,0.03274079849359146
1924.02,8.87,0.5333,0.9717,17.2,1924.1249999999518,4.043333333333333,171.7653582848837,10.327222725290698,2804.8697956147325,18.8167303997093,307.27079824113144,8.162066220850354,,11.760979709538784,,0.13887619650281116,1.0047302452630666,6.548544000121956,0.11083473751217987,0.0709487230755983,0.039886014436581574
1924.03,8.7,0.535,0.9675,17.1,1924.208333333285,4.026666666666666,169.45857456140345,10.420728435672514,2781.381381954586,18.84496217105263,309.30879161391516,8.05807704411609,,11.610015219838786,,0.14000792613364052,1.004717412888221,6.617996945787513,0.10631629825857303,0.07034531010374079,0.03597098815483224
1924.04,8.5,0.5367,0.9633,17,1924.2916666666183,4.01,166.53687499999998,10.515334213235292,2747.8091777861023,18.87352608088235,311.4075977601591,7.92362034832798,,11.416959092815114,,0.1427333485836208,1.0047045816540427,6.688329809696565,0.10987792776965288,0.06973783154917257,0.040140096220480315
1924.05,8.47,0.5383,0.9592,17,1924.3749999999516,3.993333333333333,165.94909779411765,10.546682330882351,2752.612455986095,18.793196529411762,311.7244235869967,7.899698330665294,,11.383531722775833,,0.14221000739146006,1.0046917515619485,6.719795603415451,0.09826607339538418,0.06975719290035287,0.028508880495031308
1924.06,8.63,0.54,0.955,17,1924.4583333332848,3.9766666666666666,169.08390955882354,10.579989705882353,2819.234126998746,18.71090772058823,311.97782054273483,8.05167694639665,,11.603299337130561,,0.1399872917927616,1.004678922613356,6.75132321493375,0.09667288096274373,0.06897477442131383,0.0276981065414299
1924.07,9.03,0.5417,0.9508,17.1,1924.541666666618,3.96,175.8863135964912,10.551231016081868,2947.3151226732125,18.51967961988304,310.3330253197886,8.377712139971836,,12.071823287457528,,0.13487887811364763,1.0046660948096857,6.743245980964972,0.08696098883015302,0.06961979176114008,0.017341197069012937
1924.08,9.34,0.5433,0.9467,17,1924.6249999999513,3.943333333333333,182.99463676470586,10.64464519852941,3081.2931160112753,18.548289360294113,312.3190784719351,8.717418308548334,,12.559042780803475,,0.12768930742272608,1.0046532681523594,6.81456184489623,0.07827552453266318,0.06900974283212435,0.009265781700538822
1924.09,9.25,0.545,0.9425,17.1,1924.7083333332846,3.9266666666666667,180.17147295321632,10.615508406432747,3048.6516996178166,18.358012244152043,310.6328893934911,8.581670375209058,,12.36273087610069,,0.13028797514421836,1.0046404426428017,6.806235151141712,0.07564265175194618,0.06806976384517927,0.007572887906766912
1924.1,9.13,0.5467,0.9383,17.2,1924.7916666666179,3.91,176.80019404069768,10.586710414244184,3006.5348446536177,18.16994765261628,308.9848460830766,8.419491035872428,,12.130082536261689,,0.13435201723474413,1.004627618282438,6.798064332793926,0.07923145513117857,0.06949735688995595,0.009734098241222622
1924.11,9.64,0.5483,0.9342,17.2,1924.8749999999511,3.8933333333333335,186.6762180232558,10.617694018895348,3189.525683505422,18.090552165697673,309.092831279125,8.888327361250973,,12.803950814956572,,0.12721517587619613,1.004614795072696,6.8295231795855535,0.07627050011067893,0.06951224389848809,0.0067582562121908385
1924.12,10.16,0.55,0.93,17.3,1924.9583333332844,3.876666666666667,195.60863005780345,10.589049855491329,3357.2206464980304,17.905120664739883,307.3046457916504,9.310639680416374,,13.408391594348101,,0.12392891919221902,1.0046019730150058,6.8213808385815815,0.07269632194344022,0.07094253199348954,0.0017537899499506793
1925.01,10.58,0.5542,0.9567,17.3,1925.0416666666176,3.86,203.694813583815,10.669911690751444,3511.2639842657404,18.41917090317919,317.5072073484909,9.692618852254997,,13.953065695481387,,0.11986287085323862,1.004451807401011,6.852772649125812,0.06674481569512047,0.06937049498737724,-0.0026256792922567662
1925.02,10.67,0.5583,0.9833,17.2,1925.124999999951,3.845,206.62191351744184,10.811341547965116,3577.251313653521,19.04136153343023,329.663656674368,9.830804722819574,,14.143902484635953,,0.11900102849113875,1.0044401732636803,6.923298942152419,0.061161034514012336,0.06784928599827911,-0.006688251484266772
1925.03,10.39,0.5625,1.01,17.3,1925.2083333332841,3.83,200.03677817919072,10.829710079479767,3478.8672613075746,19.445346098265894,338.17670201353707,9.51853753881003,,13.685923349947963,,0.12416250134532485,1.0044285399691208,6.9138428283817035,0.05763944644689167,0.06834993896086372,-0.010710492513972047
1925.04,10.28,0.5667,1.037,17.2,1925.2916666666174,3.815,199.0696598837209,10.97400547238372,3477.952177188308,20.08124876453488,350.8401174848517,9.476566787903069,,13.615545452014173,,0.12310340370448428,1.0044169075182756,6.984835831278618,0.06499829085530084,0.06683638910577616,-0.0018380982504753174
1925.05,10.61,0.5708,1.063,17.3,1925.3749999999507,3.8,204.27239812138723,10.98950846820809,3584.849214480338,20.465745447976875,359.16067059308193,9.72900769402133,,13.96381733711497,,0.1200769852726628,1.004405275912088,6.975134099943483,0.0702421504175541,0.06733709054517756,0.0029050598723765475
1925.06,10.8,0.575,1.09,17.5,1925.458333333284,3.785,205.55408571428572,10.943851785714283,3623.3468041663846,20.74573642857143,365.68963116123695,9.796386180450613,,14.043411328040772,,0.12073372793126158,1.004393645151504,6.925794501718377,0.07425815803831615,0.06922417579358453,0.005033982244731616
1925.07,11.1,0.5792,1.117,17.7,1925.5416666666172,3.77,208.87675847457626,10.899226892655367,3697.926537856103,21.01939992937853,372.1246795302043,9.963993891787801,,14.263012384495754,,0.12036790116256753,1.0043820152374694,6.877622584189005,0.07792860758855658,0.07032216640223088,0.0076064411863256964
1925.08,11.25,0.5833,1.143,17.7,1925.6249999999504,3.7550000000000003,211.69941737288136,10.97637956920904,3764.092215916707,21.508660805084745,382.43176913713745,10.110918458488944,,14.449940451105395,,0.11905952231040799,1.0043703861709314,6.907760431150485,0.08342964520027407,0.07020470103126053,0.013224944169013542
1925.09,11.51,0.5875,1.17,17.7,1925.7083333332837,3.74,216.5920261299435,11.055414018361581,3867.465341031604,22.016739406779656,393.13070799365556,10.359247611348504,,14.777258376991169,,0.11683864606599487,1.0043587579528388,6.9379500118108925,0.08309915069353702,0.07008751073467323,0.013011639958863785
1925.1,11.89,0.5917,1.197,17.7,1925.791666666617,3.725,223.7427620056497,11.134448467514124,4011.716870117852,22.524818008474575,403.8709077822598,10.718495997022929,,15.256796100151359,,0.11271163979524515,1.0043471305841412,6.968190856601272,0.08232738684440344,0.06997059538599681,0.012356791458406624
1925.11,12.26,0.5958,1.223,18,1925.8749999999502,3.71,226.86023194444442,11.024741124999998,4084.0860718314084,22.630510902777775,407.40923865006624,10.886317440307936,,15.458345172036244,,0.1121687068854568,1.0043355040657889,6.8818411173203,0.08966737817501147,0.070874478450492,0.018792899724519474
1925.12,12.46,0.6,1.25,17.9,1925.9583333332835,3.6950000000000003,231.8491019553073,11.164483240223463,4190.648161596493,23.259340083798882,420.41012857107665,11.147365239137258,,15.788866974247384,,0.10957865215542231,1.0043238783987345,6.9502900901878215,0.08719029349640861,0.07016164364448896,0.017028649851919653
1926.01,12.65,0.6075,1.249,17.9,1926.0416666666167,3.68,235.38452164804468,11.304039280726258,4271.577111346424,23.240732611731843,421.7549258554691,11.340966188506235,,16.0188508360703,,0.1071766660559602,1.0054209127544818,6.980342299373723,0.09127702195110698,0.07004550636264129,0.0212315155884657
1926.02,12.67,0.615,1.248,17.9,1926.12499999995,3.651666666666667,235.75667108938546,11.44359532122905,4295.636389542743,23.222125139664804,423.12187956979824,11.38943567274801,,16.041273315196623,,0.10708475333291059,1.0054004313264016,7.018182125975047,0.0970773550878814,0.06967985956692857,0.02739749552095283
1926.03,11.81,0.6225,1.248,17.8,1926.2083333332832,3.6233333333333335,220.98881952247189,11.648225245786517,4044.243253451536,23.35258651685393,427.36795768903613,10.712352062732485,,15.046869401752984,,0.1113169891624648,1.0053799556662915,7.0957242542038035,0.10715725991272818,0.06949538583248893,0.037661874080239244
1926.04,11.48,0.63,1.247,17.9,1926.2916666666165,3.595,213.61377932960895,11.722707402234636,3927.1528659248684,23.203517667597765,426.5818487637901,10.395587685954728,,14.56236672825741,,0.11403621939591532,1.005359485786362,7.094044752111026,0.11088512929981298,0.06973385688883038,0.0411512724109826
1926.05,11.56,0.6375,1.246,17.8,1926.3749999999498,3.566666666666667,216.3108174157303,11.928905372191009,3995.0116301779235,23.3151625,430.6041947406309,10.575158463806094,,14.771860041900318,,0.11110746549615294,1.0053390216988511,7.172132966061082,0.10329769326495741,0.06877660182708745,0.034521091437869966
1926.06,12.11,0.645,1.245,17.7,1926.458333333283,3.5383333333333336,227.8826617231638,12.137433262711864,4227.410632587853,23.428068855932203,434.60992878380495,11.197979740229957,,15.591949753085153,,0.10456095641367762,1.0053185634160247,7.251162004789374,0.10120351831446617,0.06704291455749933,0.034160603756966834
1926.07,12.62,0.6525,1.244,17.5,1926.5416666666163,3.51,240.1937557142857,12.418892678571426,4474.989931175559,23.676785428571424,441.11628164678245,11.869694058481278,,16.469124743360346,,0.09859739029953635,1.0052981109501766,7.373038944263162,0.10081264835027293,0.06470977858943172,0.036102869760841205
1926.08,13.12,0.66,1.243,17.4,1926.6249999999495,3.4816666666666665,251.14526436781605,12.633831896551724,4698.639570498683,23.793716738505747,445.153123942825,12.488808219521875,,17.260693795594296,,0.09313677086725103,1.0052776643136292,7.454700410690934,0.0971731074824167,0.06298824946529025,0.03418485801712645
1926.09,13.32,0.6675,1.242,17.5,1926.7083333332828,3.453333333333333,253.5167057142857,12.704384464285711,4762.813552916529,23.638719857142853,444.1001826368115,12.69261482334472,,17.470213778374852,,0.09083041184019534,1.0052572235187336,7.4512207094914205,0.09726910703377722,0.06325086106693312,0.03401824596684411
1926.1,13.02,0.675,1.242,17.6,1926.791666666616,3.425,246.3988764204545,12.774135298295453,4649.0899818419975,23.50440894886363,443.4846203876928,12.426517521583351,,17.03381172227498,,0.09152901878758923,1.005236788577868,7.447834388599493,0.10590168770457797,0.06351245118495408,0.042389236519623896
1926.11,13.19,0.6825,1.241,17.7,1926.8749999999493,3.3966666666666665,248.20580579096043,12.843097987288136,4703.377176428062,23.352797951977404,442.52396330153346,12.615251212344482,,17.2190852743766,,0.08936747716515261,1.0052163595034402,7.444538607838301,0.10801736537684681,0.06377305781836129,0.04424430755848552
1926.12,13.49,0.69,1.24,17.7,1926.9583333332826,3.3683333333333327,253.85112358757058,12.984230932203388,4830.856883825561,23.3339802259887,444.05207827603385,13.009052728993128,,17.67784190354476,,0.08634766050322909,1.0051959363078855,7.483371997554026,0.1035208278604256,0.06343343053180917,0.040087397328616436
1927.01,13.4,0.6967,1.229,17.5,1927.0416666666158,3.34,255.03932857142854,13.260141807142855,4874.497431928051,23.391293642857143,447.0714435701176,13.18593062867779,,17.83626445373764,,0.08352108254310012,1.0028536005602389,7.608223751785205,0.10550186110804294,0.06113337747844905,0.04436848362959389
1927.02,13.66,0.7033,1.218,17.4,1927.124999999949,3.339166666666666,261.48203591954024,13.462687837643678,5019.077539385194,23.3151625,447.52829011501944,13.633966132216214,,18.358019636037486,,0.07780984486131415,1.002852908876278,7.673784782100584,0.10586716757743009,0.06055189898433189,0.0453152685930982
1927.03,13.87,0.71,1.208,17.3,1927.2083333332823,3.3383333333333334,267.0365845375722,13.66950072254335,5147.560810124242,23.257404046242772,448.3239696200494,14.033257507604493,,18.81193476318768,,0.07513322496269459,1.002852217192467,7.740161075160086,0.1025545418595506,0.05921764308154054,0.04333689877801006
1927.04,14.21,0.7167,1.197,17.3,1927.2916666666156,3.3375,273.5825426300578,13.798494602601155,5295.910395187467,23.045623049132946,446.10870816603784,14.488222209157056,,19.335123464058142,,0.06785537727855778,1.002851525508806,7.762237695651121,0.09232937680251685,0.05849946231893455,0.0338299144835823
1927.05,14.7,0.7233,1.186,17.4,1927.3749999999488,3.336666666666667,281.38989224137924,13.845531228448277,5469.376927710104,22.70261307471264,441.27081879348185,15.002347055737106,,19.936096682958404,,0.06446825650369495,1.002850833825295,7.7396341448224355,0.08354306367052322,0.05839603191839071,0.02514703175213251
1927.06,14.89,0.73,1.175,17.6,1927.458333333282,3.3358333333333334,281.78796235795454,13.814990767045451,5499.491056627556,22.236457741477267,433.9759564497902,15.120333481747522,,20.010588031136432,,0.06353629006855144,1.002850142141934,7.673497435687472,0.0792945740129769,0.05962970423251823,0.01966486978045867
1927.07,15.22,0.7367,1.164,17.3,1927.5416666666154,3.335,293.02788872832366,14.183550960982657,5741.9218071031455,22.41028005780346,439.1325219098594,15.820802594477744,,20.854728675080445,,0.06044243496922629,1.0028494504587229,7.828813681863993,0.08056910807862572,0.05710026875943219,0.023468839319193524
1927.08,16.03,0.7433,1.153,17.2,1927.6249999999486,3.3341666666666665,310.4169890988372,14.393820835755813,6106.167697025968,22.327560101744186,439.2022055315622,16.862861852763803,,22.135608380554512,,0.054351821876082645,1.0028487587756614,7.896767553825462,0.07546399231356493,0.05650941433821122,0.018954577975353715
1927.09,16.94,0.75,1.143,17.3,1927.7083333332819,3.3333333333333335,326.14273554913296,14.439613439306354,6439.176543335889,22.005970881502886,434.4733641695938,17.81872371351643,,23.292169691516666,,0.04943039914607559,1.0028480670927502,7.873487449868961,0.05330671932016329,0.05641678390068572,-0.0031100645805224314
1927.1,16.68,0.7567,1.132,17.4,1927.7916666666151,3.3325,319.2913879310345,14.484879691091953,6327.7392038434755,21.668935919540225,429.43649752702714,17.53723785226109,,22.835106977288728,,0.04939933865737846,1.0028473754099891,7.850532867676781,0.03924145761444753,0.0570461167457168,-0.017804659131269274
1927.11,17.06,0.7633,1.121,17.3,1927.8749999999484,3.3316666666666666,328.45307369942185,14.695675917630055,6533.5761323673005,21.582408887283236,429.31646215613983,18.13130143495243,,23.52018681564476,,0.04694837409275165,1.0028466837273777,7.9183942951098,0.027735139391429797,0.05718287926230703,-0.029447739870877232
1927.12,17.46,0.77,1.11,17.3,1927.9583333332816,3.3308333333333335,336.154200867052,14.824669797687857,6711.340977313012,21.37062789017341,426.6660071487654,18.64662402140253,,24.099196924913013,,0.043926042689999494,1.0028459920449164,7.940935459296649,0.02464687233165641,0.05793351295260307,-0.03328664062094666
1928.01,17.53,0.7767,1.133,17.3,1928.041666666615,3.33,337.5018981213873,14.953663677745663,6763.127083450957,21.813442702312134,437.1148308927514,18.806128571700775,,24.22041735776546,,0.04126463782849272,1.0008789768522124,7.963535298443001,0.028558581777757386,0.05943222632038103,-0.030873644542623646
1928.02,17.32,0.7833,1.155,17.1,1928.1249999999482,3.3525,337.3589093567251,15.25711510964912,6785.739596812652,22.497086622807014,452.5132352377952,18.86885051958404,,24.221421773126753,,0.03895002692749825,1.0008997359696088,8.063757693931901,0.02706696264617614,0.059235920714716395,-0.032168958068540254
1928.03,18.25,0.79,1.177,17.1,1928.2083333332814,3.375,355.47344663742683,15.387617690058478,7175.893504539322,22.92560255847953,462.7959810872758,19.94341779906454,,25.513762948699377,,0.0365953529425906,1.000920492144399,8.07101294677934,0.015015754780042023,0.05951923499828826,-0.04450348021824624
1928.04,19.4,0.7967,1.2,17.1,1928.2916666666147,3.3975,377.8731432748537,15.518120270467833,7654.178274939819,23.373596491228064,473.4543262849372,21.257909249487504,,27.09863918946477,,0.031823715303227085,1.000941245381527,8.078442250794193,0.004238839007983497,0.059050370510822514,-0.05481153150283902
1928.05,20,0.8033,1.222,17.2,1928.374999999948,3.42,387.2950581395349,15.555706010174418,7871.286043623197,23.663728052325578,480.9355772653773,21.832732178740034,,27.733593696413855,,0.02882549085370896,1.0009619956859277,8.039034151629124,0.00367933106035756,0.0606937661608955,-0.05701443510053794
1928.06,19.02,0.81,1.245,17.1,1928.4583333332812,3.4425,370.4715043859648,15.777177631578946,7556.0893700342485,24.25010635964912,494.602064442305,20.913421576866707,,26.482054104053205,,0.02862921297339497,1.0009827430625267,8.093824788666357,0.010696773439133445,0.06034837484820632,-0.049651601409072876
1928.07,19.16,0.8167,1.268,17.1,1928.5416666666144,3.465,373.19842397660807,15.9076802119883,7638.744856934724,24.698100292397655,505.52862623137946,21.08190543529679,,26.6138453912273,,0.025300092823006888,1.0010034875162417,8.101778938826724,0.02857120643809319,0.06061781287373558,-0.03204660643564239
1928.08,19.78,0.8233,1.29,17.1,1928.6249999999477,3.4875,385.27478216374266,16.036234992690055,7913.2805231504035,25.12661622807017,516.083512379374,21.762131502579237,,27.390718137541466,,0.021602490360549093,1.0010242290519806,8.109908972851187,0.026006191754111674,0.06088377622711727,-0.034877584473005596
1928.09,21.17,0.83,1.312,17.3,1928.708333333281,3.51,407.58215534682074,15.979838872832365,8398.809958336102,25.259697109826586,520.5119823021713,23.004649446159235,,28.866481380789,,0.018121294561627838,1.0010449676746427,8.024363176337266,0.015651364291484615,0.06238088531270103,-0.046729521021216414
1928.1,21.6,0.8367,1.335,17.2,1928.7916666666142,3.5324999999999998,418.2786627906977,16.20248875726744,8647.049649987926,25.85194513081395,534.4357075339759,23.57834423958504,,29.5002301820032,,0.014345079847843736,1.0010657033891182,8.079450401910702,0.024584984968320844,0.06278050915244582,-0.038195524184124974
1928.11,23.06,0.8433,1.357,17.2,1928.8749999999475,3.555,446.55120203488366,16.330296126453486,9259.65908994789,26.27796969476744,544.8984121881739,25.12198457110959,,31.3380799433278,,0.00964466814146251,1.0010864362002887,8.08806069958623,0.018036415439050657,0.06303636665880474,-0.044999951219754086
1928.12,23.15,0.85,1.38,17.1,1928.9583333332807,3.5775,450.91563230994143,16.556297514619878,9378.768855617021,26.879635964912275,559.0799576998484,25.30159102742615,,31.47282543143593,,0.007326400993958586,1.0011071661130269,8.144197849014661,0.01407958398751874,0.06266892202039953,-0.04858933803288079
1929.01,24.86,0.86,1.399,17.1,1929.041666666614,3.6,484.22300730994135,16.751077485380115,10100.576192309216,27.24971790935672,568.4113472663151,27.083199620832772,,33.590937699106384,,0.004501453984911356,1.005154336235617,8.153214828890876,0.005414671060999021,0.06291765705354901,-0.05750298599254999
1929.02,24.99,0.87,1.418,17.1,1929.1249999999472,3.5741666666666667,486.7551469298244,16.94585745614035,10182.851601759845,27.61979985380116,577.8024638373535,27.13167279824738,,33.55503953254025,,0.006536990647710142,1.005135423137138,8.195239239520198,0.00486083102803625,0.06345927334252766,-0.058598442314491406
1929.03,25.43,0.88,1.438,17,1929.2083333332805,3.5483333333333333,498.2391448529411,17.24146470588235,10453.152704584614,28.17412073529411,591.0984502238566,27.67574843786188,,34.12929095561018,,0.004249048378068394,1.0051165144351146,8.285780115200067,0.002500779898800598,0.06261625762979195,-0.06011547773099135
1929.04,25.28,0.89,1.457,16.9,1929.2916666666138,3.5225,498.23102958579886,17.54057026627219,10483.649488421981,28.715293121301777,604.2198300882447,27.568454472898306,,33.9025631381153,,0.0022395419813419845,1.005097610138035,8.377453567397424,-0.01007562123565886,0.06253810316661124,-0.0726137244022701
1929.05,25.66,0.9,1.476,17,1929.374999999947,3.4966666666666666,502.7454367647058,17.633316176470586,10609.56012885964,28.918638529411762,610.2771141931735,27.698586875008125,,33.97007152318479,,0.0017264044494609415,1.0050787102544052,8.370628215165073,-0.007277053560236113,0.06294755285144382,-0.07022460641167994
1929.06,26.15,0.91,1.495,17.1,1929.4583333332803,3.470833333333333,509.34962353801154,17.724977339181283,10780.101112047045,29.11960562865497,616.300235660051,27.93546783028868,,34.16978639311388,,0.0022656304519138026,1.0050598147927496,8.363940560163343,-0.006724656939746554,0.06335444653416022,-0.07007910347390678
1929.07,28.48,0.92,1.514,17.3,1929.5416666666135,3.4450000000000003,548.3202543352601,17.71259248554913,11636.132572052524,29.148766329479766,618.5781149609381,29.933289406842203,,36.510951968420414,,-0.001618582994118059,1.0050409237616102,8.309078347441286,-0.01151812043731415,0.06437567599268634,-0.07589379643000049
1929.08,30.1,0.93,1.533,17.3,1929.6249999999468,3.4191666666666665,579.5098193641618,17.905120664739883,12329.683661977353,29.51456986994219,627.9536562728,31.480313247173,,38.29169555843723,,-0.00470898532082388,1.0050220371695462,8.350963777919985,-0.01827144510165446,0.0641607231804957,-0.08243216828215016
1929.09,31.3,0.94,1.552,17.3,1929.70833333328,3.3933333333333335,602.6132008670519,18.097648843930635,12853.31972890629,29.88037341040462,637.3275469412959,32.5637885987767,,39.50068869797188,,-0.00606951631086497,1.005003155025136,8.392902628414232,-0.014156423600160783,0.06166109180293655,-0.07581751540309734
1929.1,27.99,0.95,1.572,17.3,1929.7916666666133,3.3674999999999997,538.8863735549131,18.290177023121384,11526.580629093465,30.26542976878612,647.3663718804905,28.961067164354795,,35.04745819008636,,-0.0036562270419569984,1.0049842773369742,8.434893621375059,-0.0012635553549187328,0.06220436403359497,-0.0634679193885137
1929.11,20.58,0.96,1.591,17.3,1929.8749999999466,3.341666666666667,396.22299277456636,18.482705202312136,8508.008424332655,30.631233309248547,657.7376775079326,21.171036000097043,,25.58877076396273,,0.00713369227228506,1.0049654041136753,8.476935470491867,0.028082333031989926,0.06199273854137677,-0.03391040550938684
1929.12,21.4,0.97,1.61,17.2,1929.9583333332798,3.315833333333333,414.40571220930224,18.78381031976744,8932.053641029795,31.177252180232557,671.9909514980361,22.00737317641834,,26.566024428345155,,0.00290000804849367,1.0049465353638702,8.56855610679927,0.02107085626475147,0.06116676798133791,-0.04009591171658644
1930.01,21.71,0.9708,1.557,17.1,1930.041666666613,3.29,422.8673165204678,18.909239561403506,9148.398065815813,30.32724144736841,656.1057479721427,22.31072429433685,,26.89846989632854,,-0.00010822635497041017,1.002389584127794,8.661297151385986,0.019211684678503094,0.06109919115137408,-0.04188750647287098
1930.02,23.07,0.9717,1.503,17,1930.1249999999463,3.2941666666666665,452.00067132352933,19.038103698529408,9812.997878426664,29.447638014705877,639.3123455255862,23.69711774933588,,28.533590991681272,,-0.004368862214401074,1.0023931255535405,8.733064602817901,0.011135166996763202,0.05986310701888864,-0.04872794002212544
1930.03,23.94,0.9725,1.45,16.9,1930.2083333332796,3.2983333333333333,471.82163165680475,19.16652200443787,10277.98935966476,28.577333579881653,622.5181525277318,24.586607792668854,,29.568429499384287,,-0.007524372205196812,1.0023966669604922,8.805762525973588,0.006320524458623744,0.05938187845837839,-0.053061353999754646
1930.04,25.46,0.9733,1.397,17,1930.2916666666129,3.3024999999999998,498.8269220588235,19.06945181617647,10900.87952887208,27.37082522058823,598.1354556886996,25.84343686201831,,31.04092011931704,,-0.011914769695241932,1.0024002083486547,8.774944258986933,0.0018327063012248956,0.06014898142559799,-0.058316275124373096
1930.05,23.94,0.9742,1.343,16.9,1930.374999999946,3.3066666666666666,471.82163165680475,19.20002646449704,10345.697012088765,26.46852344674556,580.3789092412369,24.309760633908173,,29.174802108989013,,-0.011533983314308077,1.0024037497180343,8.848053325961994,-0.007229176556583172,0.059663488081115545,-0.06689266463769872
1930.06,21.52,0.975,1.29,16.8,1930.4583333332794,3.310833333333333,426.651613095238,19.330172991071425,9390.5691563787,25.575305803571425,562.9105116974221,21.86689933338948,,26.235846681571935,,-0.00897743806947189,1.0024072910686364,8.92211541398067,-0.006693324612722984,0.05841884806504827,-0.06511217267777125
1930.07,21.06,0.9758,1.237,16.6,1930.5416666666126,3.3150000000000004,422.5622394578312,19.57911838855421,9336.473598154551,24.820013780120476,548.3959088754597,21.548797592546638,,25.853225798800086,,-0.009046264539737336,1.002410832400467,9.051347681799125,-0.0016231278533330729,0.058040156060954695,-0.05966328391428777
1930.08,20.79,0.9767,1.183,16.5,1930.6249999999459,3.319166666666667,419.6729249999999,19.71594737121212,9308.936298577702,23.88037856060606,529.7004156429738,21.300602241118142,,25.55847387197045,,-0.006757379401212918,1.0024143737135318,9.128157866870774,0.001292555437326648,0.05753436071056006,-0.056241805273233414
1930.09,20.78,0.9775,1.13,16.6,1930.7083333332791,3.3233333333333333,416.9441280120481,19.61322835090361,9284.66182446132,22.67309262048192,504.8925823696482,21.07258178844731,,25.290051551861236,,-0.004238740822291483,1.002417915007837,9.095074984703553,0.006225239071727229,0.05830489581456244,-0.05207965674283521
1930.1,17.92,0.9783,1.077,16.5,1930.7916666666124,3.3275,361.73827878787876,19.748245431818177,8091.964868209901,21.740632045454543,486.33070106373117,18.214870154658623,,21.88111820763574,,0.0030636907081038056,1.0024214562833882,9.172321049085298,0.021641346294053898,0.057794849026483686,-0.03615350273242979
1930.11,16.62,0.9792,1.023,16.4,1930.8749999999457,3.3316666666666666,337.5418125,19.88694,7587.769991655866,20.776490624999997,467.045048222861,16.939711377775165,,20.37793838549782,,0.007052520682752993,1.0024249975401915,9.25059563951995,0.031128960962345964,0.057279103473887094,-0.02615014251154113
1930.12,15.51,0.98,0.97,16.1,1930.958333333279,3.3358333333333325,320.86794177018623,20.274054347826084,7250.928984135865,20.06717624223602,453.4752491690387,16.05500185653132,,19.349603578733863,,0.010454922060588373,1.002428538778252,9.44581765860459,0.03130755440285138,0.05470282140297855,-0.023395267000127173
1931.01,15.98,0.9667,0.94,15.9,1931.0416666666122,3.34,334.74959276729555,20.250465039308175,7602.759362071949,19.691152515723267,447.22113894540877,16.705478731547608,,20.16754087441773,,0.008806309954358063,1.0003975293854486,9.58786105714472,0.02717211210930426,0.05350778743929574,-0.02633567532999148
1931.02,17.2,0.9533,0.91,15.7,1931.1249999999454,3.3683333333333327,364.8960828025477,20.224153240445858,8325.717045796717,19.30554856687898,440.4885181206403,18.161492436976086,,21.955007167462455,,0.005634474734884681,1.000424322533243,9.713859424660553,0.011904383362798976,0.051901915980160584,-0.03999753261736161
1931.03,17.53,0.94,0.88,15.6,1931.2083333332787,3.3966666666666665,374.2809511217949,20.069828525641025,8578.009151043683,18.78877564102564,430.61312338382436,18.579561032791283,,22.489225916378587,,0.004019637285697042,1.0004511098145998,9.780275985599827,0.009358355226678938,0.05021636140899677,-0.04085800618231783
1931.04,15.86,0.9267,0.85,15.5,1931.291666666612,3.425,340.80965645161285,19.913512524193543,7848.925254472433,18.26533467741935,420.65488438219217,16.872315331609663,,20.45981258480266,,0.00963111435178711,1.0004778912419263,9.847814983209565,0.015031281808771002,0.04853613387295086,-0.03350485206417986
1931.05,14.33,0.9133,0.82,15.3,1931.3749999999452,3.453333333333333,311.95730964052285,19.88210822712418,7222.606493503489,17.851011437908493,413.29639390599164,15.401539999110108,,18.720726910122238,,0.01592970353870063,1.0005046668276012,9.981312294117865,0.021161915537703635,0.04617931208523385,-0.025017396547530213
1931.06,13.87,0.9,0.79,15.1,1931.4583333332785,3.4816666666666665,305.94257698675494,19.852077814569537,7121.652290356285,17.42571274834437,405.6312407629031,15.062476074643248,,18.355604584013705,,0.016369824995931745,1.0005314365839755,10.118619061544909,0.02461182939728057,0.04238777793117188,-0.017775948533891306
1931.07,14.33,0.8867,0.76,15.1,1931.5416666666117,3.51,316.0891945364238,19.558708220198675,7395.7828462841,16.763976821192053,392.23970433886365,15.51675009551632,,18.95524228818746,,0.013585027838757306,1.000558200523371,10.123996465893525,0.02643785914864938,0.042125786651003194,-0.015687927502353816
1931.08,13.9,0.8733,0.73,15.1,1931.624999999945,3.5383333333333336,306.6043129139073,19.263132839403973,7211.4172826229815,16.10224089403973,378.7291090873939,15.006276602886546,,18.38052599120891,,0.015493991974094151,1.0005849586580824,10.129647686019393,0.027723308433181826,0.04045858069249464,-0.012735272259312813
1931.09,11.83,0.86,0.7,15,1931.7083333332782,3.566666666666667,262.6841641666666,19.096228333333332,6215.832416544217,15.543441666666665,367.8007347067585,12.817745261106884,,15.756886512834592,,0.027053310824360383,1.0006117110003754,10.203143598544234,0.0426136143806215,0.03812445419179089,0.00448916018883061
1931.1,10.25,0.8467,0.67,14.9,1931.7916666666115,3.595,229.12791526845635,18.927083498322144,5459.121194991311,14.977141778523487,356.8401171360174,11.14592640766093,,13.76433738879636,,0.03781356646706672,1.0006384575624876,10.277904335961615,0.05117042496034485,0.03581083605299673,0.01535958890734812
1931.11,10.39,0.8333,0.64,14.7,1931.8749999999447,3.6233333333333335,235.41743282312925,18.880976590136054,5646.460656280746,14.50117006802721,347.8089335918842,11.415600295644673,,14.160676478302936,,0.034645190862895074,1.0006651983566295,10.424391053843564,0.04259478303615705,0.033485331501043714,0.009109451535113333
1931.12,8.44,0.82,0.61,14.6,1931.958333333278,3.651666666666667,192.5440034246575,18.706881849315064,4655.536477597489,13.916095034246574,336.4783473145105,9.306032867968316,,11.613199088567855,,0.054115164894184165,1.0006919333949829,10.502772775488301,0.0558054583439227,0.031860940414411676,0.023944517929511022
1932.01,8.3,0.7933,0.5933,14.3,1932.0416666666113,3.68,193.3225262237762,18.47744097027972,4711.591064958231,13.819066844405594,336.79361190839984,9.312406455177845,,11.69073561324444,,0.05401698211852564,1.0056289406128645,10.730530344250981,0.05590821881018537,0.028153148068261746,0.027755070741923626
1932.02,8.23,0.7667,0.5767,14.1,1932.1249999999445,3.649166666666667,194.41113209219856,18.111180434397163,4774.905493862208,13.62295259751773,334.5914943268937,9.336932251008403,,11.788158853263374,,0.0526590801126532,1.0056069534178527,10.943994725598394,0.05118143241560191,0.02568111963983921,0.0255003127757627
1932.03,8.26,0.74,0.56,14,1932.2083333332778,3.6183333333333336,196.51351249999996,17.605326785714283,4862.5752783810885,13.32295,329.66612056820946,9.41306502801221,,11.947423933156472,,0.0525714392926687,1.0055849736590832,11.08396688847455,0.042843570261301256,0.02329283054414777,0.019550739717153487
1932.04,6.28,0.7133,0.5433,13.9,1932.291666666611,3.5875000000000004,150.48224100719423,17.092194667266185,3758.811404349755,13.018630818345322,325.18506942407987,7.192233196115487,,9.194748213584607,,0.08497925765276125,1.0055630013536887,11.226056670660979,0.06561226104946116,0.02155549758352482,0.044056763465936344
1932.05,5.51,0.6867,0.5267,13.7,1932.3749999999443,3.5566666666666666,133.95885857664234,16.695017819343065,3380.834401948915,12.80510541058394,323.17340825889164,6.390857289881444,,8.236318664933412,,0.10130033260620133,1.0055410365188449,11.453302965234942,0.07762117774999489,0.01845371154997366,0.059167466200021224
1932.06,4.77,0.66,0.51,13.6,1932.4583333332776,3.525833333333334,116.82071966911762,16.163873161764705,2982.2996430931476,12.490265625,318.8622259910913,5.565059371528965,,7.237633926294598,,0.12410976098602769,1.0055190791717696,11.601448239162194,0.09732776467230742,0.01734682547307531,0.0799809391992321
1932.07,5.01,0.6333,0.4933,13.6,1932.5416666666108,3.495,122.69849172794116,15.509971020220586,3165.3484435138175,12.08127065257353,311.6699375619494,5.838763671851201,,7.654884014145604,,0.11540991841757042,1.0054971293297246,11.665477550501317,0.09481471831784649,0.016366386145706846,0.07844833217213965
1932.08,7.53,0.6067,0.4767,13.5,1932.624999999944,3.464166666666667,185.7811361111111,14.968581046296295,4824.920172851337,11.761204194444442,305.45012568369617,8.834653205181212,,11.631377927995512,,0.058089853396922964,1.0054751870100134,11.816490146247121,0.04901987647437056,0.014643859788938451,0.03437601668543211
1932.09,8.26,0.58,0.46,13.4,1932.7083333332773,3.4333333333333336,205.31262499999997,14.416624999999996,5363.37346026281,11.433874999999999,298.68665759332845,9.76116856406371,,12.893505025072669,,0.04692628702632496,1.0054532522299842,11.969853218999802,0.03967912686817798,0.01353692220977143,0.026142204658406554
1932.1,7.12,0.5533,0.4433,13.3,1932.7916666666106,3.4025,178.30715037593984,13.856368862781952,4688.074644797224,11.101623562030074,291.8853216346361,8.478606607689082,,11.242814157261995,,0.06141159533027665,1.0054313250070273,12.125617530824751,0.06058693565950923,0.011208760058187384,0.04937817560132185
1932.11,7.05,0.5267,0.4267,13.2,1932.8749999999438,3.3716666666666666,177.8916619318182,13.290147282196967,4706.269424767299,10.766861297348484,284.8461224891073,8.463309567122897,,11.262911076993225,,0.06061268616557149,1.005409405358577,12.283835364943643,0.061795471835995874,0.009495915175874448,0.05229955666012143
1932.12,6.82,0.5,0.41,13.1,1932.958333333277,3.3408333333333338,173.40175381679387,12.712738549618319,4615.512391087361,10.424445610687021,277.47215254337505,8.257073999100678,,11.026422344303823,,0.06255143145346914,1.0053874933021107,12.444560583911183,0.06434206590433922,0.0077860255456307925,0.056556040358708426
1933.01,7.09,0.495,0.4125,12.9,1933.0416666666104,3.31,183.06146414728678,12.78073691860465,4900.9784591618,10.650614098837208,285.1415535125871,8.728046162813525,,11.691967993175696,,0.05540385057403736,1.0040962469810495,12.705583951645876,0.06466130799872527,0.0058956312347697715,0.0587656767639555
1933.02,6.25,0.49,0.415,12.7,1933.1249999999436,3.2941666666666674,163.91424704724406,12.850876968503936,4417.033846865204,10.883906003937007,293.2910474318496,7.8260517513165935,,10.52307952563707,,0.06724674762850755,1.0040840524872445,12.958536707401464,0.08251673619806033,0.0041137524297429895,0.07840298376831734
1933.03,6.23,0.485,0.4175,12.6,1933.2083333332769,3.2783333333333333,164.68646527777778,12.820695932539682,4466.633163972095,11.036372271825396,299.328947986894,7.874681322943166,,10.626790503904573,,0.0658475903793263,1.0040718590262971,13.114725607436442,0.08366474044582217,0.001346936196712667,0.0823178042491095
1933.04,6.89,0.48,0.42,12.6,1933.2916666666101,3.2624999999999997,182.13318551587298,12.688523809523808,4968.502058800419,11.102458333333331,302.8695014072824,8.723101646068109,,11.805335595835274,,0.053078308378454696,1.0040596665994306,13.168126921278493,0.07493557165153186,-1.7958247594429544e-05,0.07495352989912629
1933.05,8.87,0.475,0.4225,12.6,1933.3749999999434,3.2466666666666666,234.4733462301587,12.556351686507936,6424.859671222143,11.168544394841268,306.0319290971088,11.249651251932443,,15.24680814253285,,0.027490163162586824,1.0040474752078703,13.22158512631787,0.051536946445796206,-0.000797329999828178,0.052334276445624384
1933.06,10.39,0.47,0.425,12.7,1933.4583333332766,3.2308333333333334,272.4910442913386,12.326351377952756,7494.738055784995,11.146168799212596,306.5701322144968,13.098875517269521,,17.765664123579935,,0.015294045467209826,1.0040352848528435,13.17057082444881,0.037699766046815686,-0.00021244585716229114,0.03791221190397798
1933.07,11.23,0.465,0.4275,13.1,1933.54166666661,3.215,285.5281078244275,11.822846851145037,7880.414845600326,10.869391459923664,299.9890780493445,13.75430449387453,,18.661295964763028,,0.01369218345650454,1.0040230955355782,12.81994018575421,0.035626183953910484,0.0032628797449480995,0.032363304208962385
1933.08,10.67,0.46,0.43,13.2,1933.6249999999432,3.1991666666666667,269.2346145833333,11.60711553030303,7457.419436091384,10.850129734848485,300.5333043598215,12.999527050367737,,17.646361139482394,,0.019380219800860896,1.0040109072573054,12.774004544807035,0.03712964795088958,0.004401284866152322,0.032728363084737255
1933.09,10.58,0.455,0.4325,13.2,1933.7083333332764,3.1833333333333336,266.9636571969697,11.480951231060606,7421.017630815243,10.913211884469696,303.3639059855948,12.922920614885996,,17.5504536405235,,0.019426539845217042,1.0039987200192555,12.825239892340653,0.039659400079868234,0.0036203071778433404,0.036039092902024894
1933.1,9.55,0.45,0.435,13.2,1933.7916666666097,3.1675000000000004,240.9738115530303,11.354786931818182,6724.858840778936,10.976294034090909,306.31555976322903,11.696253568143694,,15.896625559601686,,0.02713604235410374,1.0039865338226626,12.87652443584991,0.04942704143210497,0.003419398523857975,0.04600764290824699
1933.11,9.78,0.445,0.4375,13.2,1933.874999999943,3.151666666666667,246.77736931818177,11.228622632575757,6912.931899982219,11.03937618371212,309.2441417425584,12.011766193389933,,16.33498388149352,,0.025048616954833305,1.0039743486687611,12.927857136031767,0.042051162884508164,0.0032198175913822347,0.03883134529312593
1933.12,9.97,0.44,0.44,13.2,1933.9583333332762,3.1358333333333333,251.57161268939396,11.102458333333333,7073.149817227889,11.102458333333333,312.15505712941535,12.281801622601112,,16.709206885291195,,0.02337652587398356,1.0039621645587875,12.97923694783029,0.04149469763294644,0.0030215635146513264,0.038473134118295116
1934.01,10.54,0.4408,0.4442,13.2,1934.0416666666094,3.12,265.9543428030303,11.122644621212121,7503.592722521041,11.208436344696969,316.2330063893593,13.02511982833238,,17.723577324689654,,0.01888830546946972,1.0049460002047168,13.030662820465087,0.03909674809213248,0.002824635433106293,0.03627211265902619
1934.02,11.32,0.4417,0.4483,13.3,1934.1249999999427,3.0925,283.4883345864661,11.061554539473683,8024.301333738105,11.226839257518794,317.7821809112007,13.926922904274296,,18.949402441246846,,0.015491638140697553,1.0049261411367563,12.996652989101028,0.03189902862455707,0.0033744785010205725,0.028524550123536496
1934.03,10.74,0.4425,0.4525,13.3,1934.208333333276,3.065,268.9633139097744,11.081589050751877,7639.301451946011,11.332020441729322,321.86069897631006,13.254537629740083,,18.036493561971547,,0.019977583686114603,1.0049062875674284,13.060676336030784,0.04029976471534824,0.0031684800054778695,0.03713128470987037
1934.04,10.92,0.4433,0.4567,13.3,1934.2916666666092,3.0375000000000005,273.47107894736837,11.101623562030074,7793.610836411024,11.437201625939847,325.94707591473576,13.518389284490093,,18.396276947912718,,0.01935215635981378,1.0048864395080688,13.124755769960458,0.03626321252539322,0.002389175467176319,0.0338740370582169
1934.05,9.81,0.4442,0.4608,13.3,1934.3749999999425,3.0100000000000002,245.67319454887217,11.124162387218043,7027.8219596752115,11.5398784962406,330.1142058122668,12.181583235024025,,16.583942576102285,,0.027744981955740003,1.0048665969700379,13.188889095088546,0.04932316947008708,0.0021858826627716432,0.04713728680731544
1934.06,9.94,0.445,0.465,13.4,1934.4583333332757,2.9825,247.07112499999997,11.06103125,7094.179705970736,11.558156249999998,331.8705798064781,12.287726483952426,,16.73447898214169,,0.02804204524269345,1.0048467599647228,13.154170564716297,0.05300968567713471,0.002163518598120362,0.05084616707901435
1934.07,9.47,0.4458,0.4692,13.4,1934.541666666609,2.955,235.38868749999997,11.080916249999996,6785.254586682061,11.662552499999999,336.18177952177643,11.741524229318243,,15.999498232451357,,0.03153029135162575,1.0048269285035347,13.2179256719785,0.0602604038954877,0.0013952474012906002,0.0588651564941971
1934.08,9.1,0.4467,0.4733,13.4,1934.6249999999422,2.9275,226.19187499999995,11.103286874999998,6546.821313706018,11.764463124999997,340.5066514040724,11.31502598182905,,15.429440235825364,,0.035588081455892685,1.0048071025979108,13.281727654162175,0.0629337284379714,0.0011959038505688913,0.06173782458740251
1934.09,8.88,0.4475,0.4775,13.6,1934.7083333332755,2.9000000000000004,217.4775661764706,10.959595818014705,6321.0315362622005,11.694317325367646,339.89781064923426,10.909954083288843,,14.889060036884652,,0.040018781641811475,1.0047872822593136,13.14931583635452,0.06535910785491295,0.0024819339375721228,0.06287717391734082
1934.1,8.95,0.4483,0.4817,13.5,1934.7916666666088,2.8724999999999996,220.81556018518515,11.06051571296296,6444.840725363436,11.884564842592592,346.8692488723539,11.10835260535173,,15.171974636031166,,0.03736637727212226,1.0047674674992313,13.310133954800603,0.06632161865560282,0.0015454486364046005,0.06477617001919822
1934.11,9.2,0.4492,0.4858,13.5,1934.874999999942,2.8449999999999998,226.98359259259254,11.082720629629627,6651.8197256420535,11.985720574074072,351.24500246922935,11.4488086902057,,15.647600135571416,,0.03496436017184488,1.0047476583291777,13.37358958584053,0.0626539558495991,0.0013498189515908088,0.06130413689800829
1934.12,9.26,0.45,0.49,13.4,1934.9583333332753,2.8175,230.16887499999996,11.185312499999998,6772.481080780495,12.179562499999998,358.3710291125748,11.639337566475884,,15.918287827037355,,0.0325188803998998,1.004727854760692,13.53735955729016,0.06287266206597542,-0.0001520609469868317,0.06302472301296225
1935.01,9.26,0.45,0.57,13.6,1935.0416666666085,2.79,226.78403860294114,11.020822610294116,6699.90879629859,13.95970863970588,412.4133924287469,11.4959079682016,,15.731975583272826,,0.03531102516253854,1.0033352317261985,13.401342194368524,0.06756774959312328,0.0011372253044716896,0.0664305242886516
1935.02,8.98,0.45,0.65,13.7,1935.1249999999418,2.7783333333333333,218.32133394160584,10.940378649635036,6476.828482606821,15.80276916058394,468.81275208178545,11.087812159055568,,15.179973139310759,,0.03991129006012651,1.0033260709525895,13.34789250759066,0.07512445941483348,0.0018674549898307635,0.07325700442500271
1935.03,8.41,0.45,0.73,13.7,1935.208333333275,2.7666666666666666,204.46352098540143,10.940378649635036,6092.762651093665,17.7477253649635,528.8604917120541,10.398272404790033,,14.241120748641016,,0.04544215282497625,1.0033169106083266,13.392288545138442,0.08205899020700858,0.0018637406386492472,0.08019524956835933
1935.04,9.04,0.446667,0.756667,13.8,1935.2916666666083,2.755,218.18744202898546,10.780655992119563,6528.489562085567,18.262747477626807,546.4482977294911,11.104210207149528,,15.203114450417122,,0.040722612186610836,1.0033077506937862,13.339342108438048,0.07768844316916934,0.002588681703337592,0.07509976146583175
1935.05,9.75,0.443333,0.783333,13.8,1935.3749999999416,2.743333333333333,235.32384510869562,10.700187304981883,7067.9164235530925,18.906352160054343,567.849453929345,11.985576683480105,,16.397052898465713,,0.03365004319948609,1.0032985912093437,13.383465326551885,0.07293273867313022,0.002022971969042109,0.0709097667040881
1935.06,10.12,0.44,0.81,13.7,1935.4583333332748,2.731666666666667,246.03695985401458,10.69725912408759,7416.457434086083,19.692681569343065,593.6097353369296,12.5395193244439,,17.136505102037567,,0.02824791923225714,1.0032894321553765,13.525623673377721,0.0689051025371128,0.0001781255406505533,0.06872697699646224
1935.07,10.65,0.44,0.793333,13.7,1935.541666666608,2.72,258.9222947080292,10.69725912408759,7831.739964980231,19.287474256113136,583.396972923724,13.20213793651102,,18.016989509797185,,0.02325375540417296,1.0032802735322615,13.570115294810451,0.06128293189719769,0.00017346680865371056,0.06110946508854398
1935.08,11.37,0.44,0.776667,13.7,1935.6249999999413,2.708333333333333,276.4269005474452,10.69725912408759,8388.173446060202,18.882291254835764,572.9830699939524,14.105056846668957,,19.21922654042148,,0.018521673753049417,1.003271115340376,13.614628984841755,0.0547678787068131,0.00016857055472474514,0.054599308152088355
1935.09,11.61,0.44,0.76,13.7,1935.7083333332746,2.6966666666666668,282.2617691605839,10.69725912408759,8592.28320742725,18.47708394160584,562.457815473274,14.418891702707441,,19.61552148991376,,0.01709523905249677,1.0032619575800976,13.659164006567597,0.05955795284923204,0.00016343682892983047,0.05939451602030221
1935.1,11.92,0.45,0.76,13.7,1935.7916666666079,2.685,289.79847445255473,10.940378649635036,8849.459642791675,18.47708394160584,564.2272926612143,14.826232627114097,,20.137764924493013,,0.01530646538243631,1.0032528002518044,13.703719620136617,0.06111217938451907,0.00015806568157428202,0.06095411370294479
1935.11,13.04,0.46,0.76,13.8,1935.874999999941,2.6733333333333333,314.73055797101443,11.102458333333331,9639.053274777825,18.343192028985506,561.7853135606708,16.129605163251146,,21.868060170749104,,0.0090440330830283,1.0032436433558753,13.648669756080931,0.0558155468986008,0.0008801085441312306,0.05493543835446957
1935.12,13.04,0.47,0.76,13.8,1935.9583333332744,2.6616666666666666,314.73055797101443,11.343816123188404,9668.004930191588,18.343192028985506,563.4726799804914,16.159192714615333,,21.86991307554189,,0.009589829641508799,1.0032344868926886,13.69294117305178,0.057034186856732116,0.00032296307136503444,0.05671122378536708
1936.01,13.76,0.48,0.77,13.8,1936.0416666666076,2.65,332.10831884057967,11.585173913043477,10231.47761017208,18.584549818840575,572.5463488250364,17.08735984599725,,23.082290704692642,,0.0063450083552025055,1.0019905526047752,13.737230811798373,0.05549989226809093,0.0003168788909402309,0.0551830133771507
1936.02,14.55,0.49,0.78,13.8,1936.1249999999409,2.6525,351.1755842391304,11.82653170289855,10849.257599109917,18.825907608695648,581.60968572548,18.104536459517796,,24.406816425328536,,0.003031991832353434,1.0019926619203892,13.764575492373197,0.05052476140234874,0.0008071457231515478,0.04971761567919719
1936.03,14.86,0.5,0.79,13.7,1936.2083333332741,2.6550000000000002,361.2756149635036,12.155976277372263,11192.584746551083,19.206442518248178,595.0297409000915,18.66047820392603,,25.10458582278154,,0.0011986641291621691,1.0019947712317432,13.892675197207225,0.043274381012652574,-0.0010795426547715037,0.04435392366742408
1936.04,14.88,0.516667,0.82,13.7,1936.2916666666074,2.6574999999999998,361.76185401459855,12.56118359060219,11240.078350871514,19.935801094890508,619.4129198732957,18.718999665151504,,25.132351826424664,,0.0004605313200985728,1.0019968805388375,13.920387906022567,0.049113882159924405,-0.0016842079616904426,0.05079809012161485
1936.05,14.09,0.533333,0.85,13.7,1936.3749999999407,2.66,342.5554114963503,12.96636659187956,10676.899374285733,20.665159671532844,644.0996783635823,17.75019251932865,,23.78763740930134,,0.003896886535635767,1.0019989898416737,13.948185257725171,0.05449388161950286,-0.0022853445081115753,0.056779226127614435
1936.06,14.69,0.55,0.88,13.8,1936.458333333274,2.6625,354.5545932971014,13.274678442028984,11085.37369929626,21.239485507246375,664.0659533955554,18.393001065831353,,24.600188642602646,,0.0031610941699746348,1.0020010991402517,13.874791686637861,0.04905732523340478,-0.002692441050966332,0.05174976628437111
1936.07,15.56,0.57,0.9,13.9,1936.5416666666072,2.665,372.85090287769776,13.658419964028774,11693.005990285446,21.565926258992803,676.3306806720375,19.360464512319144,,25.83897713061025,,0.002233642935978726,1.002003208434573,13.802538128120407,0.03485433857469422,-0.00771982943865801,0.04257416801335223
1936.08,15.87,0.59,0.92,14,1936.6249999999404,2.6675000000000004,377.5628866071428,14.036679464285712,11877.462658796509,21.88770357142857,688.5485599302325,19.623060162983766,,26.133390803641134,,0.0027788018202817566,1.002005317724638,13.731400435424906,0.029486460079607646,-0.009051462469449323,0.03853792254905697
1936.09,16.05,0.61,0.94,14,1936.7083333332737,2.67,381.84526339285713,14.512499107142856,12050.223484068862,22.363523214285713,705.7451760140018,19.862024243287642,,26.39571021198168,,0.0015801041292270723,1.0020074270104475,13.758936256102166,0.011119267030271995,-0.010086155877858771,0.021205422908130767
1936.1,16.89,0.646667,0.966667,14,1936.791666666607,2.6725000000000003,401.82968839285707,15.384843049374997,12721.34879346235,22.997957335089286,728.082183193006,20.913091852533128,,27.733337274008388,,-0.0015323636777370975,1.0020095362920027,13.78655631637769,0.0018118004661058507,-0.012065044998046281,0.013876845464152132
1936.11,17.36,0.683333,0.993333,14,1936.8749999999402,2.675,413.01144999999997,16.257163200624998,13118.237113129859,23.63236766491071,750.6208425286072,21.499765341024176,,28.45147494181041,,-0.0034157639075073493,1.0020116455693042,13.814260901637189,-0.00364020448549629,-0.014467184715541426,0.010826980230045136
1936.12,17.06,0.72,1.02,14,1936.9583333332735,2.6774999999999998,405.87415535714274,17.12950714285714,12936.878996358475,24.266801785714282,773.4828004856769,21.12566354815545,,27.902761077390366,,-0.002617108202557901,1.0020137548423524,13.842050298373179,0.00015225947387853545,-0.01544572474978212,0.015597984223660655
1937.01,17.59,0.73,1.05,14.1,1937.0416666666067,2.68,415.51540868794325,17.244243794326238,13289.989150745128,24.803364361702126,793.3194205959286,21.618741582953522,,28.495637926638672,,-0.0019147817965586844,1.0031037291014482,13.771556533237916,-0.0016219133904044059,-0.014802451668775474,0.013180538278371068
1937.02,18.11,0.74,1.08,14.1,1937.12499999994,2.67,427.798979609929,17.480466312056734,13729.462925011761,25.51203191489362,818.7642164004808,22.24422155280517,,29.256928436697724,,-0.0025544665829975097,1.003095811177983,13.814299714022365,-0.0006933345052345663,-0.015061434916469607,0.01436810041123504
1937.03,18.09,0.75,1.11,14.2,1937.2083333332732,2.66,424.3171927816901,17.591923415492957,13664.769553909566,26.036046654929578,838.468446923141,22.042197016050586,,28.92836198628081,,-0.0007852409874235591,1.0030878935270666,13.759481204412108,-0.005787775137648499,-0.016436775195656006,0.010649000058007507
1937.04,17.01,0.78,1.13,14.3,1937.2916666666065,2.6500000000000004,396.1947194055944,18.167659090909087,12807.865682808502,26.319813811188805,850.8458684052677,20.556579457432868,,26.92894686820967,,0.0032817335242658896,1.0030799761489029,13.705451751503347,-0.0026710585636944284,-0.016000686562638533,0.013329627998944105
1937.05,16.25,0.81,1.15,14.4,1937.3749999999397,2.64,375.86447482638886,18.7353984375,12201.117726471995,26.599639756944438,863.4637160272488,19.47417468657211,,25.472602466914196,,0.0062037965103382,1.0030720590436968,13.652194325618973,0.0008149910266526117,-0.015567038605830974,0.016382029632483586
1937.06,15.64,0.84,1.17,14.4,1937.458333333273,2.63,361.7551006944444,19.42930208333333,11795.665198946155,27.062242187499994,882.4122942945651,18.71165996036497,,24.446563497204853,,0.007275546932276514,1.0030641422116537,13.694134672663296,0.00762072074464748,-0.016265375639800128,0.023886096384447608
1937.07,16.57,0.816667,1.18667,14.5,1937.5416666666063,2.62,380.622899137931,18.7593338062931,12461.856594070803,27.25852599396551,892.4629670782136,19.64672327960763,,25.62875608945356,,0.007198237782659919,1.003056225652979,13.641363756015766,0.00770673297218627,-0.016722484634776547,0.024429217606962816
1937.08,16.74,0.793333,1.20333,14.5,1937.6249999999395,2.6100000000000003,384.52790172413785,18.22333774543103,12639.42946436475,27.641216247413787,908.5665864608145,19.806982577380964,,25.793551964451094,,0.007456142262218073,1.0030483093678773,13.683054841868518,0.003359865816855212,-0.018286541991184957,0.02164640780804017
1937.09,14.37,0.77,1.22,14.6,1937.7083333332728,2.6,327.82669777397257,17.566218321917805,10823.778073080492,27.832190068493148,918.9289665384969,16.84788286270581,,21.91340053366969,,0.016529295513579914,1.0030403933565546,13.630759786219205,0.014584059864123589,-0.020010888104683655,0.034594947968807244
1937.1,12.28,0.78,1.19,14.6,1937.791666666606,2.59,280.1469623287671,17.79435102739726,9298.506632719462,27.14779195205479,901.0767828123908,14.361659574753354,,18.672774871583663,,0.026337983197570615,1.0030324776192163,13.672202657718017,0.03319787214831327,-0.020251145661065006,0.053449017809378274
1937.11,11.2,0.79,1.16,14.5,1937.8749999999393,2.58,257.2707586206896,18.146776724137933,8589.4036797003,26.645899999999994,889.6168096832452,13.158119166486065,,17.113718043460686,,0.032697868622299425,1.0030245621560687,13.80824029460213,0.04022158911946394,-0.021586717669969002,0.06180830678943294
1937.12,11.02,0.8,1.13,14.4,1937.9583333332725,2.57,254.89393923611107,18.50409722222222,8561.532144115956,26.137037326388885,877.9066536162459,13.008483033706135,,16.928806001197064,,0.03299238138244402,1.0030166469673172,13.946184760192136,0.038055128799596494,-0.02375946205406332,0.06181459085365981
1938.01,11.31,0.793333,1.07667,14.2,1938.0416666666058,2.56,265.2862051056338,18.608337838644363,8962.679547403486,25.25426157834507,853.2138097526888,13.511461918562416,,17.591202047422144,,0.028858466812653638,1.0035927963643612,14.185273158917358,0.03110304712027201,-0.026597243407654902,0.05770029052792691
1938.02,11.04,0.786667,1.02333,14.1,1938.124999999939,2.5433333333333334,260.78965957446803,18.582845935549642,8863.082376281443,24.173358906914892,821.5451166775445,13.263076236460867,,17.27813115769795,,0.030858458141780898,1.0035800712783167,14.337204183393803,0.02844246273098916,-0.026518995026350467,0.05496145775733963
1938.03,10.31,0.78,0.97,14.1,1938.2083333332723,2.5266666666666664,243.54541578014184,18.42535638297872,8329.21011357971,22.913584219858155,783.6405247499823,12.377286234697689,,16.140609995378338,,0.03642098978419209,1.003567347466768,14.388532396302134,0.03726465851191341,-0.0261621543400955,0.06342681285200891
1938.04,9.89,0.766667,0.903333,14.2,1938.2916666666056,2.51,231.97883010563382,17.982862865580984,7984.885824657454,21.18848660625,729.3236467790991,11.789517720684188,,15.393610143198428,,0.04130907317683161,1.0035546249313114,14.338172126876191,0.04810489359934422,-0.027181975581121565,0.07528686918046579
1938.05,9.98,0.753333,0.836667,14.1,1938.3749999999388,2.493333333333333,235.75007269503544,17.795421794946808,8165.73914825833,19.763958524202128,684.5695867691235,11.992275930545695,,15.677821270315901,,0.038776390744273165,1.0035419036735465,14.49118958184589,0.050764082631583385,-0.028334194709689453,0.07909827734127284
1938.06,10.21,0.74,0.77,14.1,1938.458333333272,2.4766666666666666,241.18319060283687,17.480466312056734,8404.383829444903,18.189133865248223,633.8271840031904,12.288966307788126,,16.08360605259887,,0.037501644440433184,1.003529183695074,14.542515979459887,0.05157468469384208,-0.029200565630217,0.08077525032405908
1938.07,12.24,0.713333,0.72,14.1,1938.5416666666054,2.46,289.13636170212766,16.850531724024822,10124.314570674804,17.00802127659574,595.5479159220472,14.770328017492066,,19.332142114203577,,0.023997805336053377,1.0035164649974975,14.593839189739949,0.028868789327310296,-0.030457331358398787,0.05932612068570908
1938.08,12.31,0.686667,0.67,14.1,1938.6249999999386,2.4433333333333334,290.78991932624115,16.22062075824468,10229.546439905935,15.826908687943261,556.7665405960174,14.903588512604369,,19.505140465262325,,0.023559102649396813,1.0035037475824222,14.645157914429776,0.024802991904072424,-0.030909865462287356,0.05571285736635978
1938.09,11.75,0.66,0.62,14.1,1938.7083333332719,2.4266666666666667,277.5614583333333,15.590686170212765,9809.894047367143,14.645796099290779,517.6284518610748,14.282330508639971,,18.692886470097662,,0.025504494672704103,1.0034910314514565,14.696470851066652,0.02840862137816691,-0.03096553203422925,0.05937415341239616
1938.1,13.06,0.61,0.626667,14,1938.7916666666051,2.4099999999999997,310.71022678571427,14.512499107142856,11024.218789087663,14.909023406517855,528.9827041271974,16.061147643333445,,21.007760685339587,,0.017787274932387638,1.0034783166062096,14.853117955126233,0.020099522250726087,-0.03131410402448809,0.051413626275214175
1938.11,13.07,0.56,0.633333,14,1938.8749999999384,2.393333333333333,310.9481366071428,13.32295,11072.052306038782,15.067614093482144,536.5184470650697,16.149571800715513,,21.100739467650815,,0.01761303662031906,1.0034656030482938,14.904781801963539,0.01517961078111485,-0.03057138038039353,0.04575099116150838
1938.12,12.69,0.51,0.64,14,1938.9583333332716,2.3766666666666665,301.90756339285707,12.133400892857141,10786.144298901207,15.22622857142857,543.9820607798875,15.756484438994002,,20.558601794186636,,0.0198958690071016,1.0034528907793234,14.956435859210577,0.01811058708591262,-0.030224374065182524,0.048334961151095146
1939.01,12.5,0.513333,0.663333,14,1939.041666666605,2.36,297.3872767857142,12.212696236339285,10661.009513045501,15.781343557767855,565.7439538653609,15.599634410919284,,20.324966524351193,,0.02070066816154087,1.0030715805683288,15.008078798680387,0.021381882689988307,-0.02987516925474043,0.05125705194472874
1939.02,12.4,0.516667,0.686667,13.9,1939.1249999999382,2.3474999999999997,297.1305395683453,12.38044713606115,10688.791224367127,16.454010984982013,591.9064680372986,15.66469692895477,,20.378795316805135,,0.019857014083435126,1.003061826930466,15.162480755856766,0.018527802313304864,-0.02987687810634021,0.048404680419645074
1939.03,12.39,0.52,0.71,13.9,1939.2083333332714,2.335,296.89091816546755,12.460312949640286,10717.524534110047,17.013119604316543,614.1600015511004,15.729223743214224,,20.428999210181132,,0.020294782447704884,1.0030520738380837,15.208905647767722,0.019772370842840337,-0.029993960539809184,0.04976633138264952
1939.04,10.83,0.523333,0.726667,13.8,1939.2916666666047,2.3225,261.39048641304345,12.631049623822463,9473.98492521987,17.53867410806159,635.6816439201057,13.916994579812405,,18.05203776064043,,0.02856903646779818,1.0030423212916948,15.365870179430152,0.03242806109918028,-0.031216334501771414,0.0636443956009517
1939.05,11.23,0.526667,0.743333,13.8,1939.374999999938,2.31,271.04479800724636,12.711518310960143,9862.294888744538,17.940921000634056,652.8022481331384,14.502929499657773,,18.78255294980134,,0.025213062237963685,1.0030325692918127,15.41261809344245,0.028539893194471144,-0.03092500054130587,0.059464893735777014
1939.06,11.43,0.53,0.76,13.8,1939.4583333332712,2.2975000000000003,275.87195380434775,12.791962862318838,10076.724422909136,18.343192028985506,670.01842182073,14.833828921489788,,19.177986644847646,,0.023225714827656528,1.0030228178389522,15.459357925779061,0.02075272607056955,-0.03144511621502333,0.05219784228559288
1939.07,11.71,0.54,0.776667,13.8,1939.5416666666044,2.285,282.6299719202898,13.033320652173913,10363.24545855616,18.745463057336952,687.343361277578,15.270952598570254,,19.706503149702858,,0.020283560367290836,1.0030130669336272,15.506088748695856,0.024962247495403656,-0.0307438097296876,0.055706057225091254
1939.08,11.54,0.55,0.793333,13.8,1939.6249999999377,2.2725,278.5268894927536,13.274678442028984,10253.359067058518,19.147709949909416,704.8811186089025,15.120082343333987,,19.47632269488879,,0.021061966700567147,1.0030033165763537,15.55280963197444,0.029826313231360313,-0.03126371444582321,0.06109002767718352
1939.09,12.77,0.56,0.81,14.1,1939.708333333271,2.26,301.65615514184395,13.228460992907802,11145.393870168764,19.134023936170212,706.9513731273845,16.452835577060963,,21.145000339724785,,0.017934373511527428,1.0029935667676464,15.267614969696748,0.022741005106948764,-0.02969610919625154,0.052437114303200305
1939.1,12.9,0.58,0.84,14,1939.7916666666042,2.2475,306.9036696428571,13.79876964285714,11381.761253873568,19.984424999999995,741.1379421126975,16.821204806265634,,21.56969282096798,,0.016031261671560375,1.0029838175080226,15.422700448737618,0.024637494911377233,-0.029681368728167845,0.05431886363954508
1939.11,12.67,0.6,0.87,14,1939.8749999999375,2.2350000000000003,301.43174374999995,14.274589285714283,11222.945980563703,20.698154464285714,770.6363854057162,16.599238509946645,,21.237270183870653,,0.016951215255656606,1.0029740687979982,15.46871897235755,0.027644050803828035,-0.030198812680253595,0.05784286348408163
1939.12,12.37,0.62,0.9,14,1939.9583333332707,2.2225,294.29444910714284,14.750408928571428,11002.975058292724,21.411883928571427,800.5398183074739,16.28041290128384,,20.78401512990761,,0.018823727111642062,1.0029643206380907,15.514724006798241,0.03385970447103115,-0.02948810779112232,0.06334781226215347
1940.01,12.3,0.623333,0.93,13.9,1940.041666666604,2.21,294.7343255395683,14.9363927919964,11065.957373850752,22.284790467625896,836.6943380228616,16.37848034261367,,20.86077318459388,,0.018449926158429525,1.0037715554144664,15.672662210584335,0.03640069618915631,-0.029878658206996644,0.06627935439615296
1940.02,12.22,0.626667,0.96,14,1940.1249999999372,2.1883333333333335,290.7258017857143,14.909023406517855,10962.102481897946,22.839342857142857,861.1799003782347,16.216119847731058,,20.606533623194913,,0.020555367211535183,1.0037555134840215,15.619402720856597,0.039971189749723024,-0.029539517735034382,0.0695107074847574
1940.03,12.15,0.63,0.99,14,1940.2083333332705,2.166666666666667,289.06043303571425,14.98831875,10946.403889963965,23.55307232142857,891.9292058489158,16.172906305307897,,20.505754657089806,,0.021515605176069638,1.0037394744304893,15.678061598387135,0.0411046034255218,-0.030304361536501623,0.07140896496202342
1940.04,12.27,0.636667,1.00667,14,1940.2916666666038,2.145,291.91535089285713,15.146933227946425,11102.316343509643,23.949667993749994,910.8695023244376,16.370988707128785,,20.710720299995636,,0.02040533302472749,1.0037234382585667,15.73668930885394,0.04310593137441132,-0.030653668957569047,0.07375960033198037
1940.05,10.58,0.643333,1.02333,14,1940.374999999937,2.1233333333333335,251.70859107142854,15.305523914910713,9621.655592584917,24.346025756249997,930.6359940982913,14.138747694800726,,17.86179828935765,,0.030844754648737413,1.0037074049729597,15.795283899889702,0.061770599522881,-0.03140908192693814,0.09317968144981914
1940.06,9.67,0.65,1.04,14.1,1940.4583333332703,2.1016666666666666,228.42717464539004,15.354463652482268,8780.62553648565,24.56714184397163,944.3485582156233,12.843765598268806,,16.21264775114824,,0.0394743005712911,1.0036913745783809,15.741404808196632,0.0733769569352607,-0.031469676625855425,0.10484663356111612
1940.07,9.99,0.656667,1.05333,14,1940.5416666666035,2.08,237.67191160714285,15.62275287080357,9186.03279807286,25.059755220535713,968.5609536730816,13.369884763210056,,16.862230313337157,,0.03710469109993485,1.0036753470795532,15.912365888517423,0.05982500065828256,-0.03370837290542916,0.09353337356371172
1940.08,10.2,0.663333,1.06667,14,1940.6249999999368,2.0583333333333336,242.66801785714281,15.781343557767855,9429.961738222906,25.377126922321427,986.1428713049244,13.649399392391636,,17.199450235230614,,0.03638389967306204,1.0036593224812065,15.970849356014567,0.0630079979701772,-0.034840854558174206,0.0978488525283514
1940.09,10.63,0.67,1.08,14,1940.70833333327,2.0366666666666666,252.8981401785714,15.939958035714284,9879.117595525517,25.694260714285715,1003.7109128097422,14.214842598620635,,17.89452729562805,,0.03309206681458917,1.0036433007880792,16.029291844106993,0.061925878084512886,-0.0355677191860454,0.09749359727055829
1940.1,10.73,0.67,1.07,14,1940.7916666666033,2.015,255.2772383928571,15.939958035714284,10023.943167049762,25.45635089285714,999.5917230888393,14.328290323104953,,18.021167440415656,,0.03334593345226505,1.0036272820049184,16.08769137571498,0.06443612995041237,-0.03668150183557217,0.10111763178598454
1940.11,10.98,0.67,1.06,14,1940.8749999999366,1.9933333333333334,261.2249839285714,15.939958035714284,10309.65201625039,25.21844107142857,995.2851673247187,14.636689248763604,,18.393381330164434,,0.032690244174055846,1.0036112661364796,16.14604596914279,0.061437338019165066,-0.03739540388716489,0.09883274190632996
1940.12,10.53,0.67,1.05,14.1,1940.9583333332698,1.9716666666666665,248.74231117021273,15.826908687943261,9869.056644328617,24.803364361702126,984.0939673831955,13.908426122353838,,17.470115111948225,,0.03900533222390959,1.0035952531875263,16.08942914430133,0.06502516778789613,-0.038191801895766986,0.10321696968366312
1941.01,10.55,0.673333,1.05333,14.1,1941.041666666603,1.95,249.21475620567375,15.905641653102835,9940.390413813699,24.88202646010638,992.4655388229747,13.90415826795083,,17.45972403115236,,0.04047838438753475,0.9978035430605655,16.14727471571786,0.07079913927299653,-0.04003285245580568,0.1108319917288022
1941.02,9.89,0.676667,1.05667,14.1,1941.1249999999363,1.9925,233.624070035461,15.984398240514183,9371.657728843236,24.960924781028368,1001.2891377489163,13.00294330340245,,16.330448496085065,,0.0462896330682669,0.9978467915278134,16.111807922115567,0.08041742736134294,-0.040820039230184846,0.12123746659152779
1941.03,9.95,0.68,1.06,14.2,1941.2083333332696,2.035,233.38618397887322,15.950010563380282,9415.433683144218,24.86325176056338,1003.0512265460172,12.955719822063328,,16.27420136378622,,0.047477159338851195,0.9978900180657854,15.963896715156022,0.07829477129635976,-0.04017845807873954,0.1184732293750993
1941.04,9.64,0.683333,1.07,14.3,1941.2916666666029,2.0775,224.53363286713287,15.916103832779717,9111.805928920832,24.922301573426573,1011.372649786856,12.42937038922078,,15.620596350743051,,0.05165392853546111,0.9979332227445837,15.81881308930914,0.08390673754652656,-0.039171540119704584,0.12307827766623114
1941.05,9.43,0.686667,1.08,14.4,1941.374999999936,2.12,218.1170460069444,15.882691159114582,8905.125559269223,24.98053125,1019.8871266183205,12.037206512481573,,15.138524744744721,,0.0558316308743399,0.9979764056340686,15.676493298943138,0.08666245050980859,-0.03854367547521487,0.12520612598502345
1941.06,9.76,0.69,1.09,14.7,1941.4583333332694,2.1625,221.14284353741496,15.634073979591836,9081.8520322679,24.697305272108846,1014.2642126200831,12.164306590628444,,15.307415379169962,,0.057901603030118695,0.9980195668038597,15.325489406131432,0.08328639154804907,-0.036231839601446825,0.11951823114949589
1941.07,10.26,0.693333,1.12333,14.7,1941.5416666666026,2.205,232.47188265306121,15.709593354336732,9600.874060176844,25.45249901955782,1051.1647035105705,12.744996277919581,,16.045059460934297,,0.053731040578336345,0.9980627063233352,15.295138298164433,0.07979991462202829,-0.03590779250311171,0.11570770712514
1941.08,10.21,0.696667,1.15667,14.9,1941.6249999999359,2.2474999999999996,228.23375755033555,15.573254375251675,9479.440159396898,25.856135195469797,1073.9063711233703,12.463173720387806,,15.69806213384446,,0.056428920036089306,0.9981058242616352,15.060600987570371,0.0864220532196418,-0.0342828740708816,0.1207049272905234
1941.09,10.24,0.7,1.19,15.1,1941.7083333332691,2.29,225.87252980132448,15.440504966887415,9434.811184758159,26.248858443708606,1096.4282529162315,12.279729272093077,,15.475689806719107,,0.05919969516273364,0.9981489206876621,14.832973250487443,0.08945258461030026,-0.03341986732975255,0.12287245194005281
1941.1,9.83,0.703333,1.18,15.3,1941.7916666666024,2.3325,213.99444199346402,15.311226131290846,8991.95385650549,25.688040849673197,1079.400361208187,11.577814956574077,,14.603833689036147,,0.06569975715858946,0.9981919956700795,14.611980080555643,0.09430113007398822,-0.03220217209398457,0.1265033021679728
1941.11,9.37,0.706667,1.17,15.4,1941.8749999999357,2.3750000000000004,202.65591152597398,15.283910889042206,8569.03232265907,25.30495373376623,1069.985893010791,10.911668685916965,,13.782187279853883,,0.07255785021929935,0.9982350492773152,14.490850118617512,0.09623377272634315,-0.03199591601327467,0.12822968873961782
1941.12,8.76,0.71,1.16,15.5,1941.958333333269,2.4175,188.24039032258062,15.256926612903223,8013.251303570044,24.92680967741935,1061.1154694225172,10.086593309917903,,12.764729919112966,,0.08096627743906742,0.9982780815775614,14.371950130730095,0.1071007616899955,-0.03142680257293928,0.13852756426293478
1942.01,8.93,0.703333,1.12,15.7,1942.0416666666022,2.46,189.44895461783437,14.921131198009553,8117.63074740771,23.76067515923567,1018.1127029223558,10.101686431929254,,12.80779972330016,,0.08377724425041955,1.0019767381834872,14.164435890319817,0.10983771849347534,-0.02987863079422126,0.1397163492876966
1942.02,8.65,0.696667,1.08,15.8,1942.1249999999354,2.4608333333333334,182.34733781645568,14.686170265268986,7865.776306068382,22.767066455696202,982.0853653819485,9.680255591749363,,12.30024346466457,,0.09014327718468033,1.001977435551568,14.102609731898148,0.11269306381535293,-0.028607319473923032,0.14130038328927597
1942.03,8.18,0.69,1.04,16,1942.2083333332687,2.461666666666667,170.28395468749997,14.363805468749998,7397.0408285806725,21.649793749999997,940.4550686704033,9.00342661776097,,11.470465379020197,,0.09989484720160219,1.0019781329194886,13.953865524579996,0.12038844714628061,-0.027464270283647396,0.147852717429928
1942.04,7.84,0.68,1.02,16.1,1942.291666666602,2.4625,162.19243478260867,14.067711180124222,7096.4741445459,21.10156677018633,923.2657688057164,8.544255707588265,,10.91820615083115,,0.10721421232122583,1.0019788302872494,13.894626708400779,0.12485082395492375,-0.027306001405905556,0.1521568253608293
1942.05,7.93,0.67,1.0,16.3,1942.3749999999352,2.4633333333333334,162.0414010736196,13.690761503067483,7139.784042347801,20.433972392638033,900.3510772191427,8.506116259696052,,10.901248386825078,,0.11045791687741957,1.0019795276548498,13.751298235990081,0.12468642324822121,-0.026182089194104585,0.1508685124423258
1942.06,8.33,0.66,0.98,16.3,1942.4583333332685,2.4641666666666664,170.2149900306748,13.486421779141102,7549.443782482511,20.025292944785274,888.1698567626485,8.905456928518053,,11.442697243987237,,0.10592353761816534,1.0019802250222902,13.77851931113831,0.12158600518883489,-0.026626851226970838,0.14821285641580573
1942.07,8.64,0.646667,0.966667,16.4,1942.5416666666017,2.465,175.473,13.133402603124999,7831.190654764015,19.632402603125,876.1751824848109,9.150488900994745,,11.784997227682222,,0.10353127198083709,1.0019809223895706,13.721622148873653,0.12034783390632886,-0.02683900125776595,0.1471868351640948
1942.08,8.59,0.633333,0.953333,16.5,1942.624999999935,2.4658333333333338,173.40021287878784,12.784642261136364,7786.231353050212,19.244254382348483,864.1293707214691,9.012823047564295,,11.634971805540602,,0.10656446054631462,1.001981619756691,13.66547753487983,0.12197623362054455,-0.026321898240336705,0.14829813186088125
1942.09,8.68,0.62,0.94,16.5,1942.7083333332682,2.466666666666667,175.2169787878788,12.515498484848484,7914.642231010879,18.975110606060603,857.115633312238,9.077829839371507,,11.74514580920027,,0.10652043750087248,1.0019823171236515,13.692557315147566,0.11889433414901429,-0.02639555055989662,0.1452898847089109
1942.1,9.32,0.61,0.97,16.7,1942.7916666666015,2.4675000000000002,185.88307485029938,12.166166916167665,8442.231356108841,19.3461998502994,878.6442505821434,9.599176749352987,,12.442152869609712,,0.10252615661656952,1.0019830144904518,13.555392517884396,0.1098881743913176,-0.025294538636276176,0.13518271302759377
1942.11,9.47,0.6,1.0,16.8,1942.8749999999347,2.4683333333333337,187.7505007440476,11.895491071428568,8572.065386263592,19.82581845238095,905.1811389929876,9.661334152171657,,12.543111801092824,,0.1032313933354455,1.001983711857092,13.501426194232602,0.11218932404266657,-0.024784204688455325,0.1369735287311219
1942.12,9.52,0.59,1.03,16.9,1942.958333333268,2.4691666666666667,187.62497633136093,11.628018491124259,8610.5757554314,20.299761094674555,931.6064105141116,9.617514103283177,,12.504872502621092,,0.10508258054935472,1.0019844092235723,13.448160558707544,0.1165999104835409,-0.024276050828246576,0.14087596131178748
1943.01,10.09,0.59,1.04333,16.9,1943.0416666666013,2.47,198.858824704142,11.628018491124259,9170.594819356955,20.562475478550297,948.2613174310895,10.150534220432082,,13.213565770538384,,0.10119365235814598,1.0019851065898928,13.474847212560325,0.11109544759668788,-0.02397965042229122,0.1350750980189791
1943.02,10.69,0.59,1.05667,16.9,1943.1249999999345,2.470833333333333,210.68392825443786,11.628018491124259,9760.60913751677,20.825386947485207,964.8028865612579,10.70898299522127,,13.952601800590946,,0.09765444905290484,1.001985803956053,13.501596220559778,0.10374760436908259,-0.023330119465403643,0.12707772383448623
1943.03,11.07,0.59,1.07,17.2,1943.2083333332678,2.4716666666666667,214.36781468023256,11.425204215116278,9975.386103526616,20.72028561046512,964.1972114519857,10.850541744036805,,14.146459872218617,,0.09905521660067992,1.0019865013220532,13.292447143565951,0.10198223940225426,-0.021698297281205203,0.12368053668345946
1943.04,11.44,0.59,1.08,17.4,1943.291666666601,2.4725,218.98641954022986,11.29388002873563,10234.103896487388,20.673543103448278,966.156661556502,11.03922714293969,,14.400210502607523,,0.09866495426069262,1.0019871986878939,13.16576234753491,0.09414716865039474,-0.021028564348838708,0.11517573299923345
1943.05,11.89,0.59,1.09,17.5,1943.3749999999343,2.4733333333333336,226.29982214285712,11.229343571428569,10619.620852208465,20.74573642857143,973.5396744244937,11.362215800613695,,14.827344489187842,,0.09667360744853057,1.0019878960535744,13.11654290272164,0.09078877487424153,-0.022651444214162098,0.11344021908840363
1943.06,12.1,0.59,1.1,17.5,1943.4583333332675,2.474166666666667,230.29670714285712,11.229343571428569,10851.097028619793,20.936064285714284,986.4633662381631,11.516744786451232,,15.033775620802528,,0.09466776785756377,1.0019885934190949,13.142617226594501,0.08460420998576934,-0.02346232649626867,0.10806653648203801
1943.07,12.35,0.593333,1.09333,17.4,1943.5416666666008,2.475,236.40579382183907,11.357680879813218,11183.540197392369,20.928708223419537,990.0647776530362,11.774213341781655,,15.373683748422987,,0.08897387762529993,1.0019892907844554,13.244435034633181,0.08338790058716539,-0.02246696765415268,0.10585486824131807
1943.08,11.74,0.596667,1.08667,17.3,1943.624999999934,2.475833333333333,226.02808236994215,11.487521109320808,10737.892813002323,20.921459648121385,993.9136271810252,11.21054590415897,,14.645291104906272,,0.09186150004782784,1.001989988149656,13.347491790124645,0.0883708027948138,-0.023517423096650725,0.11188822589146452
1943.09,11.99,0.6,1.08,17.4,1943.7083333332673,2.4766666666666666,229.51461278735633,11.48530172413793,10948.99630796511,20.673543103448278,986.2315273229624,11.336281939610291,,14.81644761883288,,0.09145613260539232,1.0019906855146967,13.297190766243276,0.08170815936228437,-0.022238596143089873,0.10394675550537424
1943.1,11.88,0.603333,1.03333,17.4,1943.7916666666006,2.4775,227.40897413793107,11.549102575215517,10894.459302564497,19.78017805100575,947.6070396564791,11.187335503326034,,14.629987013874132,,0.09262224462976593,1.0019913828795777,13.323661291287795,0.08559631224079634,-0.020793521082683286,0.10638983332347962
1943.11,11.33,0.606667,0.986667,17.4,1943.8749999999338,2.4783333333333335,216.8807808908046,11.612922568462643,10436.447781413985,18.88694699375,908.8524821839711,10.631033673001424,,13.915069560218239,,0.09729135245136986,1.0019920802442988,13.350193802276557,0.09359573260353238,-0.020578290515885667,0.11417402311941804
1943.12,11.48,0.61,0.94,17.4,1943.958333333267,2.479166666666667,219.75210632183908,11.67672341954023,10621.442185306361,17.99363936781609,869.6999698770016,10.737360316041075,,14.068001177874821,,0.09635154866849563,1.0019927776088597,13.376788459607631,0.09366830300242501,-0.01978893656735148,0.11345723956977649
1944.01,11.85,0.613333,0.936667,17.4,1944.0416666666003,2.48,226.8347090517241,11.740524270617815,11011.059521997713,17.929838516738506,870.3541003621126,11.052412763977472,,14.494846472285822,,0.09368843717874287,1.0028721608445137,13.40344542412839,0.09298903199334485,-0.018831791717297874,0.11182082371064272
1944.02,11.77,0.616667,0.933333,17.4,1944.1249999999336,2.470833333333333,225.30333548850572,11.804344263864941,10984.474007940991,17.86601852349138,871.0426575406619,10.947918887724722,,14.372484109547688,,0.09386811511961995,1.002864875599419,13.441942275257148,0.09614684126078488,-0.018824624324006334,0.11497146558479121
1944.03,12.1,0.62,0.93,17.4,1944.2083333332669,2.461666666666667,231.62025143678161,11.868145114942529,11340.668364754712,17.802217672413793,871.6381470431309,11.224693196180688,,14.749564229990964,,0.09170751556267553,1.0028575905674066,13.48045176769033,0.09544605103983317,-0.018042465139279096,0.11348851617911226
1944.04,11.89,0.623333,0.926667,17.5,1944.2916666666001,2.4525,226.29982214285712,11.863763417642856,11128.574186161342,17.637054439499998,867.3240080208218,10.9382751882394,,14.387983948343406,,0.094720823089111,1.0028503057486233,13.44172210305174,0.10271387995294945,-0.016506789364159613,0.11922066931710906
1944.05,12.1,0.626667,0.923333,17.5,1944.3749999999334,2.4433333333333334,230.29670714285712,11.927218725214283,11374.003939095503,17.57359913192857,867.9333205865181,11.103736936792625,,14.620020758909018,,0.09345016828904618,1.0028430211432164,13.480035120833465,0.10466931871305518,-0.01766068104092333,0.12232999975397851
1944.06,12.67,0.63,0.92,17.6,1944.4583333332666,2.4341666666666666,239.77525071022723,11.922526278409089,11891.20440230557,17.410673295454544,863.449727712796,11.532785272532509,,15.197274767915028,,0.09000715082036123,1.0028357367513328,13.441550286910944,0.10110356093025841,-0.017272493554204682,0.11837605448446309
1944.07,13,0.633333,0.913333,17.7,1944.5416666666,2.425,244.63043785310734,11.917886853601695,12181.242086510889,17.18685013043785,855.810029123019,11.738774750180719,,15.480309849362952,,0.08915965960239093,1.0028284525731195,13.403510674404401,0.10325593048271897,-0.01610588923319911,0.11936181971591808
1944.08,12.81,0.636667,0.906667,17.7,1944.6249999999332,2.4158333333333335,241.05506991525422,11.98062515204802,12052.922617909913,17.061411168997175,853.0825285880194,11.541711674209225,,15.233407930416274,,0.09070582138511658,1.0028211686087238,13.441421868660255,0.10704310601687061,-0.016717085013500887,0.1237601910303715
1944.09,12.6,0.64,0.9,17.7,1944.7083333332664,2.4066666666666667,237.1033474576271,12.043344632768362,11905.515029296392,16.93595338983051,850.3939306640281,11.328560584696476,,14.966305729668386,,0.09090550278436414,1.0028138848582933,13.479342386092734,0.11182219525685722,-0.016608058386365032,0.12843025364322225
1944.1,12.91,0.64,0.91,17.7,1944.7916666665997,2.3975,242.9368425141243,12.043344632768362,12248.82220871261,17.124130649717515,863.3949039448859,11.58310518627913,,15.31596661327723,,0.08981533233906121,1.0028066013219752,13.51727170353271,0.11164184812922695,-0.017122408567357805,0.12876425669658476
1944.11,12.82,0.64,0.92,17.7,1944.874999999933,2.3883333333333336,241.24324717514125,12.043344632768362,12214.033403059153,17.31230790960452,876.5140975674275,11.478459198055484,,15.190706986565079,,0.09069407014654803,1.0027993179999177,13.555209296165343,0.11665822430314465,-0.017630636352335194,0.13428886065547985
1944.12,13.1,0.64,0.93,17.8,1944.9583333332662,2.3791666666666664,245.12731039325837,11.975685393258425,12461.20866579525,17.40216783707865,884.6506915411896,11.638683593355132,,15.41420595866819,,0.09093004126625819,1.0027920348922679,13.516788600251195,0.1202489311081969,-0.017039856902801853,0.13728878801099875
1945.01,13.49,0.643333,0.94,17.8,1945.0416666665994,2.37,252.4249936797752,12.038052517345506,12883.188076167475,17.589287921348312,897.7165894438419,11.960463439806993,,15.850197374836538,,0.08718708882936274,1.0033004196151964,13.554527945654504,0.11892404974264359,-0.017968072465690543,0.13689212220833413
1945.02,13.94,0.646667,0.95,17.8,1945.1249999999327,2.355,260.8453974719101,12.100438353441008,13364.41088438934,17.776408005617974,910.7740559662749,12.341753548186318,,16.360841623342537,,0.0840017390419674,1.0032888739842185,13.599263575561071,0.11889279398052444,-0.018420267805878576,0.137313061786403
1945.03,13.93,0.65,0.96,17.8,1945.208333333266,2.3400000000000003,260.6582773876404,12.162805477528089,13406.753888745667,17.96352808988764,923.9399664892923,12.32331031138933,,16.33900937981824,,0.08427300332071186,1.0032773292954764,13.643989839739264,0.11805149893227962,-0.018781929656038088,0.1368334285883177
1945.04,14.28,0.65,0.973333,17.8,1945.2916666665992,2.325,267.2074803370786,12.162805477528089,13795.739030887427,18.21301529824438,940.32549426826,12.631867236563078,,16.74587999264598,,0.08169453955308409,1.0032657855500335,13.688705687348225,0.11903370356202614,-0.019479875900787147,0.13851357946281329
1945.05,14.82,0.65,0.986667,17.9,1945.3749999999325,2.31,275.76273603351956,12.09485684357542,14289.478448224634,18.359378641969272,951.3466148498281,13.036560628785354,,17.27637005312437,,0.07996185719630163,1.003254242748955,13.65668710332599,0.11501869231649708,-0.019110564638683436,0.13412925695518052
1945.06,15.09,0.65,1.0,18.1,1945.4583333332657,2.295,277.6841374309392,11.961212016574583,14440.692185689893,18.401864640883975,956.9709864605629,13.130223361406054,,17.39199204667506,,0.0814532593658243,1.003242700893307,13.549735584623786,0.12050882105555916,-0.018283285328311805,0.13879210638387096
1945.07,14.78,0.653333,0.996667,18.1,1945.541666666599,2.2800000000000002,271.9795593922651,12.022545431422651,14196.132907011886,18.34053122603591,957.2948035204884,12.867028443009158,,17.035325856511683,,0.08316111469724173,1.0032311599841568,13.593673324308117,0.13030373955782637,-0.019756951347774,0.15006069090560037
1945.08,14.83,0.656667,0.993333,18.1,1945.6249999999322,2.265,272.89965262430934,12.083897248135358,14296.718223610083,18.279179409323202,957.6130818080429,12.915378562256738,,17.092121054476237,,0.08302016885970827,1.0032196200225736,13.63759665759132,0.12917112846314405,-0.02042546051841776,0.1495965889815618
1945.09,15.84,0.66,0.99,18.1,1945.7083333332655,2.25,291.48553591160214,12.145230662983423,15323.421184375069,18.217845994475134,957.7138240234418,13.798264951719778,,18.249640785494687,,0.07821597266288069,1.003208081009627,13.681504536849884,0.12623850408630566,-0.020862929445683243,0.1471014335319889
1945.1,16.5,0.66,0.98,18.1,1945.7916666665988,2.2350000000000003,303.63076657458555,12.145230662983423,16015.10339061422,18.033827348066296,951.2000801698144,14.374662675391333,,18.99888054470873,,0.07545994251796667,1.003196542946389,13.72539591173768,0.1158646105063128,-0.020179675671544772,0.13604428617785758
1945.11,17.04,0.66,0.97,18.1,1945.874999999932,2.2199999999999998,313.5677734806629,12.145230662983423,16592.617725003038,17.849808701657455,944.5328165054547,14.847702661876777,,19.608975958272865,,0.07264603473680933,1.0031850058339318,13.76926972922574,0.11953774780963689,-0.020341719918070877,0.13987946772770776
1945.12,17.33,0.66,0.96,18.2,1945.9583333332653,2.205,317.1520927197801,12.078498626373625,16835.545744338204,17.568725274725274,932.6095738352384,15.020347474739957,,19.82135124885131,,0.07258817469802946,1.00317346967333,13.737228642798117,0.11970545428265966,-0.02010199964548398,0.13980745392814364
1946.01,18.02,0.666667,0.94,18.2,1946.0416666665985,2.19,329.779614010989,12.200509763255495,17559.829363966317,17.202710164835164,915.9955384088978,15.623163177761667,,20.59948238219251,,0.07016934325454083,1.001379783904099,13.780823321291638,0.11231388223019323,-0.019667343910357737,0.13198122614055097
1946.02,18.07,0.673333,0.92,18.1,1946.1249999999318,2.195,332.5216940607734,12.390582724240328,17760.81763458803,16.929715469613257,904.2585624693409,15.761666525801905,,20.765541749059196,,0.06899061579392486,1.0013840576640278,13.876080077724845,0.11210529287571802,-0.01960070661850477,0.1317059994942228
1946.03,17.53,0.68,0.9,18.3,1946.208333333265,2.2,319.0591714480874,12.376510928961748,17096.838912280666,16.380676229508197,877.7612676014033,15.13487341514253,,19.926591500429513,,0.07344623369946217,1.0013883313886893,13.743424330378462,0.12415150720568335,-0.019439962852505488,0.14359147005818884
1946.04,18.66,0.68,0.88,18.4,1946.2916666665983,2.205,337.7802269021739,12.309247282608696,18154.975879981565,15.929614130434784,856.1832140612956,16.040842386215914,,21.10191695550849,,0.07022564907240904,1.001392605078097,13.687708536254814,0.11865481251117771,-0.02100946517873492,0.13966427768991263
1946.05,18.7,0.68,0.86,18.5,1946.3749999999316,2.21,336.67454729729724,12.242710810810811,18150.382923345933,15.483428378378377,834.7234927314173,16.01372317083218,,21.04830712170754,,0.07083960614331002,1.001396878732264,13.63267945943386,0.11505727393446397,-0.019805555392884644,0.1348628293273486
1946.06,18.58,0.68,0.84,18.7,1946.4583333332648,2.215,330.9363783422459,12.111772727272728,17895.446749043454,14.961601604278073,809.0514138426535,15.773186880128739,,20.714507926611407,,0.07210057268285237,1.0014011523512036,13.505714930456607,0.11552385405557719,-0.018776145435939973,0.13429999949151716
1946.07,18.05,0.683333,0.856667,19.8,1946.541666666598,2.2199999999999998,303.635413510101,11.494963879229795,16470.94131425044,14.41077223188131,781.7236500196666,14.508136111909067,,19.038974040498385,,0.08273944558974865,1.0014054259349292,12.773269689425762,0.13029463379336015,-0.014692430260692557,0.1449870640540527
1946.08,17.7,0.686667,0.873333,20.2,1946.6249999999313,2.225,291.8517512376237,11.32231448966584,15882.909625518423,14.400212738056931,783.6762210159822,13.984939309942758,,18.34064102174365,,0.08659838147711224,1.001409699483454,12.537930057605857,0.13450510441925734,-0.014085609851683834,0.14859071427094117
1946.09,15.09,0.69,0.89,20.4,1946.7083333332646,2.23,246.37661213235293,11.265729779411764,13459.19116473168,14.531158700980392,793.8157810875542,11.841267540149632,,15.527660854694723,,0.10051583018992168,1.001413972996791,12.432510606708787,0.14941584499990967,-0.01375494556952217,0.16317079056943185
1946.1,14.75,0.696667,0.946667,20.8,1946.7916666665978,2.235,236.19412560096148,11.155840874579326,12953.72252966411,15.159131139002403,831.3804505755618,11.387602961765047,,14.931866479299607,,0.1058484706903061,1.0014182464749537,12.210665036354586,0.15229233427166822,-0.011727866860472336,0.16402020113214055
1946.11,14.69,0.703333,1.00333,21.3,1946.874999999931,2.24,229.71142664319245,10.998204685856805,12648.45339688301,15.68933735152582,863.8919500813226,11.11004365674329,,14.565527161951866,,0.11046659850288859,1.0014225199179554,11.940940919961696,0.1542110652333719,-0.010490420533101008,0.16470148576647292
1946.12,15.13,0.71,1.06,21.5,1946.9583333332644,2.245,234.39096918604648,10.99917965116279,12956.590121910214,16.421310465116278,907.7320244034916,11.372779425862703,,14.904166173962992,,0.10931230061839767,1.001426793325809,11.84669061466636,0.1530769045334639,-0.010603714905176864,0.16368061943864076
1947.01,15.21,0.713333,1.13,21.5,1947.0416666665976,2.25,235.630313372093,11.050813828313952,13076.003482884364,17.505736627906973,971.4585099052813,11.469296334735576,,15.022197025934346,,0.1077796741638497,1.0004699429526016,11.863593393768289,0.1498548596122964,-0.009379095770818302,0.1592339553831147
1947.02,15.8,0.716667,1.2,21.5,1947.1249999999309,2.265833333333333,244.77047674418603,11.102463497267442,13634.56826946605,18.590162790697672,1035.5368305923582,11.949565314209433,,15.637228584439015,,0.10411708620482772,1.000484205925781,11.86916860587622,0.13998222708408692,-0.008503877131757043,0.14848610421584396
1947.03,15.16,0.72,1.27,21.9,1947.2083333332641,2.2816666666666667,230.5661210045662,10.950369863013698,12894.167316390312,19.315235730593606,1080.1842013071039,11.28790309650128,,14.757502576039052,,0.11005042001644612,1.0004984677859259,11.658022289701348,0.14779481696047259,-0.007388635987046421,0.155183452947519
1947.04,14.6,0.733333,1.32667,21.9,1947.2916666665974,2.2975,222.04916666666665,11.153149420490868,12469.842965216649,20.177121091894975,1133.1072990865732,10.900825126392672,,14.239032702754548,,0.11230527663572899,1.0005127285343618,11.66383343826037,0.15423680902181935,-0.008094663426781112,0.16233147244860047
1947.05,14.34,0.746667,1.38333,21.9,1947.3749999999307,2.3133333333333335,218.09486643835615,11.355944186815067,12300.921219702,21.038854364726024,1186.6271513842655,10.733674273688536,,14.008519289638578,,0.1128485529039903,1.0005269881724117,11.66981381848421,0.1601176902436201,-0.009206047806410877,0.16932373805003098
1947.06,14.84,0.76,1.44,22,1947.458333333264,2.3291666666666666,224.67338409090905,11.50618409090909,12726.041493755542,21.801190909090906,1234.8719508765485,11.082715855052092,,14.448343003675772,,0.1102312645126274,1.0005412467013974,11.622891110193793,0.15800958832575596,-0.010506235998028357,0.1685158243237843
1947.07,15.77,0.77,1.47667,22.2,1947.5416666665972,2.3449999999999998,236.60238907657654,11.552557995495494,13456.259453446066,22.154955604166663,1260.0161475662778,11.696446553354365,,15.226610589449006,,0.10556057364060727,1.0005555041226388,11.524414556607816,0.15339678796768808,-0.011110357703870921,0.164507145671559
1947.08,15.46,0.78,1.51333,22.5,1947.6249999999304,2.360833333333333,228.85867444444443,11.546556666666664,13070.575923138038,22.402244359444445,1279.4369121450509,11.337472355329826,,14.739100764648148,,0.10951092237802162,1.0005697604374542,11.377072197519608,0.1505910171136875,-0.009513266619769256,0.16010428373345675
1947.09,15.06,0.79,1.55,23,1947.7083333332637,2.376666666666667,218.09089891304345,11.440359239130435,12510.05523972516,22.44627445652174,1287.5554861602923,10.827463017228832,,14.058032932818946,,0.11508689211783996,1.0005840156471602,11.136085829170252,0.15125142313541295,-0.00698465054656483,0.15823607368197778
1947.1,15.45,0.806667,1.57,23,1947.791666666597,2.3925,223.73867119565216,11.681721856141303,12889.86105674584,22.735903804347824,1309.8434860253055,11.132662042754784,,14.435005794121903,,0.11239659547338418,1.0005982697530713,11.142589477542606,0.1408608474296129,-0.0071247266461228476,0.14798557407573576
1947.11,15.27,0.823333,1.59,23.1,1947.8749999999302,2.408333333333333,220.17472564935062,11.871454970075757,12741.53185210063,22.925855519480518,1326.7213912796335,10.975407324839066,,14.214670910685857,,0.11469919212401686,1.000612522756501,11.100990575383198,0.13970904303537313,-0.004744552264615898,0.14445359529998902
1947.12,15.03,0.84,1.61,23.4,1947.9583333332635,2.424166666666667,213.93583173076922,11.956493589743587,12438.146763754474,22.916612713675214,1332.3630265898005,10.680912531969186,,13.820049087776757,,0.11913197089243804,1.0006267746587607,10.965382618259424,0.14282410813308766,0.0010061381415678028,0.14181796999151985
1948.01,14.83,0.843333,1.64333,23.7,1948.0416666665967,2.44,208.4170342827004,11.851986700791139,12174.708502881169,23.09494032014768,1349.0939800431365,10.419342657320321,,13.470659208036286,,0.12413325641961881,1.002987182767804,10.833366132813124,0.14710585736138837,0.0028021021673600988,0.14430375519402827
1948.02,14.1,0.846667,1.67667,23.5,1948.12499999993,2.4291666666666667,199.84425,12.000108625159573,11732.343840569627,23.76403252819149,1395.1254572459488,9.999761169144179,,12.92212392536309,,0.12812050084785861,1.0029786503038336,10.958201652995077,0.15216333251057712,0.0022526158931861495,0.14991071661739097
1948.03,14.3,0.85,1.71,23.4,1948.2083333332632,2.418333333333333,203.54506944444444,12.098832799145297,12008.800423232622,24.340004807692306,1436.017393267677,10.186680609489672,,13.157348384869673,,0.12594515689644098,1.0029701181927324,11.037811715232422,0.15142956734815471,0.0016816586411179113,0.1497479087070368
1948.04,15.4,0.85,1.76,23.8,1948.2916666665965,2.4075,215.51830882352937,11.895491071428568,12773.68486577427,24.630663865546218,1459.8496989456312,10.77948448202462,,13.912519101434736,,0.1216950031054999,1.0029615864347885,10.88453489505922,0.14496350236959832,0.0038433284333341255,0.1411201739362642
1948.05,16.15,0.85,1.81,23.9,1948.3749999999297,2.3966666666666665,225.06866370292883,11.845719142259412,13398.2382100578,25.224413702928867,1501.598214254156,11.241032697984439,,14.49663487965131,,0.11918067168503871,1.002953055030289,10.871093522413856,0.14349873959004378,0.0038628767739861125,0.13963586281605767
1948.06,16.82,0.85,1.86,24.1,1948.458333333263,2.3858333333333333,232.4606006224066,11.747414419087134,13896.553485185803,25.706106846473027,1536.7175673273243,11.583895756523843,,14.925847493337097,,0.11753481139368555,1.0029445239795223,10.812713501652139,0.14240632034748257,0.004216900158497516,0.13818942018898506
1948.07,16.42,0.856667,1.93,24.4,1948.5416666665963,2.375,224.1422530737705,11.69398730292008,13457.536358510448,26.345587602459013,1581.7932504217515,11.134621739180933,,14.338438705434083,,0.12243242819353195,1.0029359932827764,10.7112171426139,0.14915413761745677,0.003091134484189517,0.14606300313326726
1948.08,15.94,0.863333,2.0,24.5,1948.6249999999295,2.3641666666666667,216.70186020408158,11.736879992193877,13069.537670458762,27.18969387755102,1639.8416148630822,10.723556662478133,,13.804163636491673,,0.12641558155058846,1.0029274629403402,10.698817591116626,0.15751022763418732,0.0009411040093698642,0.15656912362481745
1948.09,15.76,0.87,2.07,24.5,1948.7083333332628,2.3533333333333335,214.254787755102,11.827516836734693,12981.39618365987,28.1413331632653,1705.0437880822292,10.55301368939916,,13.581595172569708,,0.12803093301492222,1.0029189329525021,10.730137983120079,0.1616591450999174,-0.0008867445782316796,0.1625458896781491
1948.1,16.19,0.89,2.14333,24.4,1948.791666666596,2.3425,221.00262346311476,12.149001536885246,13451.578965939741,29.257662319159838,1780.8012813506873,10.825409809169493,,13.929311962219328,,0.1260748552821144,1.0029104033195513,10.805562874728098,0.16248402427743347,-0.001603050640929693,0.16408707491836316
1948.11,15.29,0.91,2.21667,24.2,1948.8749999999293,2.3316666666666666,210.44205113636363,12.524674070247933,12872.324971652684,30.50886733109504,1866.1672069923711,10.24809620563557,,13.187035340998527,,0.13051732404994576,1.002901874041777,10.926573498646082,0.17103568028837968,-0.0022510243862304824,0.17328670467461016
1948.12,15.19,0.93,2.29,24.1,1948.9583333332625,2.3208333333333333,209.93320591286303,12.853053423236513,12906.716239599871,31.64891649377593,1945.7788142648917,10.159652938900914,,13.073862008778567,,0.13103783423521193,1.0028933451194686,11.003751084450887,0.17363712693357347,-0.003284625937109764,0.17692175287068324
1949.01,15.36,0.946667,2.32,24,1949.0416666665958,2.31,213.16719999999998,13.137913653802082,13172.852575930152,32.19712916666666,1989.6496078227835,10.248285758038978,,13.187399442600732,,0.12985598440762083,1.0018512093111103,11.08157035367171,0.17572948563200153,-0.005315985261727607,0.18104547089372913
1949.02,14.77,0.963333,2.35,23.8,1949.124999999929,2.3108333333333335,206.70165073529407,13.481551882720586,12842.733686473588,32.887534138655454,2043.3597943949176,9.872517140570057,,12.7059818454288,,0.13343503412765612,1.0018519067081715,11.195379488966875,0.17762549309418474,-0.005170089451340898,0.18279558254552564
1949.03,14.91,0.98,2.38,23.8,1949.2083333332623,2.3116666666666665,208.6609080882353,13.714801470588233,13035.476135164741,33.30737499999999,2080.7802281483623,9.90133249124092,,12.744166953113305,,0.13313191783925862,1.001852604105071,11.216112287343018,0.17913249206044712,-0.005269983264998501,0.18440247532544563
1949.04,14.89,0.993333,2.38667,23.9,1949.2916666665956,2.3125,207.50912709205022,13.8432279208682,13035.58991743085,33.26096765324268,2089.432598269623,9.783639867544057,,12.593798560825597,,0.13554358543720774,1.0018533015018085,11.189875021406937,0.1809882498268902,-0.006103403534685414,0.18709165336157563
1949.05,14.78,1.00667,2.39333,23.8,1949.3749999999288,2.3133333333333335,206.8415976890756,14.088039996323527,13067.40628400977,33.493924289390755,2116.009166556773,9.692295086395811,,12.478488236972927,,0.13605567445491157,1.0018539988983841,11.257716650537013,0.18276957575783292,-0.007890071855568226,0.19065964761340115
1949.06,13.97,1.02,2.4,23.9,1949.458333333262,2.314166666666667,194.68787813807532,14.214862970711296,12374.420393548404,33.44673640167363,2125.88467748863,9.067718943419532,,11.680724874168526,,0.14359678892669803,1.0018546962947978,11.231397698174446,0.18810116029500312,-0.007882615364240841,0.19598377565924396
1949.07,14.76,1.02667,2.39667,23.7,1949.5416666665953,2.315,207.4332721518987,14.428558097573838,13260.945116556932,33.68218837183544,2153.259439871172,9.605038093363921,,12.375822887753253,,0.1365317543033211,1.0018553936910497,11.347184044890655,0.18439929586894777,-0.00935835557804987,0.19375765144699764
1949.08,15.29,1.03333,2.39333,23.8,1949.6249999999286,2.3158333333333334,213.97889233193274,14.461138575105041,13756.43846714444,33.493924289390755,2153.2829873493006,9.85134863807923,,12.693529992002622,,0.1343648813716756,1.00185609108714,11.320471834635118,0.179687138155614,-0.008999808293536193,0.18868694644915018
1949.09,15.49,1.04,2.39,23.9,1949.7083333332619,2.3166666666666664,215.8708111924686,14.493585774058577,13955.715484599375,33.307375,2153.2704976237906,9.884048361738287,,12.735568365609877,,0.1321939924064729,1.001856788483068,11.29402975497609,0.17315487308870248,-0.010715119386008332,0.1838699924747108
1949.1,15.89,1.07333,2.36667,23.7,1949.7916666665951,2.3175,223.31400369198312,15.08430582647679,14518.171178274222,33.26057603006329,2162.3486584321117,10.169850844772142,,13.104711241762141,,0.12920684542664876,1.0018574858788343,11.410485614621354,0.16833802504426365,-0.010509855823986003,0.17884788086824965
1949.11,16.11,1.10667,2.34333,23.8,1949.8749999999284,2.3183333333333334,225.45454254201675,15.487509534138654,14741.239301306301,32.79418952048319,2144.2326686486713,10.21586101165064,,13.165319750818021,,0.12919955980889694,1.0018581832744389,11.38364815980468,0.1673372482016633,-0.009903838928796205,0.1772410871304595
1949.12,16.54,1.14,2.32,23.6,1949.9583333332616,2.3191666666666664,233.43389088983045,16.08915572033898,15350.630399841351,32.742843220338976,2153.1718577770216,10.529330904131143,,13.570829980109997,,0.12538752170992382,1.0018588806698816,11.50145192089544,0.16658419107619693,-0.011805852437214992,0.17839004351341192
1950.01,16.88,1.15,2.33667,23.5,1950.041666666595,2.32,239.24616595744675,16.299353723404252,15822.166611468369,33.11844423031914,2190.2359037926417,10.745733299747904,,13.849682296613818,,0.12377451331835172,1.0000912209180444,11.571865074132068,0.1617221193658902,-0.011920599795022357,0.17364271916091256
1950.02,17.21,1.16,2.35333,23.5,1950.1249999999281,2.3408333333333333,243.92337180851064,16.44108723404255,16222.094993432816,33.354572259042556,2218.2418832594567,10.911564066731675,,14.060924925588582,,0.12139665169662332,1.0001104225647852,11.572920670287614,0.1541867901396139,-0.010084069840389565,0.16427085998000346
1950.03,17.35,1.17,2.37,23.6,1950.2083333332614,2.361666666666667,244.86565942796608,16.51255455508474,16376.275510767038,33.44850794491525,2236.989795995267,10.910946522976248,,14.056777000220677,,0.1216408023349306,1.0001296216912134,11.525155367540123,0.15185260857670446,-0.007406967913304974,0.15925957649000944
1950.04,17.84,1.18,2.42667,23.6,1950.2916666665947,2.3825,251.7811737288135,16.653687499999997,16931.590136636467,34.24830834375,2303.1043630533422,11.178021600956091,,14.394940886127369,,0.1192426612330587,1.0001488183012737,11.52664927767036,0.1494340113230881,-0.007645652831823169,0.15707966415491126
1950.05,18.44,1.19,2.48333,23.7,1950.374999999928,2.4033333333333333,259.151052742616,16.72395622362869,17520.91418990443,34.90008588976793,2359.555956356582,11.461543104586223,,14.750478376961725,,0.11726693985923531,1.000168012398905,11.479721765199649,0.14479118256957735,-0.007445787909060919,0.15223697047863827
1950.06,18.74,1.2,2.54,23.8,1950.4583333332612,2.4241666666666664,262.26059138655455,16.793634453781507,17825.763213661037,35.546526260504194,2416.085302171774,11.55412614404428,,14.858173852604402,,0.11605312575784088,1.0001872039880388,11.433408271797255,0.1469084132825229,-0.005426370856998819,0.15233478413952173
1950.07,17.38,1.24333,2.6,24.1,1950.5416666665944,2.445,240.20007365145224,17.18342678786307,16423.6466312727,35.933267634854765,2456.9321772905073,10.539745658930986,,13.550950714985767,,0.12624655831063294,1.0002063930726006,11.293197423396602,0.15377785684959244,-0.0018347594448793192,0.15561261629447176
1950.08,18.43,1.28667,2.66,24.3,1950.6249999999277,2.4658333333333333,252.6151939300411,17.63604946141975,17373.01728952248,36.459924897119336,2507.445794364069,11.040611670261534,,14.189059134964532,,0.12260690914540673,1.000225579656509,11.202560950321255,0.14901137983465307,0.00011297201520665823,0.1488984078194464
1950.09,19.08,1.33,2.72,24.4,1950.708333333261,2.4866666666666664,260.4527520491803,18.155249487704918,18016.07568513197,37.12953278688525,2568.329447775628,11.337391102277294,,14.563472220744737,,0.12046164663752625,1.0002447637436755,11.159165528286497,0.1416890965992872,0.000817588785297918,0.14087150781398927
1950.1,19.87,1.37667,2.76,24.6,1950.7916666665942,2.5075,269.03152083333333,18.639538187499998,18716.932265930318,37.369249999999994,2599.835583994347,11.662444039105258,,14.972212563986446,,0.11865823581629902,1.000263945338006,11.071149758251497,0.13465754115762718,0.0005120814366617044,0.13414545972096548
1950.11,19.83,1.42333,2.8,24.7,1950.8749999999275,2.5283333333333333,267.4029337044534,19.19327370799595,18714.90441934483,37.75734817813765,2642.5482790804604,11.542173388716295,,14.812579571593156,,0.11977266934561015,1.0002831244433987,11.029237637278024,0.1386249159214099,0.0008877330980503473,0.13773718282335956
1950.12,19.75,1.47,2.84,25,1950.9583333332607,2.549166666666667,263.1282625,19.584736499999998,18529.954352826477,37.837177999999994,2664.5605246596047,11.30666578889076,,14.508560511396047,,0.12189353128627992,1.000302301063746,10.899971960636648,0.1427864885823511,0.003134277302829336,0.13965221127952177
1951.01,21.21,1.48667,2.83667,25.4,1951.041666666594,2.57,278.12969438976376,19.494911492618108,19700.78702414993,37.19765017372047,2634.8246830643743,11.89575983943706,,15.257997535425227,,0.11898759156334365,1.001340335826904,10.731562041097588,0.1418239069443945,0.005018524985283435,0.13680538195911107
1951.02,22,1.50333,2.83333,25.7,1951.1249999999272,2.5791666666666666,285.12149805447467,19.48325916682879,20311.043078376868,36.72014973103113,2615.8130766026156,12.141507370682687,,15.56563886614774,,0.11844055145727526,1.0013483256412163,10.620506880535789,0.14322931989244703,0.006882037081320513,0.1363472828111265
1951.03,21.63,1.52,2.83,25.8,1951.2083333332605,2.5883333333333334,279.2397369186046,19.622949612403097,20008.536404950326,36.53483381782945,2617.8528907077866,11.841626487283092,,15.177316546374971,,0.12009663680155502,1.0013563152444647,10.59360652343946,0.14877683835003497,0.0077861420702105555,0.1409906962798244
1951.04,21.92,1.53333,2.79333,25.8,1951.2916666665938,2.5975,282.9835891472868,19.795037716569766,20394.995781645623,36.06143015843023,2598.9942320594964,11.951097197083952,,15.314143757332698,,0.11848676067127083,1.001364304636794,10.607974793461059,0.14988497490877584,0.007630705312893893,0.14225426959588194
1951.05,21.93,1.54667,2.75667,25.9,1951.374999999927,2.6066666666666665,282.0195883204633,19.89016127075289,20444.97813873975,35.450749591216216,2569.998079604182,11.863875406269168,,15.200667239383666,,0.11868144406708804,1.0013722938183494,10.581433992609897,0.15104771605364542,0.008781651377185451,0.14226606467645997
1951.06,21.55,1.56,2.72,25.9,1951.4583333332603,2.6158333333333332,277.13279198841695,20.061584942084938,20211.907252525205,34.979173745173746,2551.108479205038,11.61566485702517,,14.884429187428143,,0.11820658882878615,1.001380282789276,10.595954829067228,0.15111731230023073,0.007540126701305105,0.14357718559892563
1951.07,21.93,1.54667,2.65,25.9,1951.5416666665935,2.625,282.0195883204633,19.89016127075289,20689.19823342922,34.07897442084942,2500.0627140258744,11.7781900924578,,15.093562700583277,,0.11692697213559164,1.0013882715497184,10.610580243153734,0.14763473071608324,0.006722619629181192,0.14091211108690205
1951.08,22.89,1.53333,2.58,25.9,1951.6249999999268,2.6341666666666668,294.36517905405407,19.718608999517375,21715.429165091966,33.178775096525094,2447.6106267338255,12.256989084145136,,15.703908734990382,,0.11208956621321102,1.0013962600998219,10.62531060983131,0.14678659041690234,0.006260156155331487,0.14052643426157085
1951.09,23.48,1.52,2.51,26.1,1951.70833333326,2.6433333333333335,299.6387605363984,19.397398467432946,22223.709350634104,32.03123036398467,2375.703171639336,12.44495315715003,,15.939525555027904,,0.11016963472607767,1.0014042484397307,10.55861261890714,0.14313427035559556,0.00738782989189346,0.1357464404637021
1951.1,23.36,1.48333,2.48667,26.2,1951.7916666665933,2.6525000000000003,296.96957251908395,18.857186472805342,22142.29062482087,31.612385569179388,2357.0449412681214,12.309457904118684,,15.760621840301793,,0.10997701425032116,1.00141223656959,10.533082894759442,0.1450833570955612,0.00845895327220636,0.13662440382335483
1951.11,22.71,1.44667,2.46333,26.4,1951.8749999999266,2.6616666666666666,286.51912357954546,18.251810678503784,21476.502540217178,31.07843032528409,2329.5338178068328,11.852030617771037,,15.171743623530077,,0.11313575035964321,1.0014202244895438,10.468049326132022,0.15395418157099638,0.009247789288767017,0.14470639228222937
1951.12,23.41,1.41,2.44,26.5,1951.9583333332598,2.6708333333333334,294.23609386792447,17.72203726415094,22165.639136271,30.66792264150943,2310.301558842428,12.147072568106775,,15.543321334370395,,0.11071067066355056,1.0014282121997367,10.443358131402585,0.1516488428045515,0.008828135503802681,0.1428207073007488
1952.01,24.19,1.41333,2.42667,26.5,1952.041666666593,2.68,304.0397740566038,17.76389143726415,23015.695184526605,30.500380260849052,2308.867177901412,12.527059748172292,,16.02245008652188,,0.10676999643852501,1.0011465057191369,10.458273462892073,0.14325882803119727,0.00886099253356809,0.13439783549762918
1952.02,23.75,1.41667,2.41333,26.3,1952.1249999999263,2.6925,300.7795270912547,17.941277163973382,22882.074717803516,30.563379204847905,2325.1367317354425,12.364119350461085,,15.811036351158746,,0.10623068016404316,1.0011575700288213,10.549885712189498,0.1457100357609573,0.00831558400139798,0.13739445175955933
1952.03,23.81,1.42,2.4,26.3,1952.2083333332596,2.705,301.53939115969575,17.98344961977186,23053.89099814071,30.394562737642577,2323.7857368978453,12.362339087390364,,15.807510372330928,,0.10479452379456074,1.0011686338079795,10.562097943697419,0.14524397333257677,0.00944103710533839,0.13580293622723838
1952.04,23.74,1.43,2.38,26.4,1952.2916666665928,2.7175000000000002,299.5140464015151,18.041494791666665,23013.990663024964,30.027103219696965,2307.215576158358,12.24272868326688,,15.656398613772183,,0.10520389396216313,1.001179697057109,10.534386467042019,0.14164576936372142,0.010445045030661237,0.13120072433306018
1952.05,23.73,1.44,2.36,26.4,1952.374999999926,2.7300000000000004,299.3878821022727,18.16765909090909,23120.626677049095,29.774774621212117,2299.3965005409127,12.200478761945831,,15.606497043627165,,0.10406537969125473,1.0011907597767067,10.546813851755637,0.13264227614081658,0.010399912592592209,0.12224236354822438
1952.06,24.38,1.45,2.34,26.5,1952.4583333332594,2.7425,306.42785,18.22479009433962,23781.58367881155,29.41104056603773,2282.5638149474576,12.447881581789368,,15.927302555632728,,0.10270816211925102,1.0012018219672691,10.519525884506256,0.11585099976510471,0.010655772250651063,0.10519522751445365
1952.07,25.08,1.45,2.34667,26.7,1952.5416666665926,2.755,312.86478089887635,18.08827481273408,24398.132498471336,29.27393921020599,2282.869441395045,12.669112889622475,,16.214043524370492,,0.10132758807191541,1.001212883629292,10.453275833995772,0.11561890159498667,0.010462454893415352,0.10515644670157132
1952.08,25.18,1.45,2.35333,26.7,1952.6249999999259,2.7675,314.11224812734076,18.08827481273408,24612.96188151542,29.357020527621724,2300.3344553068587,12.67837823632862,,16.230371537881876,,0.10050683182892764,1.0012239447632705,10.465954441127298,0.11796698552138096,0.010924094572742238,0.10704289094863872
1952.09,24.78,1.45,2.36,26.7,1952.7083333332591,2.7800000000000002,309.1223792134831,18.08827481273408,24340.08187654098,29.440226591760293,2318.1030358610456,12.434678020425501,,15.924746204626706,,0.10192764735731114,1.0012350053697001,10.478764191258142,0.11818079993906472,0.010802092132257357,0.10737870780680736
1952.1,24.26,1.43667,2.37333,26.7,1952.7916666665924,2.7925,302.6355496254682,17.921987431179772,23946.910483347394,29.606513973314605,2342.7007855499946,12.131183558686867,,15.543695751343833,,0.1025510984460209,1.001246065449075,10.491705521302167,0.1167650406446632,0.011424521576314461,0.10534051906834874
1952.11,25.03,1.42333,2.38667,26.7,1952.8749999999256,2.805,312.2410472846442,17.75557530290262,24824.053273139893,29.772926101591757,2367.0324900281576,12.473469765515306,,15.986440360881504,,0.09953855242085682,1.001257125001889,10.50477887305413,0.12052181935351114,0.011711998719801331,0.10880982063370981
1952.12,26.04,1.41,2.4,26.7,1952.958333333259,2.8175,324.8404662921348,17.589287921348312,25942.27620823638,29.939213483146062,2390.9931989157953,12.933964306161371,,16.576519452417237,,0.09593778273966827,1.0012681840286355,10.51798469321476,0.12065201356547783,0.012411734829607557,0.10824027873587028
1953.01,26.18,1.41,2.41,26.6,1953.0416666665922,2.83,327.8146907894737,17.65541306390977,26297.301619903403,30.176982612781952,2420.798201068266,13.010773447995179,,16.67380117694199,,0.09496362744553179,1.0048812086921362,10.570914874895136,0.12368708933109462,0.012477830286995673,0.11120925904409895
1953.02,25.86,1.41,2.42,26.5,1953.1249999999254,2.8008333333333333,325.0297047169811,17.72203726415094,26192.361827847384,30.41654622641509,2451.1026923198247,12.859346880687896,,16.479048621864912,,0.09576630755228766,1.004860409031344,10.662598673886933,0.12591828189513987,0.011178854248055092,0.11473942764708478
1953.03,25.99,1.41,2.43,26.6,1953.2083333332587,2.7716666666666665,325.4355925751879,17.65541306390977,26343.63284973444,30.4274140037594,2463.063787027884,12.834819340092492,,16.446063827451095,,0.09476102638442571,0.9972709699114101,10.674143478069395,0.12477965829886384,0.010984451999123568,0.11379520629974027
1953.04,24.71,1.41333,2.45667,26.6,1953.291666666592,2.83,309.40798355263155,17.697109890507516,25165.596573101102,30.76136426362781,2501.9654444856446,12.1639014540068,,15.589068380196137,,0.09726819747629627,0.9835525101219929,10.645013419347817,0.13544231027814435,0.011260812680849774,0.12418149759729458
1953.05,24.84,1.41667,2.48333,26.7,1953.3749999999252,3.05,309.87085955056176,17.67249398548689,25323.026647274586,30.978727924625467,2531.6196362309342,12.14197079186778,,15.563203387107297,,0.09501029523636666,0.9974273597913927,10.430716449148205,0.13728611084457865,0.013985170788883394,0.12330094005569525
1953.06,23.95,1.42,2.51,26.8,1953.4583333332585,3.11,297.6535937499999,17.647937499999998,24444.800961514145,31.194593749999996,2561.8559671565977,11.624407885470081,,14.904522212477078,,0.09846726592393616,1.0180660886362762,10.365061513499805,0.1411830828261511,0.014127885287435582,0.12705519753871553
1953.07,24.29,1.42,2.52333,26.8,1953.5416666665917,2.93,301.87915624999994,17.647937499999998,24912.603345955093,31.360260656249995,2588.0082091786276,11.75020164531,,15.069129207230215,,0.09994449232654262,1.0007239184253585,10.552317633523149,0.13725175253058608,0.01207199559117944,0.12517975693940664
1953.08,24.39,1.42,2.53667,26.9,1953.624999999925,2.95,301.99512128252786,17.582331784386614,25043.088657197313,31.408854624999996,2604.594165807819,11.715076201734005,,15.027019046734068,,0.10099082396456589,1.0093554892706844,10.520700306261942,0.1400575075216517,0.012879277687620982,0.1271782298340307
1953.09,23.27,1.42,2.55,26.9,1953.7083333332582,2.87,288.1273666356877,17.582331784386614,24014.60045964534,31.573905669144978,2631.595667043215,11.139349357262919,,14.294747954197076,,0.10560037156783565,1.020678701404313,10.619126605097259,0.14811930578144095,0.011614031146959913,0.13650527463448103
1953.1,23.97,1.43,2.53667,27,1953.7916666665915,2.66,295.695473611111,17.640572685185184,24767.905071171266,31.29252553379629,2621.109793779225,11.39193476542141,,14.623798898879686,,0.10609757559259156,1.000476705405486,10.798572959437408,0.14478018787325198,0.009688773185281274,0.1350914146879707
1953.11,24.5,1.44,2.52333,26.9,1953.8749999999247,2.68,303.35713289962825,17.829970260223046,25534.112834677784,31.2436797616171,2629.8364464949996,11.644070268505772,,14.953068513374763,,0.1036091437660994,1.0100968735423244,10.843883228012828,0.14095040856172303,0.009529404380055562,0.13142100418166747
1953.12,24.83,1.45,2.51,26.9,1953.958333333258,2.59,307.4431677509293,17.953789498141262,26003.975251125423,31.078628717472117,2628.674099086783,11.754449184027292,,15.101395257015968,,0.10370269083937067,1.0118200222971947,10.953372545673806,0.141201696182927,0.008452771141507442,0.13274892504141955
1954.01,25.46,1.45667,2.52333,26.9,1954.0416666665913,2.48,315.243779739777,18.036376929832713,26790.890486484423,31.2436797616171,2655.234002013383,12.002650554927827,,15.427061391002452,,0.10304345229837095,1.0029454226504648,11.08284165339315,0.14154011284922285,0.007288348950901469,0.13425176389832139
1954.02,26.02,1.46333,2.53667,26.9,1954.1249999999245,2.47,322.177657063197,18.118840542286243,27508.482453768924,31.408854624999996,2681.7810217525757,12.215052485432839,,15.705755365444606,,0.10169472728013383,1.0108881079156506,11.11548530623057,0.14020256038602774,0.007504392573155716,0.13269816781287203
1954.03,26.57,1.47,2.55,26.9,1954.2083333332578,2.37,328.98771514869884,18.201427973977694,28219.453032176283,31.573905669144978,2708.302793829489,12.420105295189973,,15.974058403613142,,0.10134313684560127,1.0090659974682945,11.236511909779637,0.13963251987409175,0.006191704473454518,0.13344081540063724
1954.04,27.63,1.46333,2.57333,26.8,1954.291666666591,2.29,343.3890937499999,18.186448156249998,29584.752225183947,31.98166690624999,2755.3865524297,12.907868184060918,,16.60305929186945,,0.09811350560272981,0.9948445136674794,11.380689494195362,0.1361686524208534,0.005181458023079788,0.13098719439777362
1954.05,28.73,1.45667,2.59667,26.9,1954.3749999999243,2.37,355.7326705390334,18.036376929832713,30777.70936974046,32.15177005250929,2781.7457218629993,13.312042238025857,,17.121370897689328,,0.09535006165318288,1.0010924459392456,11.279927224365446,0.1330615437683671,0.006673282821004323,0.12638826094736277
1954.06,28.96,1.45,2.62,26.9,1954.4583333332575,2.38,358.5805130111524,17.953789498141262,31153.54808782437,32.440640334572485,2818.449447171956,13.357885903658998,,17.178043503737317,,0.09439758919551677,1.009070925747481,11.29224993505669,0.13092615266016616,0.006833635374520863,0.1240925172856453
1954.07,30.13,1.45667,2.62333,26.9,1954.5416666665908,2.3,373.06736384758364,18.036376929832713,32542.75231792953,32.481872140799254,2833.4012093658835,13.83300956424533,,17.784289655101247,,0.09203533309436351,0.9966162598611025,11.394681095739587,0.13002389703673378,0.0057872766306619194,0.12423662040607186
1954.08,30.73,1.46333,2.62667,26.9,1954.624999999924,2.36,380.4965181226766,18.118840542286243,33322.50838175984,32.523227766263936,2848.266615395936,14.04211234732058,,18.04787730127253,,0.09035884137731519,1.000201558545158,11.356124455945997,0.12632687789695596,0.006803199772506208,0.11952367812444975
1954.09,31.45,1.47,2.63,26.8,1954.7083333332573,2.38,390.86453124999997,18.269343749999997,34363.831711021514,32.685968749999994,2873.6685977738175,14.356474143296978,,18.44576415335832,,0.08821118277091214,0.99758112711172,11.400795519347097,0.12469394530903144,0.006353420024859169,0.11834052528417227
1954.1,32.18,1.49333,2.67667,26.8,1954.7916666665906,2.43,399.9370624999999,18.559291906249996,35297.43983661125,33.26598934374999,2935.972600604793,14.619231935730562,,18.776965474104696,,0.08645924352171837,0.9976333231982449,11.373218444160525,0.12387592370939693,0.007030203256762846,0.11684572045263408
1954.11,33.44,1.51667,2.72333,26.8,1954.8749999999238,2.48,415.5964999999999,18.849364343749997,36818.13555446539,33.84588565624999,2998.44297546478,15.117311697434388,,19.407607457588682,,0.08370552449297156,0.9994354412264843,11.346301711907437,0.11983219797869671,0.007622058808099297,0.11221013917059741
1954.12,34.97,1.54,2.77,26.7,1954.958333333257,2.51,436.23928979400745,19.210995318352058,38788.72911177089,34.554842228464416,3072.4844049072167,15.789062002327086,,20.257529192442473,,0.07961472867057669,0.9933627434702108,11.382367578544489,0.11233940716168989,0.007405661118242923,0.10493374604344696
1955.01,35.6,1.54667,2.83333,26.7,1955.0416666665903,2.61,444.0983333333333,19.294201382490634,39630.489086368856,35.344863224250936,3154.1082484011654,15.990781062969834,,20.501927865048494,,0.07781577622636571,0.9986900925584009,11.306819885009334,0.11304757223665529,0.008345892637672936,0.10470167959898236
1955.02,36.79,1.55333,2.89667,26.7,1955.1249999999236,2.65,458.9431933520599,19.377282699906363,41099.31542477212,36.135008966760296,3235.9650451610396,16.437728215987118,,21.05696130147388,,0.0757154012596608,0.9995983914415623,11.29200899750114,0.11008265498545389,0.008666756675017595,0.10141589831043629
1955.03,36.5,1.56,2.96,26.7,1955.2083333332569,2.68,455.32553838951304,19.46048876404494,40920.57417802126,36.92502996254681,3318.4903990943267,16.219282945537792,,20.759297152464587,,0.07623475077402161,0.9961637573985144,11.287474030045788,0.11058503395113028,0.00873775720765968,0.1018472767434706
1955.04,37.76,1.56333,3.04667,26.7,1955.2916666665901,2.75,471.0436254681647,19.50202942275281,42479.23044012493,38.00620980945693,3427.4416579718068,16.685266628063506,,21.334047746091045,,0.07381285877512957,1.0014249973563802,11.244172541308563,0.10780131138207527,0.009238496724190304,0.09856281465788497
1955.05,37.6,1.56667,3.13333,26.7,1955.3749999999234,2.76,469.0476779026217,19.543694828183522,42446.10635270568,39.08726490964419,3537.1717664394496,16.518057827257802,,21.09780379424158,,0.07373630484653114,1.000568311621233,11.26019545745461,0.10979451896887471,0.009365956636008255,0.10042856233286646
1955.06,39.78,1.57,3.22,26.7,1955.4583333332566,2.78,496.2424634831461,19.585235486891385,45054.77330563239,40.1684447565543,3646.9675727535514,17.370091963405315,,22.15712167237052,,0.06941090871914064,0.9919856735121467,11.266594757390436,0.09742380931160044,0.00902129840766075,0.08840251090393969
1955.07,42.69,1.58667,3.29333,26.8,1955.54166666659,2.9,530.55665625,19.71933309375,48319.418720620786,40.92991690625,3727.6128192827846,18.45403190663288,,23.503510201463065,,0.06521811352416776,0.9964102522763028,11.13459797446181,0.08988747205940295,0.010646514702316257,0.0792409573570867
1955.08,42.43,1.60333,3.36667,26.8,1955.6249999999231,2.97,527.3253437499999,19.926385656249995,48176.3629448907,41.84139559374999,3822.6235172207207,18.222326463047757,,23.17369665448259,,0.0652071483085897,1.002475,11.094627576728701,0.09250039623194328,0.010955395425943149,0.08154500080600013
1955.09,44.34,1.62,3.44,26.9,1955.7083333332564,2.97,549.0145009293681,20.05871654275093,50310.594475662605,42.59381784386617,3903.212561936837,18.84396065426132,,23.925531307723016,,0.06378423418526823,1.0102306128294607,11.080740732471881,0.09162652113989878,0.011113910913920222,0.08051261022597855
1955.1,42.11,1.62667,3.5,26.9,1955.7916666665897,2.88,521.402810873606,20.14130397444238,47934.123318218226,43.33673327137546,3984.0757923002557,17.7723257893861,,22.53236630332375,,0.06788408978308569,1.0015386747064237,11.194103500769437,0.09928464037025564,0.009639783572499283,0.08964485679775636
1955.11,44.95,1.63333,3.56,26.9,1955.874999999923,2.89,556.5674744423792,20.22376758689591,51321.85221144276,44.07964869888476,4064.645024977447,18.835559288273902,,23.841583744997795,,0.06460790423634749,0.9963990676485582,11.21132758468716,0.09297438519583001,0.009041428494099835,0.08393295670173018
1955.12,45.37,1.64,3.62,26.8,1955.9583333332562,2.96,563.8640312499998,20.382124999999995,52151.29973023531,44.98981249999999,4161.069099040155,18.94236903581358,,23.93776574538754,,0.06264825808600269,1.0076321632439265,11.21263902544188,0.09065075617130725,0.0077193888465101335,0.08293136732479711
1956.01,44.15,1.67,3.64333,26.8,1956.0416666665894,2.9,548.7017187499999,20.754968749999996,50908.917911299985,45.27976065625,4201.086928511361,18.292585385418903,,23.0824590842175,,0.06512350904143846,1.0075969184830094,11.298215716879273,0.09543168336047603,0.007420219136410111,0.08801146422406592
1956.02,44.43,1.7,3.66667,26.8,1956.1249999999227,2.84,552.1815937499999,21.127812499999994,51395.13747459024,45.56983309374999,4241.481177671749,18.26611681512779,,23.017216418743,,0.06637558693981144,0.9920650683499093,11.38404734068386,0.09323529049098456,0.004664117243889931,0.08857117324709463
1956.03,47.49,1.73,3.69,26.8,1956.208333333256,2.96,590.2116562499999,21.500656249999995,55101.61027055766,45.85978124999999,4281.426445532908,19.37121009929997,,24.373586635398716,,0.06091014132159603,0.9837762031982095,11.293715703134138,0.08104576499216387,0.0052399493832038235,0.07580581560896005
1956.04,48.05,1.75333,3.66,26.9,1956.2916666665892,3.18,594.9514381970259,21.709598441914498,55713.01088675625,45.31784107806691,4243.696562862184,19.370593634578505,,24.33866911417023,,0.05853257027214732,1.0120440058709126,11.069185822256701,0.08271610277745212,0.00798931481062004,0.07472678796683208
1956.05,46.54,1.77667,3.63,27,1956.3749999999225,3.07,574.1204564814814,21.917116274537033,53933.36816021518,44.77991527777777,4206.66365323552,18.544506591754438,,23.274196470664407,,0.06175470056837124,1.008556205018854,11.161012408836974,0.08067248050126485,0.0073172106738386145,0.07335526982742624
1956.06,46.27,1.8,3.6,27.2,1956.4583333332557,3,566.5927357536765,22.041645220588233,53398.75853940009,44.083290441176466,4154.647303692248,18.158163846958704,,22.767416558558114,,0.06325181869849278,0.9931237707286644,11.173739875701244,0.0808103622610794,0.007054214068889175,0.07375614819219023
1956.07,48.78,1.81333,3.55333,27.4,1956.541666666589,3.11,592.9685228102189,22.042796463047445,56057.674464499156,43.19419518567518,4083.4648709499543,18.85679759689679,,23.620311675201695,,0.05495081588539032,0.9840331001420624,11.015907359676508,0.07526151813592152,0.006923058627694489,0.06833845950822703
1956.08,48.49,1.82667,3.50667,27.3,1956.6249999999222,3.33,591.6024226190475,22.286294026098897,56104.100905532185,42.78314017994505,4057.301866826203,18.670937110186422,,23.368947299227273,,0.05083779386334243,0.9985670712007867,10.87972449371994,0.06814884808595156,0.00641644034294564,0.061732407743005924
1956.09,46.84,1.84,3.46,27.4,1956.7083333332555,3.38,569.3859288321167,22.366996350364964,54173.981937372555,42.05967791970802,4001.7501601902013,17.836640796312025,,22.31147321044986,,0.052204639380191556,1.0061893610621129,10.824484496803466,0.06838917377534193,0.007676213894525219,0.06071295988081671
1956.1,46.24,1.80667,3.44333,27.5,1956.7916666665888,3.34,560.0483709090909,21.881976433181816,53459.059906500304,41.704830384999994,3980.907974650728,17.418952948636132,,21.777269004413114,,0.05232554325580102,0.9902247262799895,10.851875753703007,0.0685515585428973,0.008563709737462899,0.059987848805434396
1956.11,45.76,1.77333,3.42667,27.5,1956.874999999922,3.49,554.2347199999999,21.478169930454545,53074.97031891839,41.50304825136364,3974.4407461260516,17.120339736628257,,21.392087415372306,,0.0493870934627005,0.9945751622636863,10.745795697835014,0.07487460323367845,0.008800392891650466,0.06607421034202798
1956.12,46.44,1.74,3.41,27.6,1956.9583333332553,3.59,560.4327880434781,20.998127717391302,53836.08321807965,41.15150317028985,3953.080184617821,17.19752272556093,,21.47449879556119,,0.04753871397888696,1.0138911587112152,10.64877866830557,0.07411033343263163,0.012651981933879064,0.06145835149875256
1957.01,45.43,1.73667,3.40667,27.6,1957.0416666665885,3.46,548.244219655797,20.95794164538043,52833.000713843394,41.111317098278974,3961.8005402119497,16.717780078533014,,20.863186388755356,,0.05050735850161369,1.0130014165196715,10.796702542867605,0.08049770453524197,0.01372883363346089,0.06676887090178107
1957.02,43.47,1.73333,3.40333,27.7,1957.1249999999218,3.34,522.6973253610108,20.842119967057762,50538.482332276326,40.922739551895305,3956.7318397953986,15.843733142229746,,19.762632437908902,,0.055378120041044254,0.9969005501839602,10.897590944505174,0.08928874194658709,0.012770880803941287,0.0765178611426458
1957.03,44.03,1.73,3.4,27.8,1957.208333333255,3.41,527.5265184352518,20.72725134892086,51172.41276382642,40.735638489208625,3951.5376651603406,15.90041710886917,,19.821836742269976,,0.05293317537541741,0.99697822718204,10.8247359391625,0.0904336857794572,0.01425531760138865,0.07617836817806856
1957.04,45.05,1.73,3.40667,27.9,1957.2916666665883,3.48,537.8126321684587,20.652960125448026,52337.16382924848,40.669259925179205,3957.7235494380893,16.123704360211757,,20.086831188745055,,0.05173003200934926,0.9929048859361431,10.753344949399658,0.08980108473528858,0.014599954608208732,0.07520113012707985
1957.05,46.78,1.73,3.41333,28,1957.3749999999216,3.6,556.4710723214286,20.579199553571424,54319.79592113668,40.60323653883928,3963.4756094804075,16.598110789114266,,20.66110669340183,,0.04912398212751333,0.9864967886452165,10.638916423485611,0.08764208044800359,0.013680244472760617,0.07396183597524297
1957.06,47.55,1.73,3.42,28.1,1957.4583333332548,3.8,563.6176801601422,20.505963967971528,55184.21748423099,40.53780160142348,3969.08567394469,16.72991887247287,,20.806763725120575,,0.04654777995475148,0.9925044995420178,10.457907217798413,0.08451812702119144,0.014176390525993954,0.07034173649519748
1957.07,48.51,1.74,3.43667,28.3,1957.541666666588,3.93,570.9331311837454,20.478739399293286,56067.56931155732,40.44751110998233,3972.0827339919547,16.8688823839798,,20.959760285686006,,0.04455478603235058,1.003275,10.306166471440498,0.08461087636074405,0.014676440623892395,0.06993443573685165
1957.08,45.84,1.75,3.45333,28.3,1957.6249999999213,3.93,539.5088586572438,20.596433303886922,53150.15249982251,40.64358915503533,4004.0361285386575,15.868942729452247,,19.702677805273016,,0.04691584125337614,1.0040955493531014,10.339919166634465,0.09209873777328559,0.013538612374128123,0.07856012539915747
1957.09,43.98,1.76,3.47,28.3,1957.7083333332546,3.92,517.6177924028267,20.714127208480566,51163.59211697573,40.839784893992935,4036.7818245999506,15.157274488962212,,18.807961927666796,,0.04772818123155337,0.9991734737976983,10.382266815888494,0.09773994048774526,0.013111808465150254,0.084628132022595
1957.1,41.24,1.77,3.43667,28.3,1957.7916666665878,3.97,485.36966254416956,20.831821113074202,48147.639125541915,40.44751110998233,4012.307152123573,14.149451489483539,,17.551467653382634,,0.05192737707581736,1.0240147011474796,10.373685600325873,0.10420902641504837,0.011945438210442916,0.09226358820460545
1957.11,40.35,1.78,3.40333,28.4,1957.874999999921,3.72,473.2227398767605,20.87574911971831,47115.259371537315,39.91408047843309,3973.947352588206,13.736242235298487,,17.035278552833883,,0.056470571137262164,1.0463665008075973,10.585402311365558,0.1030470718779708,0.007996776960940588,0.09505029491703021
1957.12,40.33,1.79,3.37,28.4,1957.9583333332544,3.21,472.9881808978873,20.993028609154926,47266.08269253253,39.52318794014084,3949.5834037648065,13.67324605795139,,16.954577613038225,,0.06058955909049745,1.0129133037439282,11.07621037618423,0.1057520499877811,0.0039987577345161895,0.1017532922532649
1958.01,41.12,1.78333,3.29333,28.6,1958.0416666665876,3.09,478.88086013986003,20.76854582473776,48027.89421886696,38.353908149912584,3846.5881534003197,13.788431552307637,,17.09410885421222,,0.06059543495973557,1.0059942405838802,11.140784615417505,0.10331792901632153,0.004586659493843737,0.0987312695224778
1958.02,41.26,1.77667,3.21667,28.6,1958.1249999999209,3.05,480.511291083916,20.690983895541954,48364.34157033731,37.4611307486888,3770.531425086207,13.784906390337682,,17.08728198881138,,0.06187788720846586,1.008545231626615,11.207565158695507,0.09744165283769757,0.0039256673672112274,0.09351598547048634
1958.03,42.11,1.77,3.14,28.8,1958.2083333332541,2.98,487.0047087673611,20.47015755208333,49189.612524727956,36.314290798611104,3667.9027149761523,13.925589923892943,,17.25815533706721,,0.06299125007704465,1.011100680921623,11.224841007287587,0.09354770110394628,0.0025759344731348666,0.09097176663081141
1958.04,42.34,1.75667,3.07,28.9,1958.2916666665874,2.88,487.9703313148789,20.245697730536328,49457.55333138388,35.38188278546713,3586.0814531730875,13.913501765262783,,17.23966539024108,,0.06267794257358464,0.9989596059826652,11.310172951844866,0.10073307025650857,0.002756943524689026,0.09797612673181955
1958.05,43.7,1.74333,3.0,28.9,1958.3749999999206,2.92,503.6443901384083,20.09195365354671,51215.87506579065,34.57512975778546,3515.963963326589,14.323824968409234,,17.742987045801208,,0.05979164604232956,0.9981430373402163,11.298405915570745,0.09935022184186337,0.0013039334764610722,0.0980462883654023
1958.06,44.75,1.73,2.93,28.9,1958.458333333254,2.97,515.7456855536332,19.938324826989618,52615.42405452592,33.7683767301038,3444.9875414471726,14.63555555195627,,18.122451008262193,,0.05695567923070745,0.9829534336905993,11.27742519767045,0.09893845306053195,0.002523483806050608,0.09641496925448134
1958.07,45.98,1.73,2.91333,29,1958.5416666665872,3.2,528.094173275862,19.869571982758618,54044.11543262397,33.46047407198276,3424.2788780627757,14.957457101901138,,18.513137401048006,,0.05227756453464141,0.9742672963023051,11.046959049441679,0.0954232696794084,0.006161748756146723,0.08926152092326167
1958.08,47.7,1.73,2.89667,28.9,1958.6249999999204,3.54,549.744563148789,19.938324826989618,56429.811003445146,33.384247038494806,3426.8037869884574,15.544566891165928,,19.229233309769267,,0.045585163707002885,0.9847624760955859,10.79993207053263,0.08826347738860729,0.009225849402572539,0.07903762798603475
1958.09,48.96,1.73,2.88,28.9,1958.7083333332537,3.76,564.2661176470588,19.938324826989618,58090.96110024466,33.192124567474046,3417.115358837921,15.931923184092842,,19.695350298388732,,0.04182106633622133,0.9998326910623766,10.635367847441842,0.08854875351093106,0.010635672693254827,0.07791308081767623
1958.1,50.95,1.73667,2.88333,28.9,1958.791666666587,3.8,587.2009537197231,20.015196865484427,60623.80590635816,33.23050296150519,3430.783872109513,16.55980331035157,,20.455148275406547,,0.039457090686644394,1.008131544683726,10.633588455346052,0.08620659016845034,0.009615599458893564,0.07659099070955677
1958.11,52.5,1.74333,2.88667,29,1958.8749999999202,3.74,602.9783405172412,20.022671054741377,62424.96007433922,33.15427592801724,3432.385895196054,16.98888357938633,,20.965610881429544,,0.03972103343144633,0.9932424609586264,10.68309024482933,0.0846440199512497,0.00841414288606579,0.07622987706518392
1958.12,53.49,1.75,2.89,28.9,1958.9583333332534,3.86,616.4745635813149,20.16882569204152,63996.19566797176,33.307375,3457.637043941641,17.358357365369958,,21.399510465598855,,0.037338063210747896,0.9901489231071477,10.647614758377303,0.08302935727297545,0.006446639008672594,0.07658271826430285
1959.01,55.62,1.75667,2.96333,29,1959.0416666665867,4.02,638.8124818965516,20.175884979741376,66489.63206535603,34.03473915818965,3542.4437502378905,17.980339342993393,,22.1400104542214,,0.034520700487024686,1.0082641214080816,10.506370064988896,0.07421766465278923,0.007938531184651154,0.06627913346813807
1959.02,54.77,1.76333,3.03667,28.9,1959.12499999992,3.96,631.2266189446367,20.322454518598615,65876.34015673934,34.99775309385813,3652.4503535469353,17.75916926361142,,21.841682331178745,,0.036314250209677844,1.0008463720204186,10.629850640144006,0.0743556179869469,0.0055859953236327975,0.0687696226633141
1959.03,56.16,1.77,3.11,28.9,1959.2083333332532,3.99,647.2464290657439,20.399326557093424,67725.61664005113,35.84288451557093,3750.4748531082446,18.200871845485636,,22.35543152838666,,0.034647733018719255,0.9927567382434969,10.638847448307056,0.06842600185267589,0.00436657382402883,0.06405942802864706
1959.04,57.1,1.77667,3.20667,29,1959.2916666665865,4.12,655.8107284482758,20.405591014224136,68799.68600283982,36.82957247974137,3863.7108426396912,18.430753048783416,,22.606141738483984,,0.0325871431180292,0.9881229824116164,10.525367534584387,0.06855811196922001,0.006373716247017436,0.06218439572220258
1959.05,57.96,1.78333,3.30333,29,1959.3749999999197,4.31,665.6880879310345,20.482083123706893,70014.95935892384,37.93974174439654,3990.3815683076914,18.692721439594184,,22.894229168466914,,0.030354324726054628,1.0011775987524087,10.400357559251926,0.07008498944943997,0.006704869610914432,0.06338011983852554
1959.06,57.46,1.79,3.4,29.1,1959.458333333253,4.34,657.6775833333332,20.488041666666664,69352.01218471321,38.915833333333325,4103.669360042201,18.448591397066476,,22.562214820417104,,0.030685698424929714,0.9988019155824659,10.376822859546767,0.06507284832661786,0.005073973603275883,0.05999887472334198
1959.07,59.74,1.79667,3.41,29.2,1959.5416666665863,4.4,681.4323912671233,20.493959397688354,72037.04390467558,38.89662628424657,4111.9236644617295,19.090533975796514,,23.310742907975143,,0.02947063577364334,1.0012626276101042,10.32889606159107,0.05591107748965918,0.0044513692227852175,0.05145970826687396
1959.08,59.4,1.80333,3.42,29.2,1959.6249999999195,4.43,677.5541352739725,20.569927588613012,71808.26840982781,39.0106926369863,4134.415453899178,18.958803640750205,,23.1146265713648,,0.02910475620080244,0.9838876299903478,10.341937610940331,0.05537549652149987,0.004557677883471056,0.05081781863802881
1959.09,57.05,1.81,3.43,29.3,1959.7083333332528,4.68,648.5275575938565,20.57554564846416,68913.70448705605,38.991227389078496,4143.277938485579,18.123290556758615,,22.065621822784536,,0.028957426532419818,1.0158648196265918,10.140576483879002,0.06010538096214879,0.0034376210664397444,0.05666775989570905
1959.1,57,1.81667,3.41667,29.4,1959.791666666586,4.53,645.7552295918366,20.581125490221087,68801.3608786019,38.707588075255096,4124.062204791101,18.02196244151542,,21.913293512657308,,0.03197373647861374,1.003775,10.266415938458104,0.061127011426896694,0.002682100701659973,0.05844491072523672
1959.11,57.23,1.82333,3.40333,29.4,1959.8749999999193,4.53,648.3609085884352,20.65657689073129,69262.38330748453,38.55645869345238,4118.866800312097,18.071789130570217,,21.94586339590121,,0.03139061226480767,0.9911062458036582,10.305171658625785,0.06090441826441917,0.0020766310364799256,0.05882778722793924
1959.12,59.06,1.83,3.39,29.4,1959.9583333332525,4.69,669.093050170068,20.73214158163265,71661.69616624896,38.405442602040814,4113.3279716150355,18.62472897790011,,22.58831569150978,,0.029010076868157715,1.0015362166752055,10.21351999494286,0.051298900077660026,-0.0005501539628407492,0.051849054040500775
1960.01,58.03,1.86667,3.39,29.3,1960.0416666665858,4.72,659.6679082764504,21.219753478242318,70841.62882181702,38.53651919795221,4138.43049639772,18.338284994375563,,22.215441275545867,,0.02963452794942402,1.0223132881790824,10.26412215478997,0.05160969936620052,-0.001636193139850528,0.05324589250605105
1960.02,55.78,1.90333,3.39,29.4,1960.124999999919,4.49,631.9338018707483,21.56290001998299,68056.23736143284,38.405442602040814,4136.081833188549,17.545275108945972,,21.233856769802056,,0.03474757761819635,1.023134908202376,10.457457489143488,0.05185746103932676,0.0004016579747203597,0.0514558030646064
1960.03,55.02,1.94,3.39,29.4,1960.2083333332523,4.25,623.3237321428571,21.97833588435374,67326.22095134694,38.405442602040814,4148.234987732936,17.28602072052215,,20.90186208386406,,0.03756823452125083,1.0011208804158602,10.699389808185071,0.054539031724874176,-0.0006138646284771232,0.0551528963533513
1960.04,55.73,1.94333,3.34667,29.5,1960.2916666665856,4.28,629.2271216101694,21.941430867372876,68161.34991993124,37.78603142076271,4093.1911885256827,17.429766947597198,,21.057013645324012,,0.03713829621486332,0.9979364483224713,10.675072773344814,0.04948843473227571,-0.002834123274965461,0.05232255800724117
1960.05,55.22,1.94667,3.30333,29.5,1960.3749999999188,4.35,623.4688974576271,21.979141590254233,67735.9958221064,37.29669527415253,4052.0526454009178,17.256170578727914,,20.82961796048619,,0.03658318385692866,1.019861215150373,10.653044209015638,0.037477773018283145,-0.005868192604227329,0.043345965622510474
1960.06,57.26,1.95,3.26,29.6,1960.458333333252,4.15,644.317666385135,21.9423585304054,70199.7424875435,36.68312246621621,3996.70206967153,17.82336381726474,,21.494025476015565,,0.03665456176024945,1.0239912183288333,10.827921792422003,0.0329648614534539,-0.006872596512659812,0.03983745796611371
1960.07,55.84,1.95,3.26333,29.6,1960.5416666665853,3.9,628.3391283783783,21.9423585304054,68658.06983336806,36.7205932630912,4012.427274880461,17.37680647289811,,20.937549239049797,,0.0393169606014447,1.0115016056773918,11.087696828191532,0.035268890757965465,-0.006502916345656029,0.041771807103621494
1960.08,56.51,1.95,3.26667,29.6,1960.6249999999186,3.8,635.8782977195945,21.9423585304054,69681.67017606646,36.758176584881745,4028.083905752097,17.582113039577674,,21.16603187120124,,0.03880170512478679,1.0031666666666668,11.21522314497986,0.03705564545598916,-0.007505886915268212,0.04456153237125737
1960.09,54.81,1.95,3.27,29.6,1960.7083333332519,3.8,616.7490620777025,21.9423585304054,67785.80098661853,36.79564738175675,4044.144667510356,17.052015467817668,,20.511204667640985,,0.04015103884406264,0.9957713775053386,11.250738018272296,0.04577936605414146,-0.006742316932297876,0.05252168298643933
1960.1,53.73,1.95,3.27,29.8,1960.7916666665851,3.89,600.5386774328858,21.795094379194627,66203.76791470697,36.54869672818791,4029.151704468487,16.605104536251037,,19.958227629483655,,0.04068368452938362,0.9999609998590825,11.127973881692549,0.05029641335089585,-0.005131217525779164,0.055427630876675016
1960.11,55.47,1.95,3.27,29.8,1960.8749999999184,3.93,619.9866078020134,21.795094379194627,68547.94562655754,36.54869672818791,4040.955150510963,17.146088452419015,,20.590981751601564,,0.037970128516134766,1.010687575569906,11.127539889143037,0.04633270851720339,-0.0015965533080211092,0.0479292618252245
1960.12,56.8,1.95,3.27,29.8,1960.9583333332516,3.84,634.8519798657717,21.795094379194627,70392.32653241002,36.54869672818791,4052.515981707408,17.562090833957136,,21.071250947942296,,0.036259226159542156,1.0032,11.246466312615398,0.05026733507743719,0.0006316092408016338,0.04963572583663556
1961.01,59.72,1.94667,3.21,29.8,1961.041666666585,3.84,667.4887365771812,21.75787506417785,74212.12957229633,35.87807843959731,3988.964097908091,18.470416986477186,,22.138023912072363,,0.03184484865175584,1.0081555955915638,11.282455004815768,0.04894820217185636,0.0019400846429533658,0.04700811752890299
1961.02,62.17,1.94333,3.15,29.8,1961.1249999999181,3.78,694.8723166946307,21.720543979446305,77457.90885783332,35.20746015100671,3924.6004970592726,19.234014498298365,,23.028743280290104,,0.029103054689369356,1.0064599186780394,11.37447014511506,0.04846026060512809,0.002351922442614285,0.04610833816251381
1961.03,64.12,1.94,3.09,29.8,1961.2083333332514,3.74,716.6674110738254,21.683324664429527,80088.8447466027,34.5368418624161,3859.5528737835666,19.84422527272558,,23.733978127182606,,0.02751025777265289,0.999812936272291,11.447948297258291,0.047623029721760135,0.005013335924851203,0.04260969379690893
1961.04,65.83,1.94,3.07,29.8,1961.2916666665847,3.78,735.7800322986576,21.683324664429527,82426.64295440148,34.3133024328859,3843.9889696189052,20.382842975754794,,24.352100217522864,,0.025778633459042147,1.008950498281547,11.445806801375186,0.04812686195240756,0.004275394704985835,0.04385146724742173
1961.05,66.5,1.94,3.05,29.8,1961.374999999918,3.71,743.2686031879194,21.683324664429527,83467.98415735473,34.0897630033557,3828.230852329803,20.598606843297354,,24.584398270064128,,0.025572348486320957,0.9891162651835674,11.548252475481812,0.04512588757964431,-0.0008087942224769273,0.045934681802121236
1961.06,65.62,1.94,3.03,29.8,1961.4583333332512,3.88,733.4328682885906,21.683324664429527,82566.3625741011,33.86622357382549,3812.497387984247,20.332414551592304,,24.24396485326979,,0.02450792621531348,0.9999511359209277,11.422564357945458,0.043805070632089604,-0.0008719917852310077,0.04467706241732061
1961.07,65.44,1.94667,3.03667,30,1961.5416666665844,3.92,726.5448733333332,21.612822563749997,81993.70074181409,33.71450214708333,3804.8259662537384,20.146643736827322,,24.001732449096995,,0.02524000931045836,0.9934749803871008,11.34585949682508,0.043790117145812824,-0.0014214964115368822,0.045211613557349706
1961.08,67.79,1.95333,3.04333,29.9,1961.6249999999177,4.04,755.1528265050167,21.75929592265886,85426.86659653121,33.90144935075251,3835.110575589634,20.94168847521519,,24.927371788688795,,0.021816815188407716,1.0082762096268238,11.30952596095294,0.03767453343601046,0.000290668455689147,0.03738386498032131
1961.09,67.26,1.96,3.05,30,1961.708333333251,3.98,746.7513475,21.76081833333333,84681.58856005686,33.86249791666666,3840.0066177248495,20.705243044147252,,24.626812599567067,,0.022520573809431933,1.0082399627852752,11.365115548690506,0.04113779005024809,0.003546104687216056,0.037591685363032035
1961.1,68,1.98,3.09667,30,1961.7916666665842,3.92,754.9671666666666,21.982867499999998,85821.00035974242,34.38064964708333,3908.225252705935,20.92419014101079,,24.86991665302825,,0.022227504665063423,1.0016270980695723,11.458763677862068,0.037538369975540054,0.004546583636601209,0.032991786338938844
1961.11,71.08,2.0,3.14333,30,1961.8749999999175,3.94,789.1627383333332,22.204916666666666,89918.5324357419,34.89869035291667,3976.4155959656814,21.857957721959668,,25.96008811037239,,0.01921532164864751,0.9935007566437831,11.477408210122002,0.02810404347976503,0.0057777477795133425,0.022326295700251686
1961.12,71.74,2.02,3.19,30,1961.9583333332507,4.06,796.4903608333332,22.42696583333333,90966.40128353226,35.41684208333333,4044.9236143639246,22.041480198382256,,26.158967454388616,,0.017251533180928612,1.0017544201863267,11.402813741065778,0.033538175321390806,0.005525821227594596,0.02801235409379621
1962.01,69.07,2.02667,3.25,30,1962.041666666584,4.08,766.8467970833332,22.501019230416667,87794.98991303338,36.08298958333333,4131.080312977538,21.19793140001522,,25.142459916082956,,0.018856943716482596,1.006663895426522,11.422819067674027,0.04171058260242999,0.005695512025453597,0.03601507057697639
1962.02,70.22,2.03333,3.31,30.1,1962.1249999999172,4.04,777.0245423588038,22.499961730481722,89174.88792384815,36.62704692691029,4203.487311705175,21.451687754873383,,25.427057120717464,,0.01980347892405608,1.0123885003875235,11.460737082475502,0.04173198282513879,0.0044005263696751395,0.03733145645546365
1962.03,70.29,2.04,3.37,30.1,1962.2083333332505,3.93,777.799132475083,22.573769102990028,89479.67250234037,37.29098131229235,4290.034092088306,21.443158568526233,,25.400593865759646,,0.020922020958310833,1.010687575569906,11.602718428263055,0.043820507522673635,0.0035032717460843354,0.0403172357765893
1962.04,68.05,2.04667,3.40333,30.2,1962.2916666665838,3.84,750.5188307119205,22.572584500413907,86557.688213267,37.53509554925496,4328.940147345451,20.65833644764903,,24.45737104891091,,0.023545227932979314,1.0007326009996715,11.687893148485825,0.048349863318874364,0.0021442348125504385,0.046205628506323926
1962.05,62.99,2.05333,3.43667,30.2,1962.374999999917,3.87,694.7124341887417,22.646037188327814,80339.1585410032,37.90280014610927,4383.222352486259,19.089367498116655,,22.59273901198217,,0.02722380214925571,0.999941270990609,11.696455710690458,0.05511859855153145,0.0027881753337712922,0.05233042321776016
1962.06,55.63,2.06,3.47,30.2,1962.4583333332503,3.91,613.5394937913907,22.719600165562913,71170.96277481421,38.27039445364238,4439.389552913991,16.82757124479247,,19.917222641066708,,0.033481783573162484,0.9950871893373412,11.695768789433183,0.06827486498493829,0.003212362546953784,0.0650625024379845
1962.07,56.97,2.06667,3.49,30.3,1962.5416666665835,4.01,626.2446051980196,22.717938181930688,72864.37151085646,38.363940181518146,4463.694164874304,17.141325661322792,,20.28907166390212,,0.030967289321607847,1.005796438146745,11.599899428807168,0.06471828224518905,0.004067941252300589,0.06065034099288846
1962.08,58.52,2.07333,3.51,30.3,1962.6249999999168,3.98,643.2830313531352,22.79114845173267,75067.79611662345,38.58379084158415,4502.5284410346585,17.57126263104553,,20.79737145334831,,0.029839850791958507,1.0033166666666666,11.667137528354711,0.06524709355521474,0.0030177421481709654,0.062229351407043776
1962.09,58,2.08,3.53,30.4,1962.70833333325,3.98,635.469654605263,22.789256578947366,74377.63121951027,38.675997944078944,4526.776520773642,17.32146114746548,,20.50192530845587,,0.030994332976254542,1.007417500176147,11.667327503126966,0.06468078422017975,0.0007972145799102215,0.06388356964026953
1962.1,56.17,2.09667,3.57667,30.4,1962.7916666665833,3.93,615.4194913651315,22.971899322779603,72254.94812535592,39.18733188856908,4600.892029758176,16.739820967901334,,19.816278671377116,,0.033500278187628955,1.0040955493531014,11.753869906936574,0.06770860215278574,0.0006355751281197364,0.067073027024666
1962.11,60.04,2.11333,3.62333,30.4,1962.8749999999166,3.92,657.82065625,23.154432502878286,77459.71095910954,39.69855626932566,4674.585185034483,17.854386489497145,,21.13463486809109,,0.029871128091809203,1.008203769520687,11.802008461230367,0.0655014461569865,0.001985965396072986,0.06351548076091351
1962.12,62.64,2.13,3.67,30.4,1962.9583333332498,3.86,686.3072269736842,23.337075246710523,81043.06117877853,40.20989021381578,4748.212556291781,18.585836118439865,,21.996928448150392,,0.028266895655685007,1.0056886798606937,11.898829418527498,0.06287185979668397,0.0008677959104155253,0.062004063886268446
1963.01,65.06,2.13667,3.68333,30.4,1963.041666666583,3.83,712.8216504934211,23.41015425699013,84404.40214057158,40.35593867064145,4778.50086898911,19.259231693254055,,22.78777539606368,,0.02706584182096207,0.9958067224887539,11.966518049806504,0.05935539368421616,-0.0001358928058412534,0.059491286490057416
1963.02,65.92,2.14333,3.69667,30.4,1963.1249999999163,3.92,722.2441315789473,23.483123703536183,85751.82492637269,40.502096691200656,4808.801557199244,19.469191309671412,,23.029397502210248,,0.025987675611033267,1.0024464999647706,11.91633911878033,0.053369306237671,-0.0011864075961453002,0.0545557138338163
1963.03,65.67,2.15,3.71,30.5,1963.2083333332496,3.93,717.1460053278688,23.478969262295077,85378.83019210823,40.514872540983596,4823.442363525529,19.288064606604838,,22.80887539793485,,0.02632110095203833,1.0000004457048253,11.906326893024408,0.051426422329269306,-0.001981791331338578,0.053408213660607884
1963.04,68.76,2.16667,3.75333,30.5,1963.2916666665828,3.97,750.8901983606557,23.66101317745901,89630.94274164342,40.98805567499999,4892.590260623799,20.150077238226988,,23.8196564016447,,0.023703168769710008,1.0065890001409175,11.906332199731755,0.04388727879779686,-0.0018273739201424277,0.045714652717939286
1963.05,70.14,2.18333,3.79667,30.5,1963.374999999916,3.93,765.9604204918031,23.842947888114754,91666.9888173872,41.461348013524585,4961.923387985593,20.50758586495261,,24.232447349964097,,0.02285767840555096,0.9983677440408374,11.984783024273598,0.03812641244539394,-0.0039037208183410055,0.04203013326373495
1963.06,70.11,2.2,3.84,30.6,1963.4583333332494,3.99,763.130738970588,23.946478758169935,91567.16218282758,41.79749019607843,5015.2318183149055,20.384149993840996,,24.077153173393228,,0.022505837092669838,1.0008747980825903,11.926118762034974,0.03545085871264453,-0.003881917256573386,0.039332775969217915
1963.07,69.07,2.20333,3.88,30.7,1963.5416666665826,4.02,749.3616909609119,23.904605393729636,90154.05406052059,42.095314332247554,5064.394523741421,19.969231885949636,,23.578826512048263,,0.02355582562966658,1.0049849901462253,11.897670431939375,0.03807757976587545,-0.004926937976289958,0.043004517742165405
1963.08,70.98,2.20667,3.92,30.7,1963.6249999999159,4,770.0838688925081,23.940842081840387,92887.11612984745,42.529286644951135,5129.860456875203,20.472637900527676,,24.163214231057243,,0.022147006613098007,0.9968176807453066,11.95698020180563,0.03143047752929817,-0.008497276492720252,0.039927754022018425
1963.09,72.85,2.21,3.96,30.7,1963.7083333332491,4.08,790.3720745114005,23.97697027687296,95575.27642453225,42.963258957654716,5195.3067212237165,20.96036009070511,,24.727136816950285,,0.020210426714588697,1.000960036443839,11.918929273481437,0.030299155865835647,-0.005639402968682705,0.03593855883451835
1963.1,73.03,2.23333,3.98,30.8,1963.7916666665824,4.11,789.752466314935,24.151415522321425,95743.7253076898,43.040049512987004,5217.856041689791,20.891344595411496,,24.634554206566836,,0.020021572622875648,1.0026120567879613,11.891636906319297,0.033491536019557344,-0.003586413357661522,0.037077949377218866
1963.11,72.62,2.25667,4.0,30.8,1963.8749999999156,4.12,785.3186923701298,24.40381621469156,95452.75226473517,43.25633116883116,5257.656417776654,20.720399335339703,,24.423701791634475,,0.020692523571010403,1.0026207678502677,11.92269853722042,0.025823336524494422,-0.0035091369210143997,0.029332473445508822
1963.12,74.17,2.28,4.02,30.9,1963.958333333249,4.13,799.484790857605,24.57631553398058,97423.52266793576,43.33192475728155,5280.336539370389,21.038599376737046,,24.789068553629285,,0.020191207824954024,1.0001974386374914,11.9152592555613,0.015880522174610112,-0.0036103662700108785,0.01949088844462099
1964.01,76.45,2.29667,4.07333,30.9,1964.0416666665822,4.17,824.0611063915858,24.756002893608414,100669.73324498905,43.90677340088997,5363.7808308543,21.62721619698093,,25.4718385790723,,0.018497562501543725,1.0050986215150373,11.917611788114076,0.013392673012419865,-0.00571292742445062,0.019105600436870485
1964.02,77.39,2.31333,4.12667,30.9,1964.1249999999154,4.15,834.1934470064724,24.93558246237864,102161.3801874472,44.48172983535598,5447.555275592876,21.832670826710316,,25.702472478695217,,0.01826244310498496,0.9977940951085311,11.978375179984816,0.008083923909201651,-0.006700868047748276,0.014784791956949928
1964.03,78.8,2.33,4.18,30.9,1964.2083333332487,4.22,849.3919579288025,25.11526982200647,104279.01658384678,45.05657847896439,5531.551894929943,22.16724558598262,,26.083991410252413,,0.016871130342640497,1.002707865072601,11.951952023583438,0.009253954388513064,-0.008920374534553632,0.018174328923066696
1964.04,79.94,2.34667,4.23,30.9,1964.291666666582,4.23,861.6801156957928,25.294957181634302,106046.40806725819,45.595532766990296,5611.412385845662,22.42219216973716,,26.370888403447548,,0.016635908141929952,1.0059547846225443,11.984316297017502,0.0021808639941738317,-0.011090187213023905,0.013271051207197737
1964.05,80.72,2.36333,4.28,30.9,1964.3749999999152,4.2,870.0878025889967,25.47453675040453,107342.3978065284,46.13448705501619,5691.593937214341,22.574330769563822,,26.536112909394074,,0.016257628241597946,1.0059331710218815,12.055680319414689,-0.003014996991643204,-0.012767132461679709,0.009752135470036505
1964.06,80.24,2.38,4.33,31,1964.4583333332484,4.17,862.1237967741935,25.57146854838709,106622.77665719361,46.52288185483871,5753.696696481161,22.30028803608278,,26.20115179535619,,0.017429662017281446,1.0018543915381173,12.088088704365438,-0.0027048679423667954,-0.012946635205408064,0.010241767263041268
1964.07,83.22,2.4,4.37667,31.1,1964.5416666665817,4.19,891.2667998392282,25.703440514469445,110491.92971368684,46.87311541519292,5810.943451333836,22.984351845738395,,26.989715153331513,,0.016221768966826165,1.0034916666666667,12.071564224015933,-0.018945039250053863,-0.014835150590170598,-0.004109888659883265
1964.08,82,2.42,4.42333,31,1964.624999999915,4.19,881.0337903225806,26.001241129032252,109491.94367191773,47.52564872862902,5906.3292585646805,22.650407292938787,,26.58432227629422,,0.016536508374959638,1.002681738459152,12.152790599536072,-0.02299068010133043,-0.017589435600864012,-0.005401244500466418
1964.09,83.41,2.44,4.47,31.1,1964.7083333332482,4.2,893.3016555466236,26.131831189710606,111287.18449148812,47.87265795819935,5963.957735007216,22.892221984231682,,26.854044617703877,,0.016674819662362984,1.0043103042309414,12.146199915423116,-0.035963149282603246,-0.018051889864259096,-0.01791125941834415
1964.1,84.85,2.46,4.49667,31.1,1964.7916666665815,4.19,908.7237198553053,26.346026527331187,113481.97430672009,48.15828744091639,6014.0364102038775,23.212154680675336,,27.21454070971429,,0.016172738247145643,1.0067389096967414,12.198553732308424,-0.03652864214333662,-0.017851620173030325,-0.018677021970306296
1964.11,85.44,2.48,4.52333,31.2,1964.8749999999147,4.15,912.1096538461537,26.475092948717947,114180.33063340352,48.28854120472756,6044.888986001793,23.225019793095818,,27.21460956506035,,0.016874766984181146,1.0010262918409112,12.241397278301745,-0.03432727278126102,-0.01684112085276357,-0.01748615192849745
1964.12,83.96,2.5,4.55,31.2,1964.958333333248,4.18,896.310001602564,26.68860176282051,112480.90038462685,48.57325520833333,6095.618112792427,22.752984772787265,,26.648307034113824,,0.01784766025390317,1.002673029102392,12.253960524449818,-0.039680556761409025,-0.015378885425028854,-0.02430167133638017
1965.01,86.12,2.51667,4.59333,31.2,1965.0416666665812,4.19,919.368953525641,26.866561359374995,115655.60882271295,49.03582205408654,6168.652783019415,23.269335081922467,,27.237870222779126,,0.016772396482347518,1.0018725618126394,12.286715717551235,-0.03475593755796069,-0.015891883407673668,-0.018864054150287024
1965.02,86.75,2.53333,4.63667,31.2,1965.1249999999145,4.21,926.0944811698716,27.044414201522432,116785.18598848797,49.49849565424678,6242.010009420662,23.37206827275133,,27.34213212781512,,0.016383497482970695,1.0035083333333332,12.309723352206678,-0.026489022094819736,-0.015463666017966449,-0.011025356076853288
1965.03,86.83,2.55,4.68,31.3,1965.2083333332478,4.21,923.9870195686899,27.135401357827472,116804.58369917318,49.80144249201277,6295.582767616382,23.25352820003484,,27.187223882061435,,0.016926684744402738,1.004318261540848,12.313443798945073,-0.022138064932353707,-0.01758765728661771,-0.004550407645735999
1965.04,87.97,2.57,4.73333,31.4,1965.291666666581,4.2,933.1368722133757,27.26113176751592,118248.43171480886,50.20853417476114,6362.496865848087,23.420551954771298,,27.36526998387088,,0.01704414200634574,1.0026904475729863,12.327232340852936,-0.022265125296573873,-0.020791407964532826,-0.0014737173320410468
1965.05,89.28,2.59,4.78667,31.4,1965.3749999999143,4.21,947.0326242038216,27.47328065286624,120299.44227209936,50.77433525199044,6449.750575051409,23.708808308861936,,27.68322330441356,,0.016425016894026388,1.0035083333333332,12.36039811318602,-0.018137200115091123,-0.01981847792622049,0.001681277811129367
1965.06,85.04,2.61,4.84,31.6,1965.4583333332475,4.21,896.3478386075948,27.510205300632904,114152.28032584311,51.01509335443037,6496.907770191447,22.385342986457786,,26.12273837704227,,0.019564194009378998,1.004318261540848,12.325257683887754,-0.010893214479830271,-0.018287081890895562,0.007393867411065291
1965.07,84.91,2.62667,4.88667,31.6,1965.5416666665808,4.2,894.9775984968353,27.68591224406645,114271.59948237255,51.507009554193026,6576.464456984165,22.300781712174437,,26.0086898401447,,0.01945347062064999,0.9994597413467272,12.378481370125126,-0.011670927727828073,-0.02049760651693444,0.008826678789106368
1965.08,86.49,2.64333,4.93333,31.6,1965.624999999914,4.25,911.6312859968352,27.861513784414555,116694.40703669038,51.99882035087024,6656.1685636063785,22.66597184596439,,26.41738663988445,,0.018230992658695773,1.0003154470399351,12.37179378845054,-0.02105027686749794,-0.02221471083105475,0.0011644339635568102
1965.09,89.38,2.66,4.98,31.6,1965.7083333332473,4.29,942.0927776898732,28.037220727848098,120892.74322078683,52.49073655063291,6735.800640406339,23.374146831648627,,27.22229294175346,,0.0161157469856558,0.9987490985621182,12.375696434179796,-0.025876131524009582,-0.02229773349309916,-0.0035783980309104235
1965.1,91.39,2.68,5.05,31.7,1965.7916666665806,4.35,960.2400634858044,28.158916403785486,123522.58953182487,53.060644716088326,6825.57256959969,23.775745523312686,,27.66741422424398,,0.01511424216362392,0.9956189389470301,12.32122444112964,-0.023778803201156884,-0.01982136858441874,-0.0039574346167381425
1965.11,92.15,2.7,5.12,31.7,1965.8749999999138,4.45,968.2254278391167,28.36905757097792,124853.91408252898,53.796138801261826,6937.08128163373,23.92546115667372,,27.818071369298654,,0.013851050159745637,0.9902043429643292,12.267244404605707,-0.023561836699148575,-0.0188440077244042,-0.004717828974744376
1965.12,91.73,2.72,5.19,31.8,1965.958333333247,4.62,960.7816065251571,28.489327044025156,124200.16836451009,54.36014976415094,7027.132604511146,23.69411154910632,,27.525611912109802,,0.013258172151926255,1.0046447183490235,12.108880324998752,-0.02456082142082383,-0.016933179534137865,-0.007627641886685965
1966.01,93.32,2.74,5.24,31.8,1966.0416666665803,4.61,977.435294025157,28.698807389937105,126662.14706442067,54.88385062893081,7112.190855310378,24.058483388421738,,27.923438274605235,,0.012718973089050026,0.9865338038444458,12.165122663630404,-0.017734160790136788,-0.015172325342341475,-0.002561835447795313
1966.02,92.69,2.76,5.29,32,1966.1249999999136,4.83,964.7689339843748,28.727610937499996,125330.98653362952,55.06125429687499,7152.885087527244,23.700027145579387,,27.48299440346084,,0.011785616374618897,1.000883883641557,11.92629658098817,-0.013016897705553254,-0.013276141473607006,0.0002592437680537518
1966.03,88.88,2.78,5.34,32.1,1966.2083333332469,4.87,922.2303707165107,28.845639408099682,120117.16912525456,55.408530373831766,7216.760611260794,22.611112582289987,,26.20030075974517,,0.013735257908352602,1.013533726193486,11.899651628102642,-0.008199088693369716,-0.012187341948056374,0.003988253254686658
1966.04,91.6,2.79667,5.38,32.3,1966.29166666658,4.75,944.5682817337461,28.838927690789472,123339.61504856042,55.47791873065015,7244.182630581387,23.11369646261582,,26.760408948311373,,0.014226847363845725,1.001592747264804,11.986019008874047,-0.010094733642359022,-0.011464986718927594,0.0013702530765685728
1966.05,86.78,2.81333,5.42,32.3,1966.3749999999134,4.78,894.86501625387,29.010723625,117165.15335350568,55.89039396284829,7317.759059414621,21.85217797676309,,25.28360161027212,,0.01604664683538904,1.0016210031287147,12.005109707866321,-0.006084308475433287,-0.014018900137595436,0.00793459166216215
1966.06,86.06,2.83,5.46,32.4,1966.4583333332466,4.81,884.7014483024691,29.09255285493827,116151.85727370573,56.129094907407406,7369.151065703384,21.555253383226248,,24.9254885708724,,0.01594046667277358,0.9876303360155121,11.987457157805732,-0.004853584375537956,-0.013479928932099705,0.00862634455656175
1966.07,85.84,2.85,5.47667,32.5,1966.5416666665799,5.02,879.7246369230768,29.208005769230766,115818.01334348769,56.12723121269231,7389.2944913546,21.38170200743341,,24.711793345102816,,0.013785189143865242,0.9887269612751288,11.80274810584066,-0.0024684475548129026,-0.011619750356131608,0.009151302801318706
1966.08,80.65,2.87,5.49333,32.7,1966.6249999999131,5.22,821.4800592507644,29.233078363914366,108470.68224189481,55.95363984977063,7388.28583856005,19.913903864009804,,23.008866665632198,,0.01622887312490657,1.007446914235438,11.598320986390446,0.003003215732589215,-0.009359709505287861,0.012362925237877076
1966.09,77.81,2.89,5.51,32.7,1966.7083333332464,5.18,792.5525531345564,29.43679319571865,104974.91805598378,56.1234361620795,7433.643471128012,19.161676250615002,,22.136998500688094,,0.018227981090812237,1.0175811091873184,11.684692688051177,0.008372596121593467,-0.008575229527681971,0.01694782564927544
1966.1,77.13,2.88333,5.52333,32.9,1966.7916666665797,5.01,780.8504053951367,29.190320230623097,103747.14116389472,55.91721080813069,7429.400975039215,18.82540937131568,,21.74693156657988,,0.021110043424481036,0.9925509766263274,11.8178421658011,0.00585973462479461,-0.00835337518485435,0.01421310980964896
1966.11,80.99,2.87667,5.53667,32.9,1966.874999999913,5.16,819.9283590425531,29.122895574848023,109261.65547661734,56.05226259612461,7469.387949471822,19.711251211928964,,22.765719180291438,,0.01722279526377802,1.029463526499817,11.729810783281673,0.00012934079183102298,-0.006340798362333255,0.006470139154164278
1966.12,81.33,2.87,5.55,32.9,1966.9583333332462,4.84,823.370458586626,29.05536968085106,110042.99525679852,56.187213145896656,7509.389200482379,19.736473752791966,,22.79021908113516,,0.01998848480356606,1.0247245931872906,12.075412374132732,0.0027983091447607578,-0.006033027621582421,0.008831336766343179
1967.01,84.45,2.88,5.51667,32.9,1967.0416666665794,4.58,854.9567838145897,29.15660790273556,114589.22007006356,55.84978615235562,7485.505182758053,20.432242125384274,,23.586985839267918,,0.020863127305986454,0.9998467334879855,12.373972032651938,-0.002300309963307101,-0.010797432825817355,0.008497122862510254
1967.02,87.36,2.89,5.48333,32.9,1967.1249999999127,4.63,884.4171063829787,29.25784612462006,118864.5490722829,55.512257920592695,7460.777791489479,21.07444316367843,,24.320019544824323,,0.018503704565098998,1.0110339143296996,12.372075517118729,-0.009335880523184237,-0.012447113464996162,0.0031112329418119256
1967.03,89.42,2.9,5.45,33,1967.208333333246,4.54,902.5289310606059,29.270117424242418,121626.57783069288,55.00763446969697,7412.937253156746,21.443898602019097,,24.737345583070862,,0.018528321766579814,0.9998060783089822,12.470683126520477,-0.012325121447545717,-0.013771681759980003,0.0014465603124342863
1967.04,90.96,2.9,5.41,33.1,1967.2916666665792,4.59,915.2987401812687,29.181688066465252,123675.1776304746,54.4389422205438,7355.7905780658275,21.686025566746242,,25.007294802946525,,0.0174501853176735,0.9833890103864371,12.430596316872942,-0.01597594932596491,-0.01305060279982817,-0.0029253465261367406
1967.05,92.59,2.9,5.37,33.2,1967.3749999999125,4.85,928.894533509036,29.093791415662643,125839.83752379657,53.87367582831324,7298.411572554137,21.94847738965839,,25.30012903429266,,0.01424169866441459,0.9907832878855733,12.187292196675735,-0.018103709951358127,-0.011605898470410048,-0.006497811480948079
1967.06,91.43,2.9,5.33,33.3,1967.4583333332457,5.02,914.5024913663664,29.00642267267267,124217.5737495082,53.31180442942943,7241.383223065501,21.552097609793478,,24.83520793471309,,0.013322936774481077,0.9933342448512388,12.038704275587987,-0.016593517526992785,-0.00919297698823085,-0.007400540538761935
1967.07,93.01,2.90667,5.32,33.4,1967.541666666579,5.16,927.5206433383233,28.986092123128742,126313.93955907061,53.052465568862274,7224.923755018339,21.80419624566636,,25.117400694974105,,0.010970175118491625,0.9950514749273693,11.922653456445104,-0.017466825169580424,-0.008469095052732634,-0.00899773011684779
1967.08,94.49,2.91333,5.31,33.5,1967.6249999999122,5.28,939.4668249999997,28.965783525,128269.54863421498,52.79467499999999,7208.289800483455,22.03062704912601,,25.36952475396927,,0.009602792002189733,1.0028599810166616,11.828240014624244,-0.021350205562549407,-0.00788624282947159,-0.013463962733077817
1967.09,95.81,2.92,5.3,33.6,1967.7083333332455,5.3,949.7558329613095,28.945694940476184,130003.69254699684,52.53841889880951,7191.520410177259,22.21914548866479,,25.57742871070212,,0.009320847323886931,0.9906693240321786,11.826764781060733,-0.024132878792964885,-0.007172342046751434,-0.01696053674621345
1967.1,95.66,2.92,5.31,33.7,1967.7916666665787,5.48,945.4550422848663,28.85980267062314,129744.19224441805,52.48135348664687,7201.982655423999,22.068199194183883,,25.395023055830496,,0.008131057033560186,0.9841958999428743,11.681646266775607,-0.026416414101271157,-0.006910663623633573,-0.019505750477637585
1967.11,92.66,2.92,5.32,33.8,1967.874999999912,5.75,913.0950791420119,28.774418639053252,125632.51307421453,52.424625739644966,7213.0905412780185,21.26310296833628,,24.462965360562375,,0.0070893778261975696,1.0085725527060585,11.463013483537786,-0.02279195981652793,-0.005307967461709362,-0.017483992354818567
1967.12,95.3,2.92,5.33,33.9,1967.9583333332453,5.7,936.340070058997,28.689538348082593,129159.73413329106,52.36823266961651,7223.729096856677,21.75159780872363,,25.018284016206426,,0.006833840588637924,1.0177042180566567,11.527176697725478,-0.02588151249309023,-0.0063128452528026235,-0.019568667240287607
1968.01,95.04,2.93,5.36667,34.1,1968.0416666665785,5.53,928.3087741935484,28.618946847507328,128380.86603659486,52.41926398570381,7249.344931950889,21.51153589633218,,24.736682989926894,,0.008931350539988094,1.0023253980989233,11.662451324993288,-0.029267866978391566,-0.009312027074340867,-0.0199558399040507
1968.02,90.75,2.94,5.40333,34.2,1968.1249999999118,5.56,883.8141173245613,28.63265570175438,122557.43856095623,52.62302297039473,7297.1711790586405,20.424992376214224,,23.486290074730864,,0.011402357531354157,0.9910466942746771,11.655391134480777,-0.02632063769226134,-0.009700090477065881,-0.016620547215195458
1968.03,89.09,2.95,5.44,34.3,1968.208333333245,5.74,865.1177955539358,28.646284620991253,120295.87096593193,52.82569096209913,7345.488136206867,19.934711308295697,,22.92379026063561,,0.010394369323284233,1.0123656295663206,11.517360362018948,-0.02501489499143572,-0.00871054341231381,-0.016304351579121912
1968.04,95.67,2.96333,5.48333,34.4,1968.2916666665783,5.64,926.3129553052324,28.692076615915695,129137.61861696892,53.09166527870639,7401.527942834578,21.277356015671735,,24.465807304987635,,0.008172456938925612,0.9874406983891784,11.625885065192623,-0.02808877773538976,-0.010493246848304993,-0.017595530887084765
1968.05,97.87,2.97667,5.52667,34.5,1968.3749999999116,5.87,944.8674757246376,28.73769969311594,132058.17198714035,53.35619425833333,7457.258990254101,21.630227142779873,,24.869313748785782,,0.005401156083205308,1.0162240888211822,11.44659707666419,-0.025957646492055453,-0.010541948226916231,-0.015415698265139222
1968.06,100.5,2.99,5.57,34.7,1968.4583333332448,5.72,964.6660482708933,28.700014769452448,135159.5620383791,53.46457600864553,7490.932940833549,22.004623431346527,,25.296903018034897,,0.006703087049696979,1.021553749583873,11.565262683273817,-0.02860962052499072,-0.012668593559625685,-0.015941026965365035
1968.07,100.3,3.00333,5.6,34.9,1968.541666666578,5.5,957.229143982808,28.662761764684813,134452.23795061675,53.44449856733524,7506.804910503029,21.753537415670937,,25.006714675274793,,0.00966117693308733,1.0107099146729044,11.746832373295765,-0.0288994651085005,-0.015443154806242365,-0.013456310302258134
1968.08,98.11,3.01667,5.63,35,1968.6249999999113,5.42,933.6533032142855,28.70781684035714,131476.80406167408,53.57729178571428,7544.739648019826,21.137766793617843,,24.29955806039346,,0.012443883796378695,1.0014589299656875,11.838718117274414,-0.020259953645670792,-0.014454547241377402,-0.0058054064042933895
1968.09,101.3,3.03,5.66,35.1,1968.7083333332446,5.46,961.2641274928773,28.752520299145292,135702.3629958235,53.70932834757834,7582.185336193101,21.680275633292915,,24.922460342186493,,0.011150936161089059,0.9954265212030787,11.822212228666272,-0.023698916981740314,-0.014438237545495558,-0.009260679436244756
1968.1,103.8,3.04333,5.69333,35.3,1968.7916666665778,5.58,979.406664305949,28.715391942988667,138601.37265923267,53.71951198548158,7602.151763024943,22.004606927956868,,25.293645118119237,,0.009850589489287978,0.9955758735054596,11.70146855719185,-0.029367712362797116,-0.015063763787013462,-0.014303948575783654
1968.11,105.4,3.05667,5.72667,35.4,1968.874999999911,5.7,991.6941596045197,28.759789248940674,140679.40892823826,53.88145344385593,7643.496686215126,22.19552922715814,,25.51103636149665,,0.008195879324794098,0.9801640793785789,11.61679102368192,-0.03664322817288268,-0.015184124813503619,-0.02145910335937906
1968.12,106.5,3.07,5.76,35.5,1968.9583333332444,6.03,999.2212499999998,28.8038426056338,142087.6881276718,54.04238873239436,7684.742569158588,22.27787299543487,,25.60348192501467,,0.005369700890587442,1.0042803063246961,11.354287021936413,-0.03619437249788937,-0.013936881814938795,-0.022257490682950576
1969.01,102,3.08,5.78,35.6,1969.0416666665776,6.04,954.3124297752809,28.816492977528082,136043.19627629803,54.077704353932575,7709.114455656887,21.194968072847146,,24.359671474340768,,0.0074976621748610445,0.9939377478823239,11.37085626745374,-0.02887210164477516,-0.014788467462165222,-0.014083634182609939
1969.02,101.5,3.09,5.8,35.8,1969.1249999999109,6.19,944.3292074022345,28.748544343575414,134961.54929484063,53.9616689944134,7712.0885311337515,20.895729901987227,,24.016674426994662,,0.007598149574642728,0.9970614768417426,11.238784033821517,-0.030255130155565357,-0.014040140079615737,-0.01621499007594962
1969.03,99.3,3.1,5.82,36.1,1969.2083333332441,6.3,916.1834729916895,28.601900969529083,131279.66361782746,53.697762465373955,7694.336780017684,20.202287616481645,,23.221677104407632,,0.008993739535940563,1.0148747842994055,11.11263595896664,-0.026294536014482395,-0.013303355333953992,-0.012991180680528402
1969.04,101.3,3.11,5.82667,36.3,1969.2916666665774,6.17,929.4868009641872,28.5360705922865,133526.63738921162,53.46310817940771,7680.312460775892,20.428608081932147,,23.482621868082422,,0.009957099691437231,0.994110352163324,11.21579664432321,-0.02671421450278111,-0.01497342443227645,-0.011740790070504659
1969.05,104.6,3.12,5.83333,36.4,1969.3749999999106,6.32,957.1295123626372,28.549178571428566,137839.45956352257,53.37717302438187,7687.027291163319,20.972258271972088,,24.106259591810346,,0.007469564387868298,0.9870846797381502,11.119108399265317,-0.03287779118619516,-0.01506177473385606,-0.0178160164523391
1969.06,99.14,3.13,5.84,36.6,1969.458333333244,6.57,902.211245218579,28.484175887978132,130272.33597274766,53.14619398907103,7673.899960468493,19.71334158375762,,22.66078813926204,,0.00822301040327398,0.9946381612657276,10.915526134938741,-0.026155992087097846,-0.011415251035158724,-0.014740741051939121
1969.07,94.71,3.13667,5.85667,36.8,1969.5416666665772,6.72,857.2123603940216,28.38974020142663,124116.44946920132,53.00823476664402,7675.103855060578,18.68170820719276,,21.478815780067098,,0.00973085025685462,1.007770250943413,10.797993415602901,-0.021122186476369764,-0.010959231654178225,-0.010162954822191539
1969.08,94.18,3.14333,5.87333,37,1969.6249999999104,6.69,847.8077236486486,28.296235421283782,123096.16425287319,52.871676975337834,7676.623427387213,18.42951559020774,,21.193349289269676,,0.01131818197256785,0.9722723609219354,10.823075471780822,-0.01644233055451083,-0.011910586002217616,-0.004531744552293215
1969.09,94.51,3.15,5.89,37.1,1969.7083333332437,7.16,848.4851782345013,28.279846698113204,123536.6970589239,52.87882446091643,7698.98577586564,18.398046344676967,,21.161648629370426,,0.006637296580913353,1.0102292959873826,10.49461332159653,-0.016346310010965315,-0.011106974916049062,-0.005239335094916253
1969.1,95.52,3.15333,5.85333,37.3,1969.791666666577,7.1,852.95454691689,28.157947669906168,124529.06485447902,52.267843782506695,7630.964313072317,18.448662031815353,,21.2239129180137,,0.007289815133966038,1.0030799074007841,10.545118825780046,-0.02125960267194449,-0.017668368369158527,-0.0035912343027859617
1969.11,96.21,3.15667,5.81667,37.5,1969.8749999999102,7.14,854.5340129999998,28.037437717666666,125100.7785068103,51.663469051,7563.3504346451355,18.437760084691035,,21.215681439338898,,0.007469652335525358,0.9705792605108994,10.521182965612146,-0.022925778303101385,-0.019618585245797182,-0.003307193057304203
1969.12,91.11,3.16,5.78,37.7,1969.9583333332434,7.65,804.9429539124667,27.918118037135276,118181.41448251752,51.06541843501326,7497.40506759907,17.326929913742678,,19.945144752472114,,0.006391921886656243,0.9967243031080518,10.157468815447984,-0.01413703598923477,-0.014771464629442566,0.0006344286402077959
1970.01,90.31,3.16333,5.73,37.8,1970.0416666665767,7.79,795.7642953042329,27.873602793320103,117174.83999625716,50.48975099206349,7434.523675988854,17.090541395140203,,19.681596538879806,,0.00641124337426522,1.0453262030836263,10.097412439047684,-0.011477621398428672,-0.017199657072738628,0.005722035674309955
1970.02,87.16,3.16667,5.68,38,1970.12499999991,7.24,763.9660013157893,27.756175050328945,112833.18642316436,49.785760526315784,7353.057582418239,16.372586787159843,,18.865300867228157,,0.01466888169378601,1.0181267352323757,10.499536701637624,-0.004854911644923132,-0.03079532454964351,0.025940412904720378
1970.03,88.65,3.17,5.63,38.2,1970.2083333332432,7.07,772.9577994109947,27.639889725130885,114501.4080862576,49.08914168848167,7271.775832212411,16.531690813943605,,19.058795732982528,,0.016319779332802632,0.9834450156947917,10.633891175200292,-0.016882974241758664,-0.03433532259673633,0.017452348354977665
1970.04,85.95,3.17333,5.59333,38.5,1970.2916666665765,7.39,743.5763327922077,27.4533226775974,110487.90873792944,48.38938696331168,7190.172595475541,15.873067819354048,,18.31141111134405,,0.016084252196537224,0.9704989488088209,10.37635755467578,-0.015618191268961579,-0.02501350899432009,0.00939531772535851
1970.05,76.06,3.17667,5.55667,38.6,1970.3749999999097,7.91,656.3106068652849,27.41102045110103,97860.52274640632,47.947692083225384,7149.337771881063,13.983836060789184,,16.14957014615357,,0.019662032140303654,1.0114065562340058,10.04415538399421,0.0003291134671612461,-0.014347637263584123,0.01467675073074537
1970.06,75.59,3.18,5.52,38.8,1970.458333333243,7.84,648.89290625,27.298312499999998,97093.68898368557,47.385749999999994,7090.3183382715215,13.799691797725174,,15.955062559858028,,0.021499547604048097,1.0331072842441178,10.10636004737388,0.00668458017734519,-0.012755533215716874,0.019440113393062064
1970.07,75.72,3.18333,5.46667,39,1970.5416666665762,7.46,646.6754961538461,27.186760527884616,97100.89414752758,46.687289151602556,7010.281893944329,13.726499744359762,,15.8889353325004,,0.026214326254140635,1.0013364030516227,10.387410827355499,0.011574313955990734,-0.017551010788146693,0.029125324744137426
1970.08,77.92,3.18667,5.41333,39,1970.6249999999095,7.53,665.4642717948718,27.215285305448713,100262.64369833739,46.23174674583333,6965.538719347031,14.100456516815441,,16.33950832916866,,0.023582231493170888,1.0160954098001953,10.401292594883635,0.011089305510932679,-0.02263923450638461,0.03372854001731729
1970.09,82.58,3.19,5.36,39.2,1970.7083333332428,7.39,701.6640376275508,27.104726084183667,106057.01966246181,45.54273724489795,6883.8172122886335,14.842661145242213,,17.215125541252295,,0.021961852727596362,1.0103781482444136,10.514783693988544,0.0073995040543768376,-0.025982514542431612,0.03338201859680845
1970.1,84.37,3.17333,5.28333,39.4,1970.791666666576,7.33,713.2343220177665,26.826216322017764,108143.77654307937,44.66341460881979,6772.066598593663,15.064185404089631,,17.486678518763043,,0.02140193461165009,1.0413211919527887,10.569979212552536,0.00777861855123585,-0.027846164942143425,0.035624783493379275
1970.11,84.28,3.15667,5.20667,39.6,1970.8749999999093,6.84,708.8751426767676,26.550603899305553,107818.29505478448,43.79305812910353,6660.824422317212,14.950761908791728,,17.369848985307847,,0.02732634522865983,1.0386907764634588,10.951153739639832,0.011810279795561707,-0.036280350482559065,0.04809063027812077
1970.12,90.05,3.14,5.13,39.8,1970.9583333332425,6.39,753.6002810929648,26.277677763819096,114953.95134572305,42.931365263819096,6548.737039462068,15.873840687205737,,18.454515548006203,,0.02845528742112456,1.016395803221401,11.317702268529887,0.003155575152984369,-0.040187095108721205,0.043342670261705574
1971.01,93.49,3.13,5.16,39.8,1971.0416666665758,6.24,782.3885650125627,26.193990891959796,119678.27577591327,43.18242587939698,6605.411306061744,16.461793943491934,,19.1490027482598,,0.027705281704982744,1.0148506806126156,11.503265087843108,-0.0016709123430015405,-0.04006313934252104,0.038392226999519496
1971.02,97.11,3.12,5.19,39.9,1971.124999999909,6.11,810.6464125939849,26.04486466165413,124332.74161700296,43.32463063909774,6644.9071052646,17.034534781502128,,19.824574232687656,,0.02722117594317807,1.0360949321896797,11.644838016688313,-0.009586367071483082,-0.04452039276429598,0.0349340256928129
1971.03,99.6,3.11,5.22,40,1971.2083333332423,5.7,829.3536374999998,25.896484062499997,127532.94776374998,43.46612437499999,6683.955696051957,17.40290260718887,,20.26160315815178,,0.03033633937147419,0.9949771575635821,12.03499476112233,-0.008753428056459622,-0.04690644644545472,0.0381530183889951
1971.04,103,3.10667,5.25333,40.1,1971.2916666665756,5.83,855.5260910224438,25.80424506016209,131888.2564495924,43.63457164806733,6726.7236335372545,17.924110447959606,,20.875485334712355,,0.027622614301182638,0.9638031448454738,11.94468317078713,-0.011471603257818375,-0.04869595027656315,0.037224347018744774
1971.05,101.6,3.10333,5.28667,40.3,1971.3749999999088,6.39,839.7095037220842,25.648579667183625,129779.46444051998,43.693573248449134,6752.96457946618,17.56415327969938,,20.463891147264626,,0.02367861417541161,0.9958493324598875,11.455190086548795,-0.012261023454120168,-0.04650653876972488,0.03424551531560471
1971.06,99.72,3.1,5.32,40.6,1971.458333333242,6.52,818.081634236453,25.4317395320197,126764.36197997755,43.644146551724134,6762.799897046537,17.083166880070703,,19.911939063113667,,0.024746298795041713,0.9902684780880032,11.323350469357061,-0.009966835847881494,-0.041937497891791575,0.03197066204391008
1971.07,99,3.09667,5.35667,40.7,1971.5416666665753,6.73,810.1793918918918,25.342002196867316,125867.11963888835,43.83700649662162,6810.390138949941,16.889414708693355,,19.694941690150518,,0.02288173915191668,1.016512680598808,11.185606281758727,-0.012361256495427297,-0.044890131515096465,0.03252887501966917
1971.08,97.24,3.09333,5.39333,40.8,1971.6249999999086,6.58,793.8257708333333,25.252623114889705,123653.3997084352,44.02883941390931,6858.325691582628,16.519449443051563,,19.273018870882755,,0.026305165708427142,1.0381033092028704,11.34244221719737,-0.010566792316608398,-0.04907665997199462,0.03850986765538622
1971.09,99.4,3.09,5.43,40.8,1971.7083333332419,6.14,811.459087009804,25.225438419117644,126727.56768247,44.32819761029411,6922.843989092677,16.856792547835994,,19.674910494388275,,0.02914935363737997,1.02083268481494,11.774626800114932,-0.02245774415799473,-0.054197352679455246,0.031739608521460516
1971.1,97.29,3.08333,5.52,40.9,1971.791666666575,5.93,792.2920571515892,25.109444635391196,124060.98899983134,44.95274083129584,7038.921361692559,16.428862709159464,,19.184397344751762,,0.033047046104171425,1.0139708836443282,11.990535322089366,-0.018905454566532698,-0.05410987093452768,0.035204416367994984
1971.11,92.78,3.07667,5.61,40.9,1971.8749999999084,5.81,755.5643649144254,25.055208176344742,118636.92520289711,45.68566595354523,7173.454951371554,15.63871265432664,,18.27192218264919,,0.03732244230990707,0.9958610848676532,12.158053695907483,-0.011864829171232438,-0.04590660889452214,0.0340417797232897
1971.12,99.17,3.07,5.7,41.1,1971.9583333332416,5.93,803.6721116180047,24.87923144768856,126516.22935905657,46.192709854014595,7271.780854559065,16.60355721292533,,19.405829401067088,,0.03290990169479016,1.003446248011016,12.048814136947962,-0.017358370037446225,-0.04598960399653418,0.028631233959087954
1972.01,103.3,3.07,5.73667,41.1,1972.0416666665749,5.95,837.1415663017029,24.87923144768856,132111.46073881452,46.48988295407542,7336.687836171687,17.26299679703517,,20.180821727051928,,0.030409213945432376,0.995294667571563,12.09033733870252,-0.02671487359601077,-0.049917893224626586,0.023203019628615817
1972.02,105.2,3.07,5.77333,41.3,1972.1249999999081,6.08,848.410617433414,24.758750907990315,134215.46214800933,46.56040370671912,7365.68587531337,17.464147605486165,,20.418898605460935,,0.02859956379876674,1.0058103589465617,11.975174925052459,-0.03043343938557319,-0.047372210081731425,0.016938770696158234
1972.03,107.7,3.07,5.81,41.4,1972.2083333332414,6.07,866.4744655797101,24.698947161835747,137398.70391281412,46.742958635265694,7412.130638193593,17.80564384961494,,20.819715240429744,,0.027851006076088466,0.9961818649725259,12.015661378728367,-0.03528745392346222,-0.0436055402341734,0.008318086310711181
1972.04,108.8,3.07,5.86333,41.5,1972.2916666665747,6.19,873.2150361445781,24.63943162650602,138793.16449778152,47.05834483343373,7479.688650687292,17.91516167849829,,20.948428276212145,,0.026214335260434166,1.0096085045152758,11.940941108221567,-0.03152261656512634,-0.04236461797063473,0.010842001405508395
1972.05,107.7,3.07,5.91667,41.6,1972.374999999908,6.13,862.3087229567308,24.580202223557688,137385.23556248,47.372294817608164,7547.475410357089,17.662646200372556,,20.65407519622933,,0.02786082771904063,1.0065930534275818,12.02669570512565,-0.030896914942138087,-0.0415774270225443,0.010680512080406213
1972.06,108,3.07,5.97,41.7,1972.4583333332412,6.11,862.6370503597121,24.52125689448441,137763.11131643387,47.68465917266186,7615.238653325095,17.640857315740252,,20.629105958815586,,0.028378696724454165,1.0050916666666667,12.076957205338593,-0.03759134406467557,-0.045548115657706,0.007956771593030432
1972.07,107.2,3.07333,6.02667,41.9,1972.5416666665744,6.11,852.1600477326967,24.430681338603815,136415.06589847084,47.90753166855608,7669.109936551655,17.39869003113817,,20.346611167293187,,0.029320452728723523,0.9977012245741972,12.080508954865152,-0.03690416672143326,-0.0431811122579292,0.006276945536495937
1972.08,111,3.07667,6.08333,42,1972.6249999999077,6.21,880.2663392857143,24.39900034315476,141239.84917943407,48.24279846636904,7740.61812350204,17.9434046880298,,20.982640900740662,,0.026821906525101392,0.9804255134616761,12.02404158113483,-0.03968234265175996,-0.037247063348183396,-0.002435279303576565
1972.09,109.4,3.08,6.14,42.1,1972.708333333241,6.55,865.5170605700713,24.36739073634204,139199.123618972,48.57655166270783,7812.455384099523,17.613854552912112,,20.596901878448616,,0.024369897516160755,1.010569702584494,11.760675532657569,-0.02743704158225746,-0.030410703049408183,0.0029736614671507233
1972.1,109.6,3.10333,6.23333,42.3,1972.7916666665742,6.48,862.999598108747,24.435880864952722,139121.7431281962,49.08176354816785,7912.333349391233,17.53318385415855,,20.502387938457545,,0.02582085013722478,1.0201347118183646,11.828788605134843,-0.019371423442052116,-0.022282554803891186,0.00291113136183907
1972.11,115.1,3.12667,6.32667,42.4,1972.8749999999075,6.28,904.1695430424527,24.561596743219337,146088.59324367993,49.6992382526533,8030.0114701736975,18.338894714968056,,21.4418950931275,,0.02555914371473563,0.9993604560034339,12.038498048598125,-0.019646452748045773,-0.020798928150206786,0.0011524754021610129
1972.12,117.5,3.15,6.42,42.5,1972.9583333332407,6.36,920.8509558823528,24.68664264705882,149116.23398227946,50.31372882352941,8147.457209925397,18.645719442073673,,21.79681634910064,,0.024105412407063542,0.9979915410945415,12.002491137327134,-0.019936100049576355,-0.019187130722097656,-0.000748969327478699
1973.01,118.4,3.15667,6.54667,42.6,1973.041666666574,6.46,925.726103286385,24.68084306132629,150238.73537999485,51.18600767400233,8307.123494511408,18.712530467302436,,21.870338532710907,,0.023156980894173076,0.9923329228962222,11.950266353342112,-0.017092971405117674,-0.01762353671492667,0.0005305653098089946
1973.02,114.2,3.16333,6.67333,42.9,1973.1249999999072,6.64,886.6438752913751,24.55995770600233,144228.12769828236,51.81144634236597,8428.037578045349,17.889889599193754,,20.90588267898694,,0.024540442446005298,1.0004739008511474,11.775715168193363,-0.011089656938960801,-0.016980219507644834,0.005890562568684032
1973.03,112.4,3.17,6.8,43.3,1973.2083333332405,6.71,864.6071478060046,24.38438308314088,140974.01421884188,52.307193995381056,8528.677016798263,17.412142058290335,,20.34525444132372,,0.0259950098735119,1.0084879014746988,11.672461549314491,-0.005063175654204111,-0.013986529408438031,0.00892335375423392
1973.04,110.3,3.18667,6.94333,43.6,1973.2916666665737,6.67,842.6154730504585,24.34394786496559,137719.04922602672,53.04222386668577,8669.345476541688,16.935740066050823,,19.78732552295845,,0.028725870505722964,0.9926287132790048,11.690539443832611,0.0006599084043765746,-0.013320197333000272,0.013980105737376847
1973.05,107.2,3.20333,7.08667,43.9,1973.374999999907,6.85,813.3372665148063,24.30398942112756,133264.7755655602,53.76728364265375,8809.734021055863,16.314338759668573,,19.06114572900686,,0.02988582385959896,1.0021246957992085,11.525064225038022,0.007699738559350244,-0.011538385700090914,0.01923812425944116
1973.06,104.8,3.22,7.23,44.2,1973.4583333332403,6.9,789.7314253393663,24.264648755656104,129728.2862593179,54.48242562217194,8949.766313500653,15.808323047681979,,18.470601678103716,,0.0317147663098105,0.9894314626570545,11.471160859673637,0.0118665240778284,-0.013351240060321401,0.0252177641381498
1973.07,105.8,3.23667,7.38333,44.3,1973.5416666665735,7.13,795.4673306997743,24.33521025761851,131003.64338340849,55.51226660468397,9142.184596427423,15.889518573988786,,18.56551658282245,,0.02898749194774479,0.9870105876260307,11.324306863996544,0.01118589864832975,-0.014708496170451557,0.025894394818781308
1973.08,103.8,3.25333,7.53667,45.1,1973.6249999999068,7.4,766.5865909090909,24.02658144318181,126577.08238624218,55.660020829545445,9190.459532831597,15.278501094706128,,17.852222658614032,,0.030662641868366536,1.0281999418118777,10.978945392737891,0.011895906260810385,-0.013727563292538103,0.025623469553348488
1973.09,105.6,3.27,7.69,45.2,1973.70833333324,7.09,778.1546017699113,24.09626465707964,128818.7269143515,56.666750829646006,9380.83342775912,15.475308601805562,,18.08208372793543,,0.033160456131076405,1.0275149478054186,11.263576343583996,0.0129162795818476,-0.014634266551174058,0.02755054613302166
1973.1,109.8,3.30667,7.84667,45.6,1973.7916666665733,6.79,802.006529605263,24.15274072176535,133100.46229173953,57.31403074369516,9511.797854742475,15.913516308933389,,18.592078071081104,,0.03495899613495179,1.0099911491177134,11.47197118984339,0.009962929066792192,-0.015151288843267774,0.025114217910059966
1973.11,102,3.34333,8.00333,45.9,1973.8749999999065,6.73,740.1638888888889,24.26090328077342,123172.6263104626,58.0762338907952,9664.619365973671,14.651845159710573,,17.119742977139477,,0.041652328760251114,1.0048865171192618,11.510860022422449,0.0164549750036298,-0.015597269561874794,0.032052244565504595
1973.12,94.78,3.38,8.16,46.2,1973.9583333332398,6.74,683.3058446969696,24.36773322510822,114048.6540076275,58.828610389610375,9818.917669363158,13.493329686205893,,15.771102210645214,,0.04775292805378345,0.9877694780904974,11.491996945830225,0.024077050220234097,-0.015376635272250416,0.039453685492484514
1974.01,96.11,3.4,8.22667,46.6,1974.041666666573,6.99,686.9467406115879,24.30151824034334,114994.35385384361,58.800167959495695,9843.102705429192,13.530721892513952,,15.81914151846464,,0.045945965557319016,1.0079694972375672,11.254006539345372,0.02422944386625714,-0.012015977017232893,0.03624542088349003
1974.02,93.45,3.42,8.29333,47.2,1974.1249999999063,6.96,659.4436851165253,24.13373358050847,110727.02763465667,58.523104302701256,9826.60010800778,12.95732128020539,,15.154292146338722,,0.05085036792270413,0.9881246841076057,11.199495796676839,0.022230186502816496,-0.012036619668587267,0.03426680617140376
1974.03,97.44,3.44,8.36,47.8,1974.2083333332396,7.21,678.9687489539749,23.97016108786611,114340.87831058697,58.25306589958158,9810.03430497236,13.310364239140162,,15.57112214226431,,0.04762201639786083,0.9850746551545895,10.927588226428282,0.019205013338245314,-0.011549315348687084,0.030754328686932397
1974.04,92.46,3.46,8.48667,48,1974.2916666665728,7.51,641.5833109374998,24.00906614583333,108381.9653524889,58.88931253984375,9948.10700733298,12.550411048540903,,14.68830999655629,,0.04960750475464691,1.0013886996776262,10.719638161304275,0.02469727150814327,-0.010846436354005617,0.03554370786214889
1974.05,89.67,3.48,8.61333,48.6,1974.374999999906,7.58,614.5416288580246,23.849725308641975,104149.58597361986,59.03033175077159,10004.179250074261,11.995436947329658,,14.045930080444702,,0.05389286865137605,1.0091041723610832,10.601999525296936,0.028230560552379824,-0.013270756867215239,0.04150131741959506
1974.06,89.79,3.5,8.74,49,1974.4583333332394,7.54,610.3406533163266,23.79098214285714,103773.62318417932,59.40948112244898,10101.14118086343,11.888498820078999,,13.927722593419725,,0.055562453619213095,0.9876874266837288,10.611187083234322,0.026390310882116408,-0.013344768012055308,0.039735078894171716
1974.07,79.31,3.53,8.86333,49.4,1974.5416666665726,7.81,534.7384435728744,23.800614119433195,91256.52771047567,59.75997086209514,10198.420372614934,10.39414180532705,,12.188506545695983,,0.06546966047561875,0.9908243764370813,10.395673424102574,0.038321555671837926,-0.009520370637920994,0.04784192630975892
1974.08,76.03,3.56,8.98667,50,1974.6249999999059,8.04,506.4719442499999,23.714851,86769.92677914926,59.86447753824999,10256.118609606436,9.824195723141194,,11.532942434954483,,0.07035410055748782,1.0067,10.176683198423012,0.052398375851310464,-0.0032127273530165867,0.05561110320432705
1974.09,68.12,3.59,9.11,50.6,1974.7083333332391,8.04,448.39889031620555,23.631121788537545,77158.09707366758,59.96643997035572,10318.706170597645,8.680421305646332,,10.20622264507747,,0.08468021082031661,1.016304763687051,10.123386339775145,0.06580788021937711,-0.001000418971903838,0.06680829919128095
1974.1,69.44,3.59333,9.03667,51.1,1974.7916666665724,7.9,452.6152876712328,23.42160270229941,78219.48771923422,58.90171358928571,10179.200721310088,8.74498383380958,,10.297190694389553,,0.08626254316371858,1.0218213915607526,10.187776038061639,0.06361215896785444,0.0011449390348712285,0.06246721993298321
1974.11,71.74,3.59667,8.96333,51.5,1974.8749999999056,7.68,463.9749674757281,23.26128862936893,80517.6252398142,57.969901661893196,10060.022941744965,8.948984512755603,,10.551515010335224,,0.0863379636251036,1.0239057981194166,10.329232439670005,0.0618952509985482,0.004161195654170058,0.05773405534437814
1974.12,67.07,3.6,8.89,51.9,1974.958333333239,7.43,430.4288326107899,23.103381502890173,75030.18264921647,57.05251710019268,9945.10695917004,8.289060055923082,,9.789483231199624,,0.09854815767561231,1.001305009112839,10.494649147065823,0.06866082571967902,0.003939360319150653,0.06472146540052837
1975.01,72.56,3.62333,8.74333,52.1,1975.0416666665722,7.5,463.8739213051823,23.163840894193854,81196.64544196796,55.89584857173704,9784.02792161138,8.92099550840425,,10.549889518230216,,0.08970710376206051,1.013966036271582,10.468005624484324,0.06493191453963343,0.00566814043956354,0.05926377410006989
1975.02,80.1,3.64667,8.59667,52.5,1975.1249999999054,7.39,508.17537857142844,23.13542956023809,89288.65669417242,54.539525988809515,9582.835410026108,9.76224671616647,,11.556048733542458,,0.08195279568678357,0.9826597568943373,10.53333205895003,0.060315045360044284,0.004749844369281941,0.05556520099076234
1975.03,83.78,3.67,8.45,52.7,1975.2083333332387,7.73,529.5051000948766,23.195078984819727,93376.00604333021,53.405563330170764,9417.847350992362,10.16379676744404,,12.041659481362904,,0.07456923635728155,0.9726243976976781,10.311399996538825,0.05467849026249305,0.005423915983623573,0.04925457427886948
1975.04,84.72,3.68333,8.28667,52.9,1975.291666666572,8.23,533.4217032136105,23.191314472353497,94407.49019034464,52.17527886413044,9234.227062507358,10.23307613660592,,12.13396460373042,,0.06896614211146763,1.0184408106982208,9.991201936153402,0.0541020549315856,0.01163394002838225,0.04246811490320335
1975.05,90.1,3.69667,8.12333,53.2,1975.3749999999052,8.06,564.0967081766915,23.144055252114658,100177.84266324819,50.858420781719914,9031.938675267967,10.81813911933581,,12.836132514309513,,0.06597710953850155,1.0204615670414772,10.118067454970522,0.050307742047225545,0.01440398535142684,0.035903756695798705
1975.06,92.4,3.71,7.96,53.6,1975.4583333332384,7.86,574.1793749999999,23.054171874999994,102309.60404409423,49.463937499999986,8813.684504231493,11.011354609247668,,13.073236851521383,,0.06647544885536485,0.992923556041309,10.24804599313857,0.05040887161980501,0.01797969051405679,0.03242918110574822
1975.07,92.49,3.71,7.89333,54.2,1975.5416666665717,8.06,568.3762202490774,22.798959640221398,101614.10869128839,48.50666094257379,8672.004460549328,10.902767048238578,,12.952412030935086,,0.06655417537837705,0.983888359971988,10.062882067731312,0.0532700790039371,0.019563915986630542,0.033706163017306556
1975.08,85.71,3.71,7.82667,54.3,1975.624999999905,8.4,525.7412727900552,22.756972605893182,94330.88750724112,48.0084406429558,8613.89251343249,10.089769593328018,,11.997338854776942,,0.07073919893749692,1.004988328663875,9.88251910413027,0.05896352314321529,0.021968778190045057,0.03699474495317023
1975.09,84.67,3.71,7.76,54.6,1975.7083333332382,8.43,516.50832257326,22.63193429487179,93012.66334111124,47.33795421245421,8524.604553289515,9.918905356559423,,11.80518759008179,,0.07272825998014894,1.0267152349594735,9.877245937902272,0.058146770807186554,0.022365128299606907,0.03578164250757965
1975.1,88.57,3.7,7.82667,54.9,1975.7916666665715,8.14,537.3468494990892,22.44759335154827,97102.12198891978,47.483758231557374,8580.628487151618,10.327599777501115,,12.30094965318809,,0.07188366226841954,1.0129178826624958,10.085702933700668,0.054780838431220946,0.02154842705265736,0.03323241137856359
1975.11,90.07,3.69,7.89333,55.3,1975.8749999999047,8.05,542.4946231916816,22.22499344484629,98367.04225118014,47.54179065257685,8620.44549364392,10.435859457947897,,12.4381455171099,,0.07254640613399571,1.010123789893028,10.14209382379943,0.05970100974013559,0.024478480153615312,0.03522252958652028
1975.12,88.7,3.68,7.96,55.5,1975.958333333238,8,532.3178671171171,22.084890090090088,96855.46606837524,47.77057747747747,8691.877225527247,10.250368416256839,,12.225327151884679,,0.0748291172799385,1.0246283579987883,10.207852159753267,0.06654074724163062,0.02773608086724355,0.038804666374387065
1976.01,96.86,3.68333,8.19333,55.6,1976.0416666665712,7.74,580.2432270683453,22.06511754653777,105910.06917170426,49.08243072099819,8958.869988092087,11.18505136262215,,13.344852948567913,,0.06946703647215663,1.00300332253859,10.440443187794996,0.057555200461476996,0.02639224563853282,0.031162954822944178
1976.02,100.6,3.68667,8.42667,55.8,1976.1249999999045,7.79,600.4878001792114,22.005967776209676,109939.97449454357,50.299329335349455,9209.024700536138,11.58609299444969,,13.82581921481635,,0.06558911531161628,1.0106384742735481,10.434265875645833,0.05975938554558269,0.030782917131401577,0.02897646841418111
1976.03,101.1,3.69,8.66,55.9,1976.2083333332378,7.73,602.3927750447226,21.9864425313059,110624.19372252935,51.59961851520573,9475.82114378936,11.63175440356651,,13.881952375762477,,0.06570974195020655,1.0182782363989127,10.526406017813608,0.0659650765760722,0.037411724396097856,0.028553352179974345
1976.04,101.9,3.71333,8.85667,56.1,1976.291666666571,7.56,604.9949220142602,22.046573049688053,111439.44382975942,52.58332066688947,9685.793709359325,11.68916413220637,,13.951298003011841,,0.06670850773515281,0.9829741453314472,10.680596928502533,0.06826491519305322,0.04019510053825104,0.028069814654802183
1976.05,101.2,3.73667,9.05333,56.5,1976.3749999999043,7.9,596.5851946902654,22.028082998451325,110228.50987655946,53.37038182455752,9861.018530837471,11.532053585609427,,13.764637153557757,,0.06522509142016972,1.0093323134082954,10.4244231992834,0.06966340640356683,0.04008993489706092,0.02957347150650591
1976.06,101.8,3.76,9.25,56.8,1976.4583333332375,7.86,596.9526012323944,22.048544014084506,110635.8786655536,54.241763864436614,10052.867167547844,11.543841631417108,,13.779039853350028,,0.06576969549581904,1.0086144194586297,10.466134786582916,0.07198465344204852,0.039126818913099326,0.03285783452894919
1976.07,104.2,3.79,9.35,57.1,1976.5416666665708,7.83,607.8158450087566,22.107697241681258,112990.65506363676,54.5400974168126,10138.7967835413,11.757490488689914,,14.033225918703808,,0.06472684483001664,1.0106646066851026,10.500832319214037,0.06778541205609168,0.043036614725714406,0.02474879733037727
1976.08,103.3,3.82,9.45,57.4,1976.624999999904,7.77,599.4166964285713,22.16623214285714,111772.67012852574,54.835312499999986,10225.089377682172,11.597986002509252,,13.842562825921176,,0.06640188451102241,1.0189914585181015,10.55735186768576,0.07116283354159592,0.04386951556999619,0.02729331797159973
1976.09,105.5,3.85,9.55,57.6,1976.7083333332373,7.59,610.0569552951389,22.262741970486108,114102.69195735556,55.22316514756944,10328.727091874365,11.805990949539792,,14.08987482713856,,0.06705079919510812,1.018940201004066,10.720497727124755,0.06581684421169243,0.040368985530300217,0.02544785868139221
1976.1,101.9,3.91667,9.67,57.9,1976.7916666665706,7.41,586.1867897236614,22.53091475669257,109989.28315965954,55.62734304835923,10437.648362648752,11.345696136316699,,13.541591689930144,,0.07219165911208193,1.0146294332391081,10.866947424437852,0.0695447106717686,0.039651868739782214,0.02989284193198638
1976.11,101.2,3.98333,9.79,58,1976.8749999999038,7.29,581.1562672413793,22.87487345840517,109403.05764827388,56.22055193965516,10583.556663800407,11.248855860507966,,13.427973102245353,,0.0743330535354131,1.0362174650586484,11.006914491285707,0.07374161009135194,0.040173409496399914,0.033568200594952025
1976.12,104.7,4.05,9.91,58.2,1976.958333333237,6.87,599.1893749999999,23.177812499999995,113161.4055268688,56.71410416666666,10710.883751397037,11.597589726582944,,13.84516713336025,,0.07622431423336458,0.9816865703863437,11.36636267821457,0.07183943193708209,0.038387610610941314,0.033451821326140774
1977.01,103.8,4.09667,9.96667,58.5,1977.0416666665703,7.21,590.9923974358974,23.324670759188027,111980.43143998245,56.7459171267094,10752.138792099518,11.437961346787558,,13.656100626714077,,0.07457212881987164,0.9933820921616536,11.100984028188186,0.07923736731565145,0.0410217667319277,0.03821560058372375
1977.02,101,4.14333,10.0233,59.1,1977.1249999999036,7.39,569.2123307952622,23.3508368965736,108222.28124549727,56.488969854060905,10740.043481267254,11.014841854222784,,13.154123053942888,,0.07721197981701305,1.0012631318497678,10.915564234010471,0.08933948975605177,0.041764967267658104,0.04757452248839367
1977.03,100.6,4.19,10.08,59.5,1977.2083333332369,7.46,563.1465420168066,23.45510945378151,107440.6343612723,56.426611764705875,10765.423403197066,10.895746511662745,,13.015883122750953,,0.07789782266979076,1.012535314251147,10.855877395351104,0.0943201595783889,0.04249823835953559,0.05182192121885332
1977.04,99.05,4.24667,10.1933,60,1977.29166666657,7.37,549.8492489583333,23.57423836520833,105278.49671100633,56.585344264583334,10834.2786524412,10.636037409141364,,12.710931427883892,,0.08160570988688844,0.9998478361877967,10.900359569723975,0.0950215626131854,0.0365672497369407,0.058454312876244696
1977.05,98.76,4.30333,10.3067,60.3,1977.3749999999034,7.46,545.5118333333332,23.769921402777776,104827.28552710048,56.93020263888888,10939.88845425442,10.548486693557003,,12.612312925720722,,0.08169525484681457,1.0189038765071172,10.844478536773591,0.09529493616609752,0.033304986560434235,0.061989949605663286
1977.06,99.29,4.36,10.42,60.7,1977.4583333332366,7.28,544.8252493822075,23.924242998352554,105078.46258210666,57.176745881383845,11027.470844048255,10.530023959090764,,12.5965428421523,,0.08404411175243036,1.0025501542407664,10.976667505023977,0.09947540333810556,0.03386368110456006,0.0656117222335455
1977.07,100.2,4.40667,10.5167,61,1977.5416666665699,7.33,547.1145860655738,24.061411506762294,105906.71835204968,57.42355256762295,11115.660527874259,10.567692447775414,,12.64799453943567,,0.08341074274420099,1.0012002758042795,10.950538422997242,0.10170574691312284,0.03421391176943933,0.06749183514368351
1977.08,97.75,4.45333,10.6133,61.2,1977.6249999999031,7.4,531.9927951388888,24.236720965482025,103370.50993020185,57.76162795547385,11223.552256186305,10.268385666711001,,12.297488474266261,,0.085499137405506,1.0103846340465472,10.927853062874544,0.11072523406677393,0.0324850704080919,0.07824016365868203
1977.09,96.23,4.5,10.71,61.4,1977.7083333332364,7.34,522.0144456433225,24.410942589576546,101826.9061110487,58.09804336319218,11332.912443617703,10.067742820070707,,12.065823759131627,,0.08806992975670305,0.9935619402775462,11.00536955785395,0.10840109360941375,0.027534316055390695,0.08086677755402305
1977.1,93.74,4.55667,10.77,61.6,1977.7916666665697,7.52,506.85606047077914,24.638103318384736,99270.5343692626,58.23383583603895,11405.41556600126,9.766666299556553,,11.715003066672734,,0.08936165065528139,1.0020926949617748,10.89901465497225,0.09700594013935038,0.02841345918342708,0.0685924809559233
1977.11,94.28,4.61333,10.83,61.9,1977.874999999903,7.58,507.3052205169628,24.82357226312601,99763.65753430747,58.274454159935374,11459.911021388945,9.766299983660206,,11.724729783734968,,0.08896682840305295,0.998700951384615,10.868890061883482,0.08206944482850664,0.03377604918957,0.04829339563893664
1977.12,93.82,4.67,10.89,62.1,1977.9583333332362,7.69,503.20417431561987,25.047575080515294,99367.64565538646,58.408585144927535,11533.933715488794,9.678266582535928,,11.629817356636803,,0.08882704743246736,0.9879329246850397,10.819811840965137,0.08104821831967501,0.034127278894454216,0.0469209394252208
1978.01,90.25,4.71333,10.9,62.5,1978.0416666665694,7.96,480.9584949999999,25.118183969399997,95388.13531983225,58.088062,11520.561495691654,9.241462260934696,,11.11732706341997,,0.09106792359776847,1.001857891824126,10.620837167104357,0.08971822063712143,0.03871758818723481,0.05100063244988662
1978.02,88.98,4.75667,10.91,62.9,1978.1249999999027,8.03,471.1749169316375,25.18794776490461,93864.0578879987,57.77161546104929,11508.843240706517,9.045263570704748,,10.894504079092558,,0.09308179269215698,1.0060097554972645,10.572902954732209,0.09477266521704397,0.04283697788391594,0.05193568733312803
1978.03,88.82,4.8,10.92,63.4,1978.208333333236,8.04,466.6184617507886,25.216940063091478,93374.98188297721,57.36853864353312,11480.013534813232,8.950420077633902,,10.793768769045762,,0.09468462655343832,0.9992345104647423,10.55255989244019,0.09836358000947154,0.042180432319903316,0.056183147689568225
1978.04,92.71,4.83667,11.0233,63.9,1978.2916666665692,8.15,483.24362069640057,25.210763918818465,97122.251391922,57.458088706964006,11547.920545448967,9.262588720866852,,11.18240079700667,,0.09034509111540286,0.9933343904289317,10.461974334248307,0.09251894888848922,0.040841713895991116,0.0516772349924981
1978.05,97.41,4.87333,11.1267,64.5,1978.3749999999025,8.35,503.01882151162783,25.165555009108523,101518.1500248074,57.45754564534883,11595.955239513649,9.634910728598456,,11.642215937209855,,0.08485883777505818,0.9995916878724279,10.295566908244892,0.08492270025262827,0.040386377893305125,0.044536322359323144
1978.06,97.66,4.91,11.23,65.2,1978.4583333332357,8.46,498.8954359662576,25.08270111196319,101107.82206283948,57.368377492331284,11626.467763318527,9.549678981041746,,11.54947795705076,,0.08521906255430671,0.9950879903977516,10.180873008747447,0.09124274461604198,0.043044982803519316,0.048197761812522666
1978.07,97.19,4.94667,11.3433,65.7,1978.541666666569,8.64,492.7159476788431,25.077715782534245,100278.99407544329,57.50617151255706,11703.824606399585,9.425524047787365,,11.409884648364546,,0.08499996751231303,1.0226360524630467,10.053765037633978,0.09134670857750304,0.04373655481976613,0.04761015375773692
1978.08,103.9,4.98333,11.4567,66,1978.6249999999022,8.41,524.3388276515151,25.148733493749994,107141.50397411622,57.81706108522726,11814.129630223842,10.023970854003757,,12.142389731257994,,0.08114647573711707,1.0063374885085377,10.234609215065746,0.08181584472013137,0.04087556207648535,0.04094028264364602
1978.09,103.9,5.02,11.57,66.5,1978.7083333332355,8.42,520.3964304511277,25.143311654135335,106764.06988744668,57.949823872180446,11888.934442711821,9.941887473004412,,12.051024072050552,,0.08237040403865363,0.9923964327083631,10.222031302277738,0.08354173191128811,0.04298574159186863,0.04055599031941948
1978.1,100.6,5.03667,11.8233,67.1,1978.7916666665687,8.64,499.3624329359165,25.00123046814456,102876.18947694624,58.68898462555887,12090.815616727421,9.533608358208838,,11.56532682047489,,0.0848298222704527,0.9959841678096215,10.053598242339907,0.09127318917509752,0.04637680165014091,0.044896387524956616
1978.11,94.71,5.05333,12.0767,67.4,1978.874999999902,8.81,468.0328614614242,24.972278532455487,96850.54758917756,59.679996389094946,12349.646373880485,8.928418902293153,,10.842331646474515,,0.09041370978257515,0.9942582592890565,9.968655429576621,0.09555322223958163,0.04684701020306048,0.048706212036521146
1978.12,96.11,5.07,12.33,67.7,1978.9583333332353,9.01,472.8466486336779,24.94363238552437,98276.80419747693,60.661733197932044,12607.980394910943,9.011941819133831,,10.953907642577775,,0.08754849244367036,1.0016432159641684,9.867497383364597,0.09629254190730308,0.0474995321347047,0.04879300977259837
1979.01,99.71,5.11333,12.6533,68.3,1979.0416666665685,9.1,486.24866196925325,24.935812563506587,101494.17860183334,61.70544774341141,12879.714071834096,9.257636919139975,,11.261020341262233,,0.08434488113791973,1.0075833333333333,9.796885647326986,0.09600336151613598,0.04865986810567491,0.04734349341046107
1979.02,98.23,5.15667,12.9767,69.1,1979.1249999999018,9.1,473.4853033646889,24.85602625777858,99262.44371949046,62.549900602387844,13113.091249259001,9.003740371045636,,10.96100221156923,,0.08803605660113657,1.0062810771389346,9.756895875437808,0.10156353988021172,0.04890571159909851,0.052657828281113206
1979.03,100.1,5.2,13.3,69.8,1979.208333333235,9.12,477.6602059455587,24.813517191977077,100571.17542501628,63.4653420487106,13362.603727799367,9.070785029660767,,11.050596484076515,,0.08720038013463208,1.0037031360281712,9.719716570956988,0.09931598074365056,0.04822017559576808,0.05109580514788248
1979.04,102.1,5.24667,13.5267,70.6,1979.2916666665683,9.18,481.6831427053824,24.752521981763454,101852.5060798368,63.815703882790366,13493.910812831817,9.13306356621742,,11.133601762772868,,0.08647595026293244,1.003117086251853,9.645163714582168,0.10106179802981496,0.05036943813476391,0.05069235989505105
1979.05,99.73,5.29333,13.7533,71.5,1979.3749999999015,9.25,464.57965157342653,24.658311511713283,98670.45395881345,64.0680168653846,13607.182938250766,8.79438328981496,,10.728950511599077,,0.09105296552439977,1.030044769334399,9.553442428512444,0.10840015297084626,0.05375680485516754,0.054643348115678725
1979.06,101.7,5.34,13.98,72.3,1979.4583333332348,8.91,468.5145280082987,24.60046784232365,99941.56929838427,64.40347199170124,13738.280617418015,8.853937764693956,,10.809180598290334,,0.09429245649469727,1.0048016460396398,9.731588496373432,0.11041797916582263,0.05635025030147811,0.05406772886434452
1979.07,102.7,5.39667,14.1967,73.1,1979.541666666568,8.95,467.94355848153214,24.589454369528045,100256.88246115473,64.68602061046512,13858.976467733939,8.827498045542368,,10.784338517075039,,0.09482550142401507,1.0022294077638916,9.671303104007459,0.11287090177119952,0.059327623602140944,0.05354327816905857
1979.08,107.4,5.45333,14.4133,73.8,1979.6249999999013,9.03,484.7170833333333,24.61193865972222,104290.03481204131,65.05002548611111,13995.936301269974,9.127165797215037,,11.156331375849188,,0.09074647769688389,0.9881636923006627,9.600926644191608,0.11340784433525908,0.05999113033134407,0.05341671400391501
1979.09,108.6,5.51,14.63,74.6,1979.7083333332346,9.33,484.87679959785515,24.60102362600536,104765.48799956434,65.31995928284182,14113.435445981828,9.11275899074096,,11.144412105091897,,0.08878609127487588,0.9476592376492354,9.385546777757853,0.11305552603619384,0.06220042691490213,0.050855099121291714
1979.1,104.5,5.55667,14.7067,75.2,1979.7916666665678,10.3,462.8484956781914,24.611448329953454,100449.05790407036,65.13850690325798,14136.594831366428,8.681843306899315,,10.624838288277688,,0.08481528736369665,0.9872029381971799,8.823334943924346,0.11753450057390258,0.07029506667040053,0.04723943390350205
1979.11,103.7,5.60333,14.7833,75.9,1979.874999999901,10.65,455.06914196310925,24.589224447793143,99205.45791841757,64.87390208662714,14142.565535634936,8.51878430298356,,10.433469269423105,,0.08394033968829677,1.0249286541450782,8.630088906940253,0.11661860415602532,0.07414652046832382,0.0424720836877015
1979.12,107.8,5.65,14.86,76.7,1979.9583333332343,10.39,468.12712190352016,24.535419654498043,102497.8371120168,64.53032496740546,14129.108158483949,8.745204404669296,,10.71792863128936,,0.0840555503791803,0.9837664457452885,8.752967516406605,0.11581447133810352,0.07337981269855343,0.042434658639550094
1980.01,110.9,5.7,15.0033,77.8,1980.0416666665676,10.8,474.77993412596396,24.402575514138817,104399.74172161527,64.23143179145244,14123.901217059607,8.850934180729114,,10.85408187872476,,0.07983469845349184,0.9174015256439824,8.489128142855058,0.1101402082141325,0.07355838056068653,0.036581827653445975
1980.02,115.3,5.75,15.1467,78.9,1980.1249999999009,12.41,486.73515050697074,24.273435519645115,107473.37597633274,63.9412949192015,14118.534118826703,9.054476092192521,,11.10925231272703,,0.06213716522876522,0.9912564853388187,7.679362011789434,0.10357782711324837,0.08271517658148353,0.020862650531764837
1980.03,104.7,5.8,15.29,80.1,1980.2083333332341,12.75,435.3660627340824,24.11769975031211,96574.61842032091,63.57924641073658,14103.399385355366,8.0811509007855,,9.9248356973565,,0.07309897274157992,1.0862448859181546,7.498176687376666,0.11781757133238657,0.08461038335075366,0.03320718798163291
1980.04,103,5.84667,15.1733,81,1980.2916666665674,11.47,423.5382253086419,24.041633356944438,94395.33833854982,62.39293741820986,13905.716380702115,7.84402450471922,,9.64444804829732,,0.09000066928921109,1.0899045574721604,8.05435767948059,0.1204204269759126,0.07605714948839726,0.04436327748751534
1980.05,107.7,5.89333,15.0567,81.8,1980.3749999999006,10.18,438.53353147921763,23.996497837255497,98183.0723169487,61.30796493429094,13726.212302271135,8.1042258071765,,9.974412483708678,,0.09958705186387123,1.033815310457589,8.692628026069928,0.1199888262485882,0.06862357702735356,0.05136524922123464
1980.06,114.6,5.94,14.94,82.7,1980.458333333234,9.78,461.55080713422,23.92331408706167,103782.7479867058,60.17075967351873,13529.792800361121,8.512077962306744,,10.484904625773897,,0.098297418837549,0.978961383211929,8.888773697844504,0.11667441295748815,0.06840828451538017,0.04826612844210798
1980.07,119.8,5.98333,14.84,82.7,1980.5416666665672,10.25,482.4937756952841,24.097825400090684,108943.45908609625,59.76801027811365,13495.166384287715,8.880865527295846,,10.946930734313673,,0.0881645115496864,0.957565312307295,8.701766194299669,0.1110316674280789,0.07109632045074332,0.039935346977335584
1980.08,123.5,6.02667,14.74,83.3,1980.6249999999004,11.1,493.8128226290516,24.09754594132653,111952.63495637864,58.93765996398559,13361.796269287619,9.071005981618386,,11.188545257817436,,0.07808383787866591,0.9850671522968465,8.272491388102498,0.09796918599017679,0.07430386747142403,0.023665318518752754
1980.09,126.5,6.07,14.64,84,1980.7083333332337,11.51,501.593206845238,24.068543601190477,114171.24736053862,58.04999642857142,13213.178350658383,9.196040131743242,,11.349812726304934,,0.07283595962550313,0.9955721987902296,8.081051537960995,0.09005772322712824,0.07572013612926631,0.014337587097861926
1980.1,130.2,6.1,14.7,84.8,1980.791666666567,11.75,511.39389445754705,23.959314563679243,116856.5152504879,57.73802034198112,13193.477528280891,9.357841046757112,,11.556163110889697,,0.06902959268576778,0.9574436158599442,7.969371472258722,0.08433237714588082,0.07856389877836945,0.005768478367511376
1980.11,135.7,6.13,14.76,85.5,1980.8749999999002,12.68,528.6328406432748,23.880024415204677,121250.44311179548,57.499047368421046,13188.331174134866,9.654043663233393,,11.927567744896844,,0.056791837574995604,1.0016172099037945,7.567754169677011,0.08327766482395282,0.08706099172547033,-0.003783326901517503
1980.12,133.5,6.16,14.82,86.3,1980.9583333332334,12.84,515.241548377752,23.774441483198142,118633.35575433406,57.19760110081113,13169.635447784502,9.389902084921744,,11.608006971345498,,0.05856753108409245,1.0259640818205924,7.509726371092225,0.09052566095474646,0.09091647924203361,-0.0003908182872871535
1981.01,133,6.2,14.74,87,1981.0416666665667,12.57,509.1817097701149,23.736290229885057,117693.52599108846,56.431115804597695,13043.628369237926,9.259404530877957,,11.454209284131185,,0.06364166621778884,0.9762689679378598,7.642717605354982,0.08999376528357517,0.0890111315403308,0.0009826337432443655
1981.02,128.4,6.24,14.66,87.9,1981.1249999999,13.19,486.53776450511936,23.644825938566548,112914.99185310442,55.55018401592718,12892.007636810831,8.829899353831308,,10.932069150005743,,0.06353679324489456,1.0148642333079452,7.384951973917821,0.10644224411334346,0.09510488203943934,0.011337362073904123
1981.03,133.2,6.28,14.58,88.5,1981.2083333332332,13.12,501.30422033898293,23.63506384180791,116799.06923580091,54.87248898305084,12784.76298391875,9.081096883854626,,11.251403769600731,,0.06156947349846027,0.9806212425474777,7.443911937446268,0.10585474086018953,0.09284783030442356,0.013006910555765971
1981.04,134.4,6.31667,14.7233,89.1,1981.2916666665665,13.68,502.41427609427603,23.612985010241303,117516.16812909287,55.03866154180695,12873.703855766913,9.085561230788745,,11.26531109646202,,0.05637666153137544,0.9890312953748093,7.250502226216181,0.1074859855654795,0.09682329567737269,0.010662689888106813
1981.05,131.7,6.35333,14.8667,89.8,1981.3749999998997,14.1,488.4834395879732,23.564893631263914,114717.029532767,55.14150912165924,12949.610197075075,8.81848346654807,,10.943243788709795,,0.05581888284693011,1.046130210601641,7.115075150936595,0.10963271450133116,0.09907923772875571,0.010553476772575454
1981.06,132.3,6.39,15.01,90.6,1981.458333333233,13.47,486.37590645695366,23.491625413907283,114681.82707722016,55.1814237030905,13011.143041791946,8.765340744304932,,10.886260091011934,,0.0629637895883287,0.9683821010187267,7.377570606351028,0.10972456257581209,0.09396400537510541,0.015760557200706682
1981.07,129.1,6.43333,15.0967,91.6,1981.5416666665662,14.28,469.43036162663753,23.392722140693227,111145.90761757735,54.89426289983624,12997.183760885206,8.445319467875516,,10.498717805693916,,0.060110156642068965,0.9778562631723248,7.066312702749063,0.11390857539913224,0.09935767103250592,0.014550904366626316
1981.08,129.6,6.47667,15.1833,92.3,1981.6249999998995,14.94,467.67451787648963,23.371709256906826,111191.31933567695,54.790451445016245,13026.629312263763,8.399806316566442,,10.452105800480169,,0.05471136340610766,0.9931274100779962,6.857434161070719,0.11648523649205988,0.10584521303159589,0.010640023460463999
1981.09,118.3,6.52,15.27,93.2,1981.7083333332328,15.32,422.7749423283261,23.300867489270384,100977.93728523453,54.571203460300424,13034.092158457577,7.58116305192316,,9.446392731834713,,0.06482029013725302,1.0214663553165861,6.744541072313165,0.12645967903323463,0.1098176054502713,0.016642073582963324
1981.1,119.8,6.55667,15.3,93.4,1981.791666666566,15.15,427.21879282655243,23.381741588998928,102504.71697013293,54.561331638115625,13091.170030409296,7.649141713319217,,9.54375340001718,,0.06531497355094393,1.108970876178851,6.8745694923707426,0.12481013401317043,0.1091609356232417,0.01564919838992873
1981.11,122.9,6.59333,15.33,93.7,1981.8749999998993,13.39,436.87047892209176,23.437194750133404,105289.11056271644,54.493282684098176,13133.295890369754,7.810752565716112,,9.757177879149895,,0.08055833329807843,0.9933234956774207,7.5992885037230895,0.12149055866632885,0.09930588417999364,0.02218467448633521
1981.12,123.8,6.63,15.36,94,1981.9583333332325,13.72,438.66521542553187,23.49232938829787,106193.47490271828,54.42566808510638,13175.539374036776,7.832562137141898,,9.79589996157548,,0.07671917675410606,0.965958056435771,7.524460698345904,0.1214932661158048,0.103532845627609,0.017960420488195794
1982.01,117.3,6.66,15.1767,94.3,1982.0416666665658,14.59,414.3112499999999,23.523554347826085,100772.34400899982,53.6050941847826,13038.291844172103,7.3886599733759954,,9.253826807056994,,0.07603574951320219,1.0205727472457031,7.245190483549799,0.13525435079719395,0.10867673297263303,0.026577617824560917
1982.02,114.5,6.69,14.9933,94.6,1982.124999999899,14.43,403.1389468816068,23.554581263213528,98532.34937682617,52.78937268366807,12902.402392240765,7.181823450546735,,9.008823810691194,,0.08135128973041258,1.0426643818639756,7.370794979509827,0.13671369118165067,0.1045971709609399,0.032116520220710765
1982.03,110.8,6.72,14.81,94.5,1982.2083333332323,13.86,390.5245661375661,23.68524444444444,95931.64719453598,52.19917711640211,12822.632625912254,6.9506737935360325,,8.734195921151285,,0.09130425630141711,1.0110126744031835,7.6933979471261855,0.13802666879496672,0.09845876984176405,0.039567898953202674
1982.04,116.3,6.75,14.5967,94.9,1982.2916666665656,13.87,408.18205611169645,23.69070403055848,100754.14224413052,51.23053326264488,12645.554497806534,7.259072625426148,,9.135762299511827,,0.0852886898148344,1.0251220228422484,7.74533833289204,0.1325950616870195,0.0987068014995871,0.033888260187432406
1982.05,116.4,6.78,14.3833,95.8,1982.3749999998988,13.62,404.69503653444673,23.572442849686844,100378.29713807882,50.007303427713985,12403.532312939255,7.192612484464624,,9.066293563047886,,0.08982571898672995,0.9754106412743653,7.865324778227444,0.13517772888684632,0.09823040243427728,0.03694732645256904
1982.06,109.7,6.81,14.17,97,1982.458333333232,14.3,376.682375,23.383837499999995,93913.52602762281,48.656237499999996,12130.853817788653,6.692133988197589,,8.451496753639919,,0.0945160315266276,1.0306651376519482,7.577011116865961,0.14082431267500195,0.10362332159161558,0.03720099108338637
1982.07,109.4,6.82333,13.9667,97.5,1982.5416666665653,13.95,373.7258282051282,23.309457544487177,93660.69509708286,47.712216862820505,11957.320203038636,6.638653100208761,,8.400296954038721,,0.0992586435056396,1.0609778281904543,7.769313199571639,0.14305152120152997,0.10454976257346549,0.038501758628064486
1982.08,109.7,6.83667,13.7633,97.7,1982.6249999998986,13.06,373.98352482088023,23.30721918538894,94212.03574418786,46.92112531601842,11820.132284028994,6.643422752166093,,8.422750758567597,,0.10801408722100159,1.0519607466985679,8.226194799270852,0.1431275985462923,0.1005365972969634,0.04259100124932891
1982.09,122.4,6.85,13.56,97.9,1982.7083333332318,12.34,416.4272420837589,23.304955949948923,105393.4809387869,46.133606230847796,11675.944456944038,7.3988382003233095,,9.39384428501223,,0.0998093768756103,1.0967112869231939,8.635955506626841,0.13048571601745818,0.09683770860397867,0.03364800741347951
1982.1,132.7,6.85667,13.2533,98.2,1982.791666666565,10.91,450.0904951629327,23.256382784241342,114403.80248003654,44.95240662805498,11425.982783788004,7.999840994534591,,10.167766914461488,,0.10377276401638608,1.0311735941154534,9.442215611056007,0.11952157206409009,0.08594396916110814,0.03357760290298195
1982.11,138.1,6.86333,12.9467,98,1982.8749999998984,10.55,469.3620905612244,23.32648021007653,119796.34091926398,44.00210121556122,11230.755155535373,8.347476938155435,,10.61939966902233,,0.10168839765063195,1.0094053062237236,9.756433945633146,0.1172542550530038,0.08065134120274209,0.03660291385026171
1982.12,139.4,6.87,12.64,97.6,1982.9583333332316,10.54,475.7221388319672,23.444842853483607,121918.28698863414,43.13578073770492,11054.857586343871,8.467738401400483,,10.782007239538878,,0.0993863337317981,1.0137086656838108,9.88855765435706,0.1189690134360597,0.08066255773650699,0.03830645569955271
1983.01,144.3,6.88333,12.5667,97.8,1983.0416666665649,10.46,491.4370360429448,23.44229586490286,126446.3582132176,42.797933477760736,11011.874218697445,8.756783224134749,,11.158544264730388,,0.09625529562626889,0.9928796879673732,10.003617369414798,0.1145070153701413,0.0808073412859891,0.0336996740841522
1983.02,146.8,6.89667,12.4933,97.9,1983.1249999998981,10.72,499.44051583248205,23.463735846910108,129008.74723912308,42.50449725102144,10979.189249881038,8.910493436624122,,11.362068266848617,,0.09103401885507213,1.0218357023839544,9.92224304949866,0.11378722948097164,0.08457304042243541,0.029214189058536233
1983.03,151.9,6.91,12.42,97.9,1983.2083333332314,10.51,516.7916509193053,23.509086950970374,133996.70464969115,42.255117211440236,10956.149254438209,9.232829705190529,,11.779312721126258,,0.08820851061293208,1.0155474590353635,10.138902195708772,0.11154596523456917,0.08464898801872267,0.026896977215846496
1983.04,157.7,6.92,12.4767,98.6,1983.2916666665647,10.4,532.7153182048681,23.375967038539553,138630.57238060472,42.14666588869168,10967.99024997521,9.531581284160417,,12.165031590630479,,0.08593763163921253,1.0099020734301765,10.223437219728854,0.1059706013415338,0.08406660639750418,0.021903994944029614
1983.05,164.1,6.93,12.5333,99.2,1983.374999999898,10.38,550.9818787802418,23.268156123991933,143888.74712373773,42.0817866015625,10989.64554738539,9.874456504668403,,12.605255648355726,,0.08240888324541364,0.9801737810824116,10.262222842284661,0.10250417283690183,0.08348002215090666,0.019024150685995167
1983.06,166.4,6.94,12.59,99.5,1983.4583333332312,10.85,557.0198190954774,23.231475628140704,145971.1277576306,42.1447086683417,11044.329918681302,10.000117903130027,,12.767362769540023,,0.07602510331623151,0.97761600247503,10.028433840710944,0.10171755700388485,0.08701914272206857,0.014698414281816286
1983.07,167,6.96,12.8267,99.9,1983.5416666665644,11.38,556.7899524524524,23.205138138138135,146417.6459011633,42.765135827077074,11245.839632817073,10.014475995571031,,12.786896040903452,,0.07077177393272018,0.9821386702978602,9.764702317746687,0.10144828299634234,0.09167859466190098,0.009769688334441362
1983.08,162.4,6.98,13.0633,100.2,1983.6249999998977,11.85,539.8321057884231,23.20214346307385,142466.73459322698,43.423576031686615,11459.88727839718,9.72805693566521,,12.422837481069054,,0.06739685291074508,1.0216050338528322,9.561578301852254,0.10609067393765947,0.09526837197520543,0.01082230196245404
1983.09,167.2,7.0,13.3,100.7,1983.708333333231,11.65,553.028113207547,23.15309086395233,146458.47727487187,43.99087264150943,11650.106146864811,9.98420245802878,,12.749884493756918,,0.06705890471981756,1.0161885537859756,9.71965525104248,0.1042953585223243,0.09641004690315813,0.007885311619166169
1983.1,167.7,7.03,13.5433,101,1983.7916666665642,11.54,553.0343353960395,23.183252103960395,146971.7602989922,44.66255166707921,11869.306149417658,10.003391799449627,,12.773539636170574,,0.06733469414075635,1.000833309838694,9.847664781925848,0.10481683178116641,0.09526379676879859,0.009553035012367816
1983.11,165.2,7.06,13.7867,101.2,1983.8749999998975,11.69,543.7132756916996,23.23617267786561,145009.23455744216,45.375374200839914,12101.687736519902,9.853581649364282,,12.581491199513117,,0.06685883741509792,1.0015899027226098,9.836392932070707,0.10623588135321338,0.09254196557932293,0.013693915773890453
1983.12,164.4,7.09,14.03,101.3,1983.9583333332307,11.83,540.5461451135242,23.31187450641658,144682.66520744315,46.130549975320825,12347.310175550043,9.815010903608671,,12.53107631732356,,0.06525964409105085,1.0192347993297712,9.842306240921772,0.10746347078169727,0.09258525518549332,0.014878215596203948
1984.01,166.4,7.12,14.44,101.9,1984.041666666564,11.67,543.9006084396466,23.27267026496565,146099.61859429153,47.19906722276741,12678.356325129625,9.894931809202536,,12.630750087850329,,0.0657430676135771,0.9998304045343891,9.972553581699078,0.10798763126838717,0.09153808397712893,0.01644954729125825
1984.02,157.3,7.15,14.85,102.4,1984.1249999998972,11.84,511.64551635742185,23.25661437988281,137956.0202211395,48.30219909667968,13023.820090806876,9.324529645727983,,11.902399335847177,,0.06937144418105556,0.9824599290610767,9.922176430845557,0.11389671711025429,0.09044041463147812,0.02345630247877617
1984.03,157.4,7.18,15.26,102.6,1984.2083333332305,12.32,510.97278996101363,23.308669834307988,138298.36197007142,49.53903923001949,13408.087697987863,9.326747066508243,,11.904570260565995,,0.06339250293545597,0.9927827973295454,9.729138528691164,0.11164739045242511,0.08863695123970228,0.023010439212722833
1984.04,157.6,7.22333,15.5733,103.1,1984.2916666665637,12.63,509.1408632395732,23.33561212984966,138328.86707701467,50.310935314015516,13669.016152604521,9.305643404594823,,11.876543098868668,,0.06060971379474146,0.967859509236794,9.612078874478962,0.10769621123993267,0.08653665258825738,0.021159558651675292
1984.05,156.6,7.26667,15.8867,103.4,1984.374999999897,13.41,504.4424492263055,23.407514767045452,137582.3185314358,51.17449462403287,13957.401148233468,9.231831816896044,,11.781082542587837,,0.0526420893537802,1.0030178161231755,9.276150234435898,0.10938875012197524,0.08934309339508006,0.020045656726895178
1984.06,153.1,7.31,16.2,103.7,1984.4583333332303,13.56,491.74147661523614,23.478969262295077,134651.8785125274,52.032736258437794,14247.945342279188,9.010185512291008,,11.497716640781476,,0.05323536119826787,1.0222612021863886,9.277227429585636,0.11262994558557926,0.09022571952418335,0.022404226061395915
1984.07,151.1,7.33333,16.32,104.1,1984.5416666665635,13.36,483.45286863592696,23.463397916306434,132917.64594369588,52.2167492795389,14356.161362019306,8.8683022140433,,11.31624186364972,,0.056549760285445436,1.0471009378195517,9.447308744221298,0.11319388534234909,0.08706129020049036,0.026132595141858728
1984.08,164.4,7.35667,16.44,104.5,1984.6249999998968,12.72,523.9935358851674,23.44797764988038,144600.8755919262,52.39935358851674,14460.08755919262,9.62306325737317,,12.274711609555565,,0.053218487566763395,1.0219291431360158,9.854420636965278,0.10676469503956709,0.08315942516881414,0.023605269870752954
1984.09,166.1,7.38,16.56,105,1984.70833333323,12.52,526.8909511904761,23.410326428571427,145938.80227176362,52.53048857142856,14549.949221074085,9.687341313628082,,12.35155235206646,,0.053758978119069434,1.031119860341776,10.022564782218485,0.10635017945323866,0.08002330647253642,0.026326872980702243
1984.1,164.8,7.43,16.5867,105.3,1984.7916666665633,12.16,521.2778157644824,23.50178501899335,144926.532597915,52.465283657407404,14586.486154380078,9.595070703048505,,12.229383028121244,,0.05760107851846759,1.0448487934823085,10.305022676574456,0.10655576733906291,0.07553166285318613,0.03102410448587678
1984.11,166.3,7.48,16.6133,105.3,1984.8749999998965,11.57,526.0224560778728,23.659939696106363,146793.81013158962,52.549421945631515,14664.639842809001,9.691973221783089,,12.348679358880036,,0.06162119253361201,1.0137721149498926,10.767190510426651,0.1045845846160276,0.0697554544131127,0.03482913020291489
1984.12,164.5,7.53,16.64,105.3,1984.9583333332298,11.5,520.3288877018043,23.81809437321937,145758.83874025292,52.63387654320987,14744.237547950202,9.595054801133458,,12.222162489146159,,0.06253264079268331,1.0166985780559679,10.915477495823641,0.10422883776671998,0.07009183444980782,0.03413700331691216
1985.01,171.6,7.57333,16.5567,105.5,1985.041666666563,11.38,541.7578720379146,23.909738607464455,152319.85286818314,52.271110489336486,14696.469160738043,9.99700117773045,,12.729627871083478,,0.05933315692808745,1.0018156011347725,11.076712059329404,0.10160266350762104,0.06900918216703,0.032593481340591035
1985.02,180.9,7.61667,16.4733,106,1985.1249999998963,11.51,568.4249186320754,23.933139994457544,160378.27134108567,51.762488734669795,14604.529448773388,10.494935172607077,,13.357385583224803,,0.052973907673109014,0.9892367938618801,11.044479445831259,0.09961529770313904,0.07186657855232315,0.027748719150815893
1985.03,179.4,7.66,16.39,106.4,1985.2083333332296,11.86,561.5923942669172,23.978805686090222,159014.30023877046,51.30713122650375,14527.56065169146,10.373217214924729,,13.197786108739985,,0.05058811726454483,1.0353280439322068,10.88453173221767,0.1029732942127608,0.07576317688123946,0.027210117331521344
1985.04,180.6,7.68667,16.13,106.9,1985.2916666665628,11.43,562.7045767072028,23.949747445392887,159894.32570166638,50.25705881665107,14280.705833709188,10.397118719816815,,13.224090599429953,,0.05476309593341076,1.0446658658983008,11.216352523920293,0.10549595020856128,0.07388335692059145,0.03161259328796984
1985.05,184.9,7.71333,15.87,107.3,1985.374999999896,10.85,573.9546726467846,23.943222256174277,163658.0388591927,49.26263198974836,14046.798684128651,10.60812046786009,,13.488455241725186,,0.05844401151764898,1.0520532267558704,11.673659948288618,0.10634756155358094,0.07328936026805755,0.03305820128552339
1985.06,188.9,7.74,15.61,107.6,1985.4583333332293,10.16,584.7363510687733,23.95902253717472,167301.64638768864,48.32045759758364,13825.191636378082,10.810049845861212,,13.74142626924642,,0.06307921955481517,0.9991742605611181,12.247070041508456,0.1071565193131705,0.07209843199589594,0.035058087317274556
1985.07,192.5,7.77333,15.4833,107.8,1985.5416666665626,10.31,594.7745535714286,24.0175526260436,170746.37119371555,47.83933945616882,13733.596307031976,10.99756395679338,,13.97641908312286,,0.0590079751401289,1.0073537038004854,12.21425407826951,0.1087620855965088,0.07206801375690297,0.036694071839605824
1985.08,188.3,7.80667,15.3567,108,1985.6249999998959,10.33,580.7202511574073,24.075896776967593,167287.66830002997,47.36031163541666,13643.05117250701,10.73879980887728,,13.646192185229499,,0.061000120961805016,1.0061364986054657,12.281288762525522,0.11131221364011301,0.07011455932977073,0.04119765431034228
1985.09,184.1,7.84,15.23,108.3,1985.7083333332291,10.37,566.1946202677747,24.111710064635272,163682.10043554817,46.83945717913204,13540.892936629,10.471234661697544,,13.306583154373715,,0.06268656154794004,1.016718459059641,12.322423918560744,0.11759112151323237,0.07238476125233517,0.045206360260897194
1985.1,186.2,7.86,15.0233,108.7,1985.7916666665624,10.24,570.5458348666052,24.084265639374422,165520.21317394174,46.0337338396964,13354.778832309768,10.552516982943747,,13.410439843384875,,0.06305898669861097,1.037665107026227,12.482333058511974,0.1169954583927566,0.07246900203747608,0.04452645635528052
1985.11,197.5,7.88,14.8167,109,1985.8749999998956,9.78,603.5051892201834,24.07909311926605,175664.13219062204,45.275723225917424,13178.545556601464,11.164611128667463,,14.186571464023931,,0.0619815159154478,1.0418088588778152,12.916832437531516,0.11303605796252914,0.07028469411503946,0.042751363847489676
1985.12,207.3,7.9,14.61,109.3,1985.958333333229,9.26,631.7126109332113,24.073948993595607,184458.49408049308,44.52156896157364,13000.186196411016,11.690521474467593,,14.8512434443325,,0.06305996751515096,1.012261086209065,13.41993486152435,0.1113832933132175,0.06855031231169662,0.04283298100152089
1986.01,208.2,7.94,14.58,109.6,1986.0416666665622,9.19,632.7185652372262,24.129612910583944,185339.37906640934,44.308533531021894,12979.097727128952,11.715007584487985,,14.879155972876102,,0.06368185902322782,1.040138266147972,13.547294050074107,0.11038663398724524,0.06790627806628824,0.042480355920957
1986.02,219.4,7.98,14.55,109.3,1986.1249999998954,8.7,668.585368252516,24.317735818847208,196439.28597167245,44.33872884263494,13027.309074238075,12.388219099418123,,15.727961947238807,,0.06326570656270636,1.0706964086423971,14.129735226795914,0.10994055977766282,0.062294770018033185,0.04764578975962963
1986.03,232.3,8.02,14.52,108.8,1986.2083333332287,7.78,711.1491923253676,24.551943704044113,209546.24505684606,44.45065119485293,13097.76787871461,13.189022981532712,,16.73474058295943,,0.06688280325039596,1.0402862489588924,15.198181839431431,0.10200655087375887,0.050932090972658495,0.05107445990110038
1986.04,238,8.04667,14.5833,108.6,1986.291666666562,7.3,729.9406307550644,24.67895535831031,215689.29344234726,44.726652102900545,13216.225517049506,13.552504172869478,,17.183914355587937,,0.06907103381145846,0.9777221654628936,15.839576445202729,0.0986214540478656,0.04490298760779399,0.05371846644007161
1986.05,238.5,8.07333,14.6467,108.9,1986.3749999998952,7.71,729.4590392561983,24.692509624311292,216155.0185781649,44.79734889003672,13274.455809680536,13.560046199232334,,17.180748515167302,,0.06446579679293479,1.0002236733487426,15.444041882894634,0.10073370689638583,0.046171339837853154,0.05456236705853268
1986.06,245.3,8.1,14.71,109.5,1986.4583333332284,7.8,746.1460353881278,24.63833219178082,221708.15590820907,44.74442796803653,13295.25875829497,13.888688626457114,,17.58237852082158,,0.061842005395504024,1.0417113704432905,15.362852488099275,0.09927152824818464,0.045967205214896945,0.05330432303328769
1986.07,240.2,8.14333,14.7567,109.5,1986.5416666665617,7.3,730.6330114155251,24.770132060159817,217711.9959461455,44.88647859931507,13375.148253865469,13.619995534083808,,17.228549210852716,,0.06770006219295127,1.0152906557195402,16.003658119296013,0.09717486874835424,0.042397614911459325,0.05477725383689491
1986.08,245,8.18667,14.8033,109.7,1986.624999999895,7.17,743.8748290793071,24.856562232566084,222274.98012030087,44.946131662488604,13430.217196795305,13.887667550866057,,17.55217873714277,,0.06722047828635411,0.9863856367686215,16.218741274117846,0.09801552927546986,0.043116512363074566,0.05489901691239529
1986.09,238.3,8.23,14.85,110.2,1986.7083333332282,7.45,720.2493160163339,24.874745576225042,215834.90786496026,44.88335015880217,13450.056155244061,13.46731431297713,,17.007759947928392,,0.06678208850013793,1.0076087971828867,15.925347534359448,0.10310882358663087,0.04383880223172576,0.05927002135490511
1986.1,237.4,8.24667,14.7267,110.3,1986.7916666665615,7.43,716.8785879419764,24.90253220228921,215446.68423388546,44.47032814256573,13364.863878294696,13.42591886085736,,16.942441583196967,,0.06675361068841358,1.0188955773741608,16.031972204664136,0.10742104525516782,0.04565035799543482,0.061770687259733004
1986.11,245.1,8.26333,14.6033,110.4,1986.8749999998947,7.25,739.4599286684781,24.930238320538944,222857.52037785345,44.057752657382245,13278.07110295352,13.872985596138601,,17.49166618064256,,0.06606595685814572,1.015983428220694,16.320109465794648,0.10892623208224239,0.04666492670886746,0.06226130537337493
1986.12,248.6,8.28,14.48,110.5,1986.958333333228,7.11,749.3405814479637,24.957924434389135,226462.15501850596,43.64622533936651,13190.555127385222,14.085139814743307,,17.743316425436984,,0.06610970206910384,1.0080581907954413,16.56595536963849,0.10846887333722854,0.04487162554817692,0.06359724778905163
1987.01,264.5,8.3,14.6867,111.2,1987.0416666665612,7.08,792.2482632643884,24.860720548561147,240055.61844365243,43.990595720548555,13329.39452323777,14.922208103718944,,18.777962794262145,,0.06255222587187366,0.9939018621095888,16.594324580558418,0.10521712997774291,0.0427757657513701,0.06244136422637281
1987.02,280.9,8.32,14.8933,111.6,1987.1249999998945,7.25,838.3549854390681,24.831304659498205,254653.2129419562,44.44952760640681,13501.697032069907,15.822318142836453,,19.88642655999116,,0.056334889356184414,1.0060416666666667,16.43401493941536,0.10306661670050454,0.04524184236109807,0.05782477433940647
1987.03,292.5,8.34,15.1,112.1,1987.2083333332278,7.25,869.0818186886709,24.77997390722569,264613.84451997135,44.86542038358608,13660.407016244671,16.43334397606992,,20.627202938129233,,0.053742497442263164,0.9534890993905645,16.45956023025562,0.09788088380239768,0.043326612376116236,0.05455427142628144
1987.04,289.3,8.4,14.8733,112.7,1987.291666666561,8.02,854.9976563886423,24.82537267080745,260955.45913437073,43.95657325532387,13416.069237273543,16.196534453220874,,20.303841071051384,,0.04660943150618281,0.967424225099176,15.610458405331707,0.09547154030797245,0.04781331667860167,0.04765822362937078
1987.05,289.1,8.46,14.6467,113.1,1987.3749999998943,8.61,851.3848021662245,24.914269893899206,260486.45067046414,43.13378686229,13197.0491076966,16.160311952655736,,20.233478963142396,,0.04069397570932961,1.0212748364878896,15.0485247133077,0.10544169617241894,0.05368315360126141,0.05175854257115753
1987.06,301.4,8.52,14.42,113.5,1987.4583333332275,8.4,884.4795440528633,25.002540528634356,271249.46532603225,42.31650638766519,12977.495985406056,16.825207307878713,,21.038765339298102,,0.04002054942434862,1.0036500888963857,15.314516868422027,0.10657640898187104,0.05396222097842407,0.05261418800344697
1987.07,310.1,8.56667,14.9,113.8,1987.5416666665608,8.45,907.6113345782073,25.073224094134446,278984.23327760433,43.60983194200351,13404.918013016137,17.306004390512218,,21.611453473791187,,0.03762551726106223,0.9865456526552201,15.329896665738627,0.109503450278982,0.05636661172834412,0.05313683855063789
1987.08,329.4,8.61333,15.38,114.4,1987.624999999894,8.76,959.0427731643355,25.07757100600961,295435.74778396037,44.77862128496503,13794.176687666397,18.32690724585634,,22.85209551137736,,0.03151800196062857,0.9648663076746858,15.044323105759673,0.10334217533778389,0.05808262242708939,0.0452595529106945
1987.09,318.7,8.66,15.86,115,1987.7083333332273,9.42,923.048731521739,25.08190152173913,284991.5638944987,45.935214565217386,14182.510835791494,17.67562044993822,,22.007766234206724,,0.02713808980686023,1.0014476306327,14.440026083980936,0.1083585202171864,0.06342280497439301,0.044935715242793384
1987.1,280.2,8.71,16.4067,115.3,1987.7916666665606,9.52,809.4298764093668,25.16107859930616,250559.08357928702,47.39497913378144,14671.11961656063,15.530055563627311,,19.31338696331539,,0.033885399558438375,1.0513845824386956,14.423303897908639,0.12427821516317095,0.0652423131126656,0.05903590205050535
1987.11,245,8.76,16.9533,115.4,1987.8749999998938,8.86,707.1323115251299,25.28358795493934,219545.07550299165,48.931535579506054,15191.891953162725,13.590885143189087,,16.88736630976848,,0.04924797924525397,0.9988718989112614,15.151298584090739,0.13798440684227598,0.061788332359404174,0.0761960744828718
1987.12,241,8.81,17.5,115.4,1987.958333333227,8.99,695.5872941941074,25.42790067157712,216618.5545815759,50.50945082322357,15729.563092023147,13.389028514426967,,16.62249463399987,,0.04871401448491447,1.028730231232527,15.134206387662223,0.14262186698497015,0.06311465433809427,0.07950721264687588
1988.01,250.5,8.85667,17.8633,115.7,1988.0416666665603,8.67,721.1320170700086,25.496320565363003,225235.3148438666,51.42434155898875,16061.660677247271,13.898336683569138,,17.237464801757408,,0.04877025449457398,1.0383636955621693,15.528646538247564,0.13823197341745064,0.06284914000079489,0.07538283341665575
1988.02,258.1,8.90333,18.2267,116,1988.1249999998936,8.21,741.08909375,25.56435784989224,232134.01209676717,52.3347872338362,16393.014328880843,14.298270962469523,,17.714126170441727,,0.05095472216058204,0.9960850896319035,16.082681816516534,0.14165589311359028,0.05918023773368275,0.08247565537990753
1988.03,265.7,8.95,18.59,116.5,1988.2083333332268,8.37,759.6368701716736,25.58806920600858,238611.71933503673,53.14884989270386,16694.737909064108,14.66894681110346,,18.152060554951035,,0.04720299705962884,0.983794836071856,15.950965397530005,0.14421543923692304,0.05970465686049686,0.08451078237642617
1988.04,262.6,9.04333,19.6167,117.1,1988.29166666656,8.72,746.9271285226303,25.722423873505548,235292.73791463018,55.79682179013663,17576.79760795859,14.433316420838944,,17.84059509304348,,0.04452705830833657,0.9831443032725702,15.61207186810015,0.14945155386379416,0.06236559539290676,0.0870859584708874
1988.05,256.1,9.13667,20.6433,117.5,1988.3749999998934,9.09,725.9590414893617,25.899446292872337,229367.38169781904,58.51694760319148,18488.479775878906,14.031891348027772,,17.325317986212724,,0.04217868506100307,1.018738472701669,15.296667878487494,0.15191947926139182,0.06475853938893006,0.08716093987246176
1988.06,270.7,9.23,21.67,118,1988.4583333332266,8.92,764.0937637711863,26.05314163135593,242102.03927483328,61.16701832627119,19380.684119267225,14.76646864787962,,18.208235569514844,,0.03963841085063305,0.9982943438098126,15.517273122497594,0.14570549563330726,0.06480948465006331,0.08089601098324395
1988.07,269.1,9.30667,22.0233,118.5,1988.5416666665599,9.06,756.3725411392405,26.15871288533755,240346.27665689788,61.901967243670875,19670.078612775393,14.608315717522101,,17.988763201028434,,0.03860967549508623,0.9946042850469942,15.425443938952597,0.15142125977307908,0.06612226968726764,0.08529899008581143
1988.08,263.7,9.38333,22.3767,119,1988.6249999998931,9.26,738.0802342436974,26.26336899653361,235229.13874218613,62.63102001365545,19960.757940433356,14.244946310675651,,17.518725933895702,,0.03831922345219643,1.0260567691250402,15.277749562113286,0.1454542241452761,0.06847838229814185,0.07697584184713424
1988.09,268,9.46,22.73,119.8,1988.7083333332264,8.98,745.106552587646,26.301149207011683,238166.97815534324,63.19504455342236,20199.759005488628,14.369428776140158,,17.648292003694426,,0.04042123697308586,1.019363978978598,15.57115829940911,0.1381631772933567,0.07114259541859358,0.06702058187476312
1988.1,277.4,9.55,23.0733,120.2,1988.7916666665596,8.8,768.6743614808651,26.463014247088182,246405.1178091495,63.93602791909316,20495.23866166492,14.811450153277727,,18.165517397941183,,0.03954542721848531,0.9968443726651456,15.81985698993907,0.13547813605330083,0.07196920654341032,0.06350892950989051
1988.11,271,9.64,23.4167,120.3,1988.874999999893,8.96,750.3157626766416,26.690199085619287,241233.09339558243,64.83364988881961,20844.58663511563,14.44553068087289,,17.692871543397224,,0.039271002237617855,0.9976956094018237,15.756826576042673,0.14980021837972357,0.07025183133831758,0.07954838704140599
1988.12,276.5,9.75,23.75,120.5,1988.9583333332262,9.11,764.2729616182571,26.94995072614108,246442.5089536272,65.64731587136929,21168.20827359366,14.702086748571997,,17.981586492014177,,0.036268450358792836,1.0088955782014826,15.694424549134908,0.15204074375042165,0.07268580379663314,0.0793549399537885
1989.01,285.4,9.81333,24.16,121.1,1989.0416666665594,9.09,784.9648905862922,26.990607952828242,253839.96239727866,66.44972584640793,21488.344399152957,15.088072442713283,,18.425435496743233,,0.0343199334997088,1.0023769837262066,15.755584486950456,0.15402822616148026,0.07182926250160282,0.08219896365987744
1989.02,294,9.89667,24.56,121.6,1989.1249999998927,9.17,805.2934416118421,27.10790287345806,261144.2649427593,67.27213240131579,21815.316826510778,15.467060462734754,,18.857435717731367,,0.031099424417409927,0.9953950007933203,15.728096787541919,0.1505428762996861,0.06994910851779079,0.08059376778189531
1989.03,292.7,10.01,24.96,122.3,1989.208333333226,9.36,797.1437990596892,27.261391966475877,259238.16547560223,67.97645789043335,22106.541203522484,15.298969108882359,,18.62227692761091,,0.0294507277065168,1.019490591915486,15.56606165151615,0.15435889228086785,0.06926749095871321,0.08509140132215465
1989.04,302.3,10.0867,25.0467,123.1,1989.2916666665592,9.18,817.9382179122664,27.29175462327376,266740.31966989365,67.76927939987814,22100.445797803262,15.686742656144586,,19.061417959765524,,0.029119326302348036,1.028717272293509,15.766321297022916,0.15503405201669485,0.0680029000346396,0.08703115198205524
1989.05,313.9,10.1933,25.1333,123.8,1989.3749999998925,8.86,844.5222142568658,27.424237931138933,276154.99103152985,67.61908304422454,22111.138057001426,16.18635353854456,,19.63356921555982,,0.029612224452634325,1.046527044792438,16.127379761497444,0.1509207545662996,0.06309958575509111,0.0878211688112085
1989.06,323.7,10.37,25.22,124.1,1989.4583333332257,8.28,868.7830207493955,27.832190068493148,284846.583183096,67.68831567284447,22192.86632028941,16.641904235808592,,20.149986195019594,,0.03280169858994813,1.0246450227166057,16.836938745827617,0.14665589177332117,0.05614086935161833,0.09051502242170284
1989.07,331.9,10.4233,24.71,124.4,1989.541666666559,8.02,888.642906953376,27.90777828275723,292120.520998813,66.15958490755627,21748.412394940253,17.013407650499133,,20.56206243419798,,0.03318332447187321,1.0005646566168747,17.210281258253637,0.14849376415557303,0.05489313093519366,0.09360063322037937
1989.08,346.6,10.5467,24.2,124.6,1989.6249999998922,8.11,926.511731540931,28.19284846809791,305341.3207240027,64.69008627608346,21319.272826084434,17.734251436577324,,21.393656539479544,,0.029058877372121802,1.0013382399471198,17.192358709358597,0.1387580154565753,0.05407369834359099,0.0846843171129843
1989.09,347.3,10.73,23.69,125,1989.7083333332255,8.19,925.412107,28.591050699999997,305764.1341745374,63.12413709999999,20856.75882117705,17.714220678979082,,21.332067137506503,,0.02752453713081881,1.0191153280183949,17.160277038694854,0.1373748080972197,0.0544446286852629,0.0829301794119568
1989.1,347.4,10.7967,23.4267,125.6,1989.7916666665587,8.01,921.2565346337578,28.63134838077229,305179.434275095,62.12435365545382,20579.582766068994,17.640853852797953,,21.20812869743862,,0.029220080548534873,1.016292259725205,17.40475852226914,0.13593394065898234,0.05179651449017264,0.0841374261688097
1989.11,340.2,10.9233,23.1633,125.9,1989.874999999892,7.87,900.0134213661634,28.898049987092925,298940.08957475575,61.279485253177114,20354.02403541135,17.24236926694743,,20.697305291068076,,0.031206213805868216,1.0086218574336216,17.646172866498762,0.14605583554374513,0.051441238974060166,0.09461459656968496
1989.12,348.6,11.06,22.87,126.1,1989.9583333332253,7.84,920.7732692307692,29.21328846153846,306644.0888019385,60.40758653846154,20117.47077137216,17.650212904947328,,21.1548819717516,,0.029230540597029106,0.9814869912507187,17.770086762396726,0.14631447138689668,0.0492899345246125,0.09702453686228418
1990.01,339.97,11.14,22.49,127.4,1990.0416666665585,8.21,888.8154064952904,29.124345172684457,296809.46829629457,58.79771301020407,19634.80584164386,17.048843606878275,,20.406154475024756,,0.027110461834883463,0.9894370576059219,17.263138490783998,0.14957948186985726,0.049650027587865075,0.09992945428199218
1990.02,330.45,11.23,22.08,128,1990.1249999998918,8.47,859.8767241210936,29.222017285156248,287958.930917988,57.45522187499999,19240.832787620442,16.508093516490288,,19.735353262096396,,0.02545090955106001,0.9990665992170817,17.000722755145958,0.14949605587691828,0.0522819293576986,0.09721412651921968
1990.03,338.46,11.32,21.67,128.7,1990.208333333225,8.59,875.9296148018648,29.295997280497282,294152.34999843116,56.08164850427351,18833.189814057805,16.833748233480954,,20.10101589220654,,0.022067655369177056,0.9939519917925266,16.892473552476027,0.1505498211022891,0.05465056687310477,0.09589925422918433
1990.04,338.18,11.4367,21.5333,128.9,1990.2916666665583,8.79,873.8470192009307,29.55209120733126,294279.9870037338,55.64140404092319,18738.007109076534,16.81391389873577,,20.05571926090989,,0.019129445488778152,1.009308485226914,16.7642560538268,0.15206116521608415,0.05804009692346046,0.09402106829262369
1990.05,350.25,11.5533,21.3967,129.2,1990.3749999998915,8.76,902.9340629837461,29.784063125967492,304911.29790604877,55.16005500483746,18626.968073965323,17.392413588645006,,20.723389021046014,,0.016665497777807625,1.0260353940840221,16.881017247691318,0.14454486427415159,0.05419260137231041,0.09035226290184117
1990.06,360.39,11.66,21.26,129.9,1990.4583333332248,8.48,924.0681198036949,29.897151077752113,312889.3750642196,54.512301193225554,18457.859857002994,17.817082821653006,,21.20675832783047,,0.017515428083203027,1.0077360747074646,17.227185042403523,0.1445541023253618,0.0546803662409745,0.08987373608438731
1990.07,360.03,11.7267,21.42,130.4,1990.541666666558,8.47,919.6053850651838,29.952883007093554,312223.4637894616,54.711961081288344,18575.748116463263,17.74717158707024,,21.102886533307014,,0.018238518796174517,0.9885379112722102,17.29388966788746,0.1455014884430763,0.05495298524498837,0.09054850319808794
1990.08,330.75,11.7833,21.58,131.6,1990.6249999998913,8.75,837.1135472074467,29.823008498290275,285059.7105410679,54.61802070668692,18598.907191160226,16.16833475650897,,19.211937494842864,,0.02114296086816298,0.9980864876526703,16.93977804207101,0.15705645456359396,0.05939728152416479,0.09765917303942917
1990.09,315.41,11.83,21.74,132.7,1990.7083333332246,8.89,791.6713751883949,29.693010267520723,270428.03279519296,54.5668675584024,18639.565749239064,15.301285443522623,,18.172367021965123,,0.0232430186387496,1.0186672700984318,16.76721209871624,0.1613032227149107,0.06068373615461198,0.10061948656029873
1990.1,307.12,11.9267,21.6067,133.5,1990.7916666665578,8.72,766.244270411985,29.75633478745318,262589.3977307747,53.907300330524336,18473.854975089638,14.8181479655008,,17.59216474935589,,0.02671086383460876,1.0294330647551313,16.977856856355363,0.15830354482523656,0.06016501841000932,0.09813852641522725
1990.11,315.29,12.0133,21.4733,133.8,1990.874999999891,8.39,784.8641452727951,29.905193429559034,269824.402068033,53.45435393030642,18376.797021559494,15.187607599503187,,18.023739754098454,,0.02774402753676211,1.028094419372411,17.438379846170985,0.1541975191319529,0.05793428900067754,0.09626323013127536
1990.12,328.75,12.09,21.34,133.8,1990.9583333332243,8.08,818.3706675074737,30.09612584080717,282205.65277981985,53.122524850523156,18318.68784888625,15.846314974728765,,18.79649566201917,,0.027133502870889864,1.006052893220839,17.928301002744714,0.14522336198855967,0.05939996870388198,0.0858233932846777
1991.01,325.49,12.1067,21.1833,134.6,1991.0416666665576,8.09,805.4396351225854,29.95857332187964,278607.4415325758,52.41902799684249,18132.1239245968,15.606190118802362,,18.503950717933986,,0.027783293808916684,1.02324270106363,17.929616603442895,0.1464911248005596,0.05983816309927614,0.08665296170128345
1991.02,362.26,12.1133,21.0267,134.8,1991.1249999998909,7.85,895.0986400222549,29.930432165244802,310483.90784157027,51.95431616561572,18021.454162790113,17.354664745205106,,20.563141293016177,,0.022807981407616217,0.9888654894857861,18.319129219490076,0.1312398388639966,0.058084604399085915,0.07315523446491068
1991.03,372.28,12.11,20.94,135,1991.2083333332241,8.11,918.4940418518516,29.877948981481474,319462.74803794123,51.66343944444444,17969.135983438515,17.818620083397377,,21.098075248981395,,0.01815254351121663,1.0115317115191491,18.088317416388,0.11707815588530535,0.061361340287137134,0.05571681559816821
1991.04,379.68,12.13,20.3633,135.2,1991.2916666665574,8.04,935.3656908284023,29.883022096893495,326197.0389105006,50.16627731786242,17494.859256337433,18.155345895198018,,21.481531873630114,,0.017261417915378857,1.0046569160399428,18.269840244708426,0.1148066049088079,0.058247130448033646,0.05655947446077425
1991.05,377.99,12.14,19.8567,135.6,1991.3749999998906,8.07,928.4553596054571,29.81943455014749,324653.7437843808,48.77393459900442,17054.82154079027,18.035430911004056,,21.32581606588704,,0.016819875859940416,0.9925522768854966,18.300777046004207,0.12227332751167408,0.056005569106184705,0.06626775840548937
1991.06,378.29,12.15,19.41,136,1991.458333333224,8.28,926.459330055147,29.756221047794117,324822.8640109663,47.53648152573529,16666.60971860968,18.015227044688327,,21.289084627258887,,0.014164945242447352,1.0075751819767564,18.111052990709467,0.11931551815623909,0.058291164082351576,0.06102435407388751
1991.07,380.23,12.1933,18.84,136.2,1991.5416666665571,8.27,929.8431127936858,29.818415241372982,326880.4523566132,46.07275660792951,16196.585546639117,18.103452345519745,,21.381252264915332,,0.013004730493853922,1.0322756849824446,18.221451261050287,0.11591094263251822,0.058735355995332084,0.05717558663718614
1991.08,389.4,12.2367,18.33,136.6,1991.6249999998904,7.9,949.4796357979501,29.83692208363836,334657.62928586995,44.69430334919472,15753.14418287107,18.51225845533771,,21.8518491225019,,0.014998050819334134,1.0239219311221082,18.754481840053902,0.11099140275102304,0.05834582142913658,0.05264558132188646
1991.09,387.2,12.28,17.82,137.2,1991.7083333332237,7.65,939.9865597667639,29.811557215743438,332187.28503041435,43.26074508017493,15288.164822422477,18.357282591774325,,21.658412976072636,,0.017400877305726398,1.014741166197218,19.119146580954936,0.09813409326445388,0.05824977634524586,0.03988431691920802
1991.1,386.88,12.2533,17.2033,137.4,1991.791666666557,7.53,937.8425938864627,29.703439453238712,332304.37238258735,41.702821276382814,14776.498680235123,18.34918799200198,,21.6395450158591,,0.01855350631430975,1.0139809192833882,19.37274494527232,0.10191402515917058,0.05896294986452655,0.04295107529464404
1991.11,385.92,12.2267,16.5867,137.8,1991.8749999998902,7.42,932.7998664731493,29.552923215711168,331390.2105530927,40.091396002358486,14243.02965739268,18.288868169301335,,21.56029678442331,,0.01980208495197433,1.029638110100816,19.58657313727495,0.1078517203724969,0.057711108473060824,0.05014061189943608
1991.12,388.51,12.2,15.97,137.9,1991.9583333332234,7.09,938.3791342458302,29.467003263234222,334244.70398260956,38.57279033720087,13739.383600427984,18.441652313512723,,21.732934673031156,,0.022392289241092468,1.0101841162442249,20.15245772336195,0.10895246905515288,0.05187505780570323,0.05707741124944965
1992.01,416.08,12.24,16.0467,138.1,1992.0416666665567,7.03,1003.5143077480085,29.520801593048514,358321.700433942,38.701915598298335,13819.171386159725,19.773068211462636,,23.291329926002003,,0.019160569763829363,0.9840655018706176,20.328210157124552,0.10068838924166101,0.0515763884232876,0.049112000818373414
1992.02,412.56,12.28,16.1233,138.6,1992.12499999989,7.34,991.4351103896103,29.510430375180373,354886.71911079617,38.74637801857864,13869.364548766483,19.582982970386738,,23.058298827241984,,0.016596949753805774,0.992179138194585,19.93212478086968,0.09756520998755547,0.05473790522333655,0.04282730476421892
1992.03,407.36,12.32,16.19,139.3,1992.2083333332232,7.54,974.0195463029432,29.457778894472355,349531.4808951399,38.71115586862885,13891.679781255682,19.28356186129855,,22.69846526328992,,0.01602331338890102,1.0104755563451913,19.676860305121114,0.10393468426540964,0.0528993096145427,0.05103537465086694
1992.04,407.41,12.32,16.4833,139.5,1992.2916666665565,7.48,972.7424837813619,29.415545519713255,349952.8598904905,39.35594654749103,14158.655839161831,19.301229507881033,,22.71268951361469,,0.016285934688981235,1.0125464539191733,19.85448029030381,0.09924730086584677,0.052394119366989456,0.04685318149885731
1992.05,414.81,12.32,16.7667,139.7,1992.3749999998897,7.39,988.9930009842519,29.373433070866138,356679.7427205109,39.9752873595204,14417.063817825006,19.66227979564168,,23.13034959132583,,0.015402822169063336,1.0153293568561221,20.074802533454232,0.09402283707681569,0.05209391797999641,0.041928919096819284
1992.06,408.27,12.32,17.05,140.2,1992.458333333223,7.26,969.9288153530671,29.268677603423676,350683.89968917257,40.505759183309564,14645.113502585036,19.31536596764459,,22.716805900471645,,0.016695001272217166,1.0362324502452476,20.30984541682747,0.08915116061710271,0.05313286878313517,0.03601829183396754
1992.07,415.05,12.3433,17.38,140.5,1992.5416666665562,6.84,983.9306757117438,29.26141792437722,356627.998453161,41.201578469750885,14933.609476246083,19.6207406948244,,23.070543662535275,,0.019777611352638648,1.0238658423844582,21.000783398074475,0.07489565998600756,0.05222903811043644,0.022666621875571114
1992.08,417.93,12.3667,17.71,140.9,1992.6249999998895,6.59,987.9454388750886,29.233663194641586,358966.1430406912,41.864699166075226,15211.376051613048,19.722137498351522,,23.184600663955518,,0.022097910826092262,1.0179381983966895,21.44094295412868,0.0750521177233503,0.0533549558178239,0.021697161905526396
1992.09,418.48,12.4,18.04,141.3,1992.7083333332228,6.42,986.4451726822364,29.22940198159943,359306.0596248769,42.524065463552716,15489.106565744547,19.7087664247453,,23.164274166851868,,0.023914247386812464,0.9929972271785684,21.76376983248166,0.0695448776410601,0.055295238713414685,0.014249638927645414
1992.1,412.5,12.3867,18.39,141.8,1992.791666666556,6.59,968.9204645627642,29.09509604460507,353805.9430332828,43.196235983779964,15773.312223956538,19.370271076906967,,22.763052023573348,,0.023149941896531745,0.985396689960901,21.535159418551128,0.06954636726853924,0.05596947012649078,0.01357689714204846
1992.11,422.84,12.3833,18.74,142,1992.8749999998893,6.87,991.8091862676055,29.046142030809854,363047.7307422179,43.95635264084506,16090.044636527204,19.833656038801227,,23.303331550784872,,0.01950157027850368,1.0129335817200111,21.190786534441987,0.07365871449920802,0.05706993984424136,0.016588774654966665
1992.12,435.64,12.39,19.09,141.9,1992.9583333332225,6.77,1022.5528431994361,29.08233800211416,375188.4443511475,44.80886460535587,16440.977418656243,20.44860672124296,,24.020186324731117,,0.019336711772753916,1.017988955537202,21.479986054539136,0.0692570001637467,0.056398787313599597,0.0128582128501471
1993.01,435.23,12.4133,19.34,142.6,1993.0416666665558,6.6,1016.5756536640953,28.993999865883588,373881.85697673896,45.17283537868162,16613.917041403696,20.323410802995703,,23.86795022416955,,0.02163634959938599,1.0305714011765221,21.759050055303792,0.06892055442254952,0.05475260965240336,0.014167944770146157
1993.02,441.7,12.4467,19.59,143.1,1993.124999999889,6.26,1028.0829865478686,28.970433571802932,379001.9969228195,45.59688862683438,16809.257685573997,20.545336792900443,,24.122919609042572,,0.024762232417321638,1.0261243281280923,22.34590301018043,0.05960083598660093,0.05278039536837231,0.006820440618228618
1993.03,450.16,12.48,19.84,143.6,1993.2083333332223,5.98,1044.125900417827,28.946799442896932,385805.47263195796,46.01798885793872,17003.688859556707,20.8552001486909,,24.480250697934398,,0.027201413706418584,1.0057303710261363,22.849836012483646,0.0584589498500141,0.05092133372302876,0.007537616126985336
1993.04,443.08,12.4933,19.67,144,1993.2916666665556,5.97,1024.8494246527778,28.897154728298606,379572.5910058343,45.49694904513889,16850.665489493455,20.457362016642183,,24.00798830125112,,0.02778273053625143,0.9997621442728722,22.91693856724732,0.06589082041288363,0.04988033257539093,0.016010487837492704
1993.05,445.25,12.5067,19.5,144.2,1993.3749999998888,6.04,1028.4402717579749,28.88802683165742,381794.1327116886,45.04117978502081,16720.910921679795,20.51760563376486,,24.073856030062387,,0.026453373546910595,1.011012320562737,22.879710266790326,0.07097179715507873,0.05392618768522328,0.01704560946985545
1993.06,448.06,12.52,19.33,144.4,1993.458333333222,5.96,1033.4973990650967,28.87869355955678,384564.9218953415,44.5866730436288,16590.7243231642,20.608357012960187,,24.175761110239687,,0.02686917161722039,1.0162531878887435,23.099630647956758,0.07603362047263107,0.055223289231552286,0.020810331241078783
1993.07,447.29,12.52,19.69,144.4,1993.5416666665553,5.81,1031.7213132790857,28.87869355955678,384799.5208597319,45.41705081371191,16939.128005830942,20.564596413297135,,24.12042425068049,,0.02805608428261821,1.014680852842298,23.475073285038576,0.07649157784739402,0.04797386748351773,0.028517710363876292
1993.08,454.13,12.52,20.05,144.8,1993.6249999998886,5.68,1044.60484867058,28.798918162983416,390499.7640641049,46.119673256215464,17240.702595039533,20.81222754662738,,24.40515363879749,,0.02875340391461654,1.0293065194781301,23.75390708476469,0.07432388632524556,0.04269271261093133,0.03163117371431423
1993.09,459.24,12.52,20.41,145.1,1993.7083333332218,5.36,1054.1749755341143,28.739375258442447,394972.6122353864,46.85069081667815,17553.764950187782,20.99350100522912,,24.610598936385458,,0.031236860631154613,1.006773545988639,24.399499975201177,0.07609796346830056,0.04144377535130328,0.034654188116997275
1993.1,463.9,12.54,20.9,145.7,1993.791666666555,5.33,1060.4867029855866,28.666745538778304,398232.5148509804,47.77790923129718,17941.49506442227,21.109178247475107,,24.737889343598027,,0.031395305530902286,0.9749773690649266,24.46361213532309,0.07749323938100083,0.04148540017809088,0.03600783920290995
1993.11,462.89,12.56,21.39,145.8,1993.8749999998884,5.72,1057.45204483882,28.69277297668038,397990.8334138325,48.864523405349786,18391.030108064286,21.03790118960637,,24.645407638434428,,0.027521778620273905,1.000997703604514,23.83510916583657,0.07915037606916075,0.04477109288448666,0.03437928318467409
1993.12,465.95,12.58,21.89,145.8,1993.9583333332216,5.77,1064.442481567215,28.738462105624137,401523.1607643373,50.00675162894375,18863.272860030786,21.164732079814637,,24.783708947329494,,0.026634499475645654,1.006317279016577,23.858889540165308,0.08157546780809599,0.045405950157139996,0.036169517650955996
1994.01,472.99,12.6233,22.1567,146.2,1994.0416666665549,5.75,1077.5687620554036,28.758480631839944,407378.59407846024,50.477531851060185,19083.205343491867,21.411974913826533,,25.061136005191294,,0.025960655912227633,0.9883568374250016,23.94392302730702,0.08469888550467797,0.045906114053420266,0.0387927714512577
1994.02,471.58,12.6667,22.4333,146.7,1994.1249999998881,5.97,1070.694744546694,28.75899978953647,405685.8846098698,50.93349254175187,19298.683479406656,21.263840187313022,,24.875326969291883,,0.023932517058300316,0.9677350240272581,23.584481756475945,0.0857409168935146,0.047880387204005226,0.03786052968950937
1994.03,463.81,12.71,22.71,147.2,1994.2083333332214,6.48,1049.4764673063858,28.75928914741848,398554.3601430266,51.386581946331525,19514.82184266863,20.833375889460406,,24.35994041810892,,0.01995467848836488,0.9703886543569092,22.746003445159296,0.08525798551833885,0.05350073983307224,0.03175724568526661
1994.04,447.23,12.7533,23.54,147.4,1994.2916666665546,6.97,1010.5873352272727,28.818110284090903,384697.6404865113,53.19237499999999,20248.602412746182,20.055250085063843,,23.440099239459393,,0.01655384927483705,0.9909414979381134,22.04251460638707,0.08980806851868994,0.05232368303426016,0.03748438548442978
1994.05,450.9,12.7967,24.37,147.5,1994.374999999888,7.18,1018.1895177966101,28.896575299152538,388508.2087808549,55.03055788135593,20997.882120180606,20.19649242128145,,23.593459579735008,,0.013874324550450672,1.0116668390942878,21.828033735635355,0.08527812305787652,0.05000887472980575,0.03526924832807077
1994.06,454.83,12.84,25.2,148,1994.4583333332212,7.1,1023.5941467060809,28.89639831081081,391489.2681082396,56.712557432432426,21690.58671663619,20.290763690670314,,23.69008723443195,,0.014494740216395297,0.9918321184893504,22.008094183875812,0.08716582072745038,0.049143494253137465,0.03802232647431292
1994.07,451.4,12.87,25.91,148.4,1994.5416666665544,7.3,1013.1367301212936,28.88584341307277,388410.32166527316,58.153240313342316,22294.442699041272,20.067951816142145,,23.415889076109888,,0.01292268794464329,1.0103198282151835,21.76949819669401,0.08573717282160787,0.05277466118568652,0.03296251163592134
1994.08,464.24,12.9,26.62,149,1994.6249999998877,7.24,1037.7594476510067,28.83658640939597,398771.29892282037,59.506196140939586,22865.95721464216,20.53554940475564,,23.945020932611566,,0.012408744966443189,0.9906484143849844,21.905588608568678,0.08131507002497784,0.054303842134975744,0.0270112278900021
1994.09,466.96,12.92,27.33,149.4,1994.708333333221,7.46,1041.0449685408298,28.80396820615796,400956.15440416225,60.92975627510038,23466.960124776753,20.57645010081887,,23.975369102753433,,0.009895185318056436,0.9868733067705355,21.642635586117823,0.08346766664053273,0.057006347749036346,0.026461318891496388
1994.1,463.81,13.0133,28.42,149.5,1994.7916666665542,7.74,1033.3306755016722,28.99256609280936,398915.5467923717,63.317431270903,24443.586468250367,20.395759282410257,,23.74783103385777,,0.007299527790082694,0.9913959633236125,21.344252699708385,0.08356329927674322,0.05853971069866937,0.025023588578073852
1994.11,461.01,13.0967,29.51,149.7,1994.8749999998875,7.96,1025.7203038577154,29.13939199482298,396915.01017124514,65.65802513360055,25407.175441212657,20.20947302039405,,23.51375433645178,,0.005689940976984123,1.0169643925831136,21.132335283995836,0.08911937707903217,0.059129573012722814,0.029989804066309356
1994.12,455.19,13.17,30.6,149.7,1994.9583333332207,7.81,1012.7711440380762,29.30248021042084,392849.08722915343,68.0832114228457,26409.152374199995,19.91148410809033,,23.15011078522381,,0.007930468977323087,1.0085772379629767,21.490832515951524,0.09358123920192152,0.05776480894984881,0.035816430252072706
1995.01,465.25,13.18,31.25,150.3,1995.041666666554,7.78,1031.021704507651,29.207664836992677,400872.5185597856,69.2518608616101,26925.881149905,20.2191194224573,,23.48837263655865,,0.007684132200324517,1.0281526145343234,21.588636897667055,0.08966415363816083,0.05751990297624876,0.032144250661912066
1995.02,481.92,13.18,31.9,150.9,1995.1249999998872,7.47,1063.7170417495029,29.09153098078197,414527.415507965,70.4112168654738,27439.04497573058,20.80257176433268,,24.144282243906417,,0.009319888648623091,1.025322723066438,22.10815735338935,0.08720899885872702,0.05519720741965073,0.03201179143907629
1995.03,493.15,13.17,32.55,151.4,1995.2083333332205,7.2,1084.9096420904887,28.97345632430647,423727.015709147,71.60865629128135,27967.787410184996,21.152737302036993,,24.527320822094755,,0.011176616601861776,1.0159636566781896,22.59313481785582,0.08370500121680391,0.049657281417052834,0.034047719799751075
1995.04,507.91,13.2433,33.1767,151.9,1995.2916666665537,7.06,1113.7030175279788,29.038812332949306,435917.80835583614,72.74712232801183,28474.16737705315,21.64273926187965,,25.070444808546682,,0.011362181625356543,1.0370731500299206,22.878248223945615,0.07728315982984224,0.049368146274700875,0.027915013555141366
1995.05,523.81,13.3067,33.8033,152.2,1995.374999999887,6.63,1146.3032916392904,29.120318456800256,449627.81774384447,73.97497958853482,29016.063098338134,22.195426698019954,,25.684217711127943,,0.01432917273293545,1.0395819290594353,23.679650033681522,0.07549082143659813,0.04792778951194876,0.027563031924649373
1995.06,539.35,13.36,34.43,152.5,1995.4583333332203,6.17,1177.9890299180329,29.179444590163932,463010.06451390067,75.19822434426229,29556.75632004004,22.718356759520614,,26.26152178397113,,0.017806905868943387,0.9970375751665662,24.568509501608332,0.0746034625580998,0.045564377019249314,0.029039085538850484
1995.07,557.37,13.44,34.68,152.5,1995.5416666665535,6.28,1217.346334672131,29.354171803278682,479440.97697296436,75.7442468852459,29831.19486413407,23.376412691512122,,26.992759359536358,,0.015275527417729695,0.9899060470856952,24.495727138940314,0.07228912645898622,0.04420889467160105,0.028080231787385168
1995.08,559.11,13.51,34.93,152.9,1995.6249999998868,6.49,1217.9520232995421,29.429865026160883,480645.4128092317,76.09068729561804,30027.980664675044,23.28407025623053,,26.857726122313142,,0.013424483051002786,1.026850203931602,24.185032272375565,0.07180605623702863,0.04469744552774335,0.027108610709285275
1995.09,578.77,13.58,35.18,153.2,1995.70833333322,6.2,1258.3100149314619,29.524422486945166,497542.99827008636,76.48521230417755,30242.69170679483,23.946007075299857,,27.591422770766503,,0.015053027578776038,1.01708176547153,24.785773978968862,0.06711190347296903,0.0417443592655784,0.025367544207390624
1995.1,582.92,13.65,34.7733,153.7,1995.7916666665533,6.04,1263.2098266102796,29.58006953480807,500455.08934775257,75.35506461206896,29853.96788309923,23.92676276408327,,27.54034727709173,,0.016642280544388342,1.0132655333157623,25.127151083857772,0.06344509615321958,0.03829702488097886,0.025148071272240724
1995.11,595.53,13.72,34.3667,153.6,1995.8749999998865,5.93,1291.3763693847654,29.751118815104167,512596.2614579937,74.5224325789388,29580.78004239658,24.347586881114815,,27.99665126062921,,0.016667268345671435,1.021570056477021,25.477051974513593,0.06588973904291473,0.037422133948774805,0.028467605094139925
1995.12,614.57,13.79,33.96,153.5,1995.9583333332198,5.71,1333.531821091205,29.922390960912047,530319.1368069273,73.6884986970684,29304.453334792215,25.027380664939106,,28.749997901545346,,0.017399894631425293,1.0093056553879096,26.04354885992753,0.06496255336682699,0.036530696378202165,0.028431856988624826
1996.01,614.42,13.8933,33.9867,154.4,1996.041666666553,5.65,1325.43506136658,29.970813023801806,528092.4492942755,73.31656489070595,29211.483425718165,24.762465194644022,,28.41994735083721,,0.018748642274762396,0.9926693773631179,26.132680224299655,0.06615468706570748,0.03618809963758407,0.029966587428123415
1996.02,649.54,13.9967,34.0133,154.9,1996.1249999998863,5.81,1396.6734898321495,30.096406433989667,557475.2165504551,73.13710381455778,29192.308068934315,25.976065550593383,,29.784395328216377,,0.015880340213838696,0.9709366873686951,25.857376379947866,0.060167400392254544,0.0362173087024007,0.023950091689853847
1996.03,647.07,14.1,34.04,155.7,1996.2083333332196,6.27,1384.2134323217726,30.162748073217728,553505.1229031523,72.81843577392421,29117.89201110127,25.629930395216107,,29.360970049382306,,0.01280892448964742,0.9877236786783421,24.97687921807412,0.06190647764614532,0.03839978295177371,0.02350669469437161
1996.04,647.17,14.1567,34.33,156.3,1996.2916666665528,6.51,1379.112852127319,30.16778731046065,552470.8205583005,73.15688955534227,29306.555108806733,25.42420384838152,,29.100029225042793,,0.011314165557100124,0.9888232270763537,24.57555154900352,0.06205128364949464,0.03740589992794341,0.02464538372155123
1996.05,661.23,14.2133,34.62,156.6,1996.374999999886,6.74,1406.3751961206897,30.230377591794383,564401.2677225585,73.63354549808427,29550.34086256668,25.814043827699017,,29.519946822343112,,0.008332947503943242,0.9934376769306602,24.254322787204366,0.058425418169185894,0.037720411327503145,0.02070500684168275
1996.06,668.5,14.27,34.91,156.7,1996.4583333332193,6.91,1420.9304522973835,30.33160441927249,571256.9096097819,74.20296498085513,29831.83053773745,25.966673558333834,,29.66805321760831,,0.0059017874206194545,1.0086290442912997,24.0797814687277,0.05404594800313989,0.038706532113629066,0.015339415889510821
1996.07,644.07,14.4,35.2733,157,1996.5416666665526,6.87,1366.387325875796,30.54943949044586,550352.4103131715,74.83191277627387,30140.73885555854,24.858411332348386,,28.37927823609574,,0.00821698243303165,1.0224005244474197,24.24115760591009,0.05843108413894749,0.03830818162625915,0.020122902512688334
1996.08,662.68,14.53,35.6367,157.3,1996.6249999998859,6.64,1403.1869844246658,30.766443658614108,566207.2214438368,75.45867327797201,30448.718670289705,25.41252912145494,,28.988000554261884,,0.009648545943907391,0.9918733306396262,24.736904279534137,0.05761726995882088,0.038132218214649516,0.019485051744171367
1996.09,674.88,14.66,36.0,157.8,1996.7083333332191,6.83,1424.4918403041822,30.9433534537389,575844.5631400424,75.98640684410645,30717.170864511507,25.68011551287676,,29.26888687827459,,0.007196087253397383,1.027548871340334,24.45813205178514,0.058998295684820734,0.041545970350526984,0.01745232533429375
1996.1,701.46,14.74,36.91,158.3,1996.7916666665524,6.53,1475.9185892293112,31.01394235628553,597678.3710958296,77.66109988945038,31449.13277613416,26.483467720897195,,30.15808199565624,,0.009248786199176948,1.0298410366578001,25.052545296386334,0.05939631459952932,0.03993922334255773,0.019457091256971593
1996.11,735.67,14.82,37.82,158.6,1996.8749999998856,6.2,1544.9707797131146,31.123284836065576,626691.58624883,79.42527884615383,32217.537471870197,27.58561204901279,,31.38340454150735,,0.011142512391144312,0.9978058880379478,25.75133693795278,0.05663703806656417,0.03870797947145932,0.017929058595104852
1996.12,743.25,14.9,38.73,158.6,1996.958333333219,6.3,1560.889436869483,31.291291771752835,634206.4560636815,81.33635773959645,33047.8520596655,27.723946163893967,,31.510681258371875,,0.009867757351768862,0.9848952184377804,25.69483562153838,0.05746816547889644,0.039508489099098876,0.017959676379797562
1997.01,766.22,14.9533,39.2333,159.1,1997.0416666665521,6.58,1604.0714564739158,31.30453617771841,652811.7310511546,82.13439570003142,33426.37687328608,28.332870129950365,,32.170588658522384,,0.005964224553904281,1.0171977161380608,25.22718987877176,0.05482296008367826,0.039847663434690705,0.014975296648987557
1997.02,798.39,15.0067,39.7367,159.6,1997.1249999998854,6.42,1666.1826520206764,31.317906291510024,679151.356776849,82.92764211544485,33802.06881202748,29.265634883575945,,33.19464551397601,,0.006392356901558725,0.9858177415092839,25.58064820016612,0.051763652515825154,0.03858546538094565,0.013178187134879504
1997.03,792.16,15.06,40.24,160,1997.2083333332187,6.69,1649.04813625,31.350566718749995,673232.0689797731,83.76804812499999,34198.72053088526,28.80245859187166,,32.63548559038066,,0.004037985849536893,0.9912341189643861,25.154812192943712,0.0491009543678802,0.041108448696112854,0.007992505671767347
1997.04,763.93,15.0933,40.3433,160.2,1997.291666666552,6.89,1588.296066401373,31.380661865636704,649497.3447920445,83.87824106351435,34300.08800564043,27.585160338136543,,31.2258514875058,,0.003146492909421768,1.0187516359065731,24.903179127877312,0.05651073596878753,0.04080283004060892,0.01570790592817861
1997.05,833.09,15.1267,40.4467,160.1,1997.3749999998852,6.71,1733.1693340880697,31.469748245627727,709812.3565086416,84.14574668410367,34461.54369875773,29.928362224688776,,33.84245351213987,,0.0016766740896874271,1.0216488236880017,25.386000918320235,0.05003034862176303,0.0380873605669394,0.011942988054823633
1997.06,876.29,15.16,40.55,160.3,1997.4583333332184,6.49,1820.7685364160945,31.499675920149716,746763.2956000073,84.25539964129754,34556.1990169696,31.256560616381268,,35.305910855546166,,0.0022205915643268848,1.025353605384492,25.90321917662344,0.04487394324606142,0.033362547263680487,0.011511395982380934
1997.07,925.29,15.2167,40.58,160.5,1997.5416666665517,6.22,1920.185732943925,31.5780892936137,788617.1748622083,84.2126652647975,34586.00542090416,32.766637689669935,,36.970389812777455,,0.003301992473765728,0.9992947104303582,26.526862651480588,0.039815058756798694,0.0321694799997605,0.007645578757038196
1997.08,927.24,15.2733,40.61,160.8,1997.624999999885,6.3,1920.6424374999997,31.63641359375,789887.4946759805,84.11769270833331,34594.42124885851,32.58628348671317,,36.72604365628452,,0.0023199860163869816,1.0119013978832225,26.4586980216164,0.03538683801526532,0.03571362106694642,-0.000326783051681101
1997.09,937.02,15.33,40.64,161.2,1997.7083333332182,6.21,1936.084151519851,31.675065679280394,797323.6497411883,83.97095037220843,34581.15421814037,32.66658134170862,,36.775406598013156,,0.002860421720956033,1.0185855021571386,26.707157798327454,0.0372705654917298,0.03609055932757421,0.0011800061641555892
1997.1,951.16,15.3867,40.3333,161.6,1997.7916666665515,6.03,1960.4358171410888,31.71352641785272,808440.5843775142,83.13096213412747,34281.37918107742,32.90149817979811,,36.99807639087358,,0.00442871522178449,1.0162760017275136,27.136188282404262,0.038672622302991844,0.03452632457065086,0.004146297732340987
1997.11,938.92,15.4433,40.0267,161.5,1997.8749999998847,5.88,1936.406225077399,31.84989376702786,799625.8257380764,82.55011188312692,34088.509179770655,32.33660053281267,,36.32301787273599,,0.006305989145573489,1.0101670432369692,27.594933002169142,0.034091709184776775,0.03570137244202232,-0.0016096632572455416
1997.12,962.37,15.5,39.72,161.3,1997.958333333218,5.81,1987.2299118877863,32.006466986980776,821714.5271918316,82.01915282083074,33914.71161825447,33.03078904290541,,37.06129219491145,,0.006227919433666667,1.0254066973154938,27.91005541524141,0.03261837067524609,0.03537154055002478,-0.0027531698747786937
1998.01,963.36,15.55,39.66,161.6,1998.0416666665512,5.54,1985.5812363861382,32.05010403774752,822137.190447082,81.74322354579208,33846.08139546097,32.85996841505222,,36.828633533555866,,0.009008978503259341,1.002334764529083,28.566028120708065,0.02499322702910045,0.03583519172047267,-0.010841964691372219
1998.02,1023.74,15.6,39.6,161.9,1998.1249999998845,5.57,2106.1205733477454,32.09357936998146,873154.3168529622,81.46831686226065,33775.090303570534,34.70967778226998,,38.85604408060422,,0.007011243337318774,0.9985785705938983,28.579666757850617,0.01694227331025111,0.035807699768704015,-0.018865426458452905
1998.03,1076.83,15.64,39.54,162.2,1998.2083333332178,5.65,2211.2441813347714,32.11635912453761,917845.9700481446,81.19442709617756,33702.28323477582,36.296927736425076,,40.583259011780484,,0.004698121735641544,1.0054665629566322,28.486257866442703,0.008319407198704498,0.037544313327913637,-0.02922490612920914
1998.04,1112.2,15.75,39.35,162.5,1998.291666666551,5.64,2279.659229230769,32.28253269230769,947360.4288902609,80.65508961538461,33517.92202556354,37.27693404302875,,41.62739772814113,,0.0037338961830540827,1.0039421129909039,28.589102287320525,0.00871010839866937,0.03537862832962935,-0.026668519930959977
1998.05,1108.42,15.85,39.16,162.8,1998.3749999998843,5.65,2267.7248524262895,32.427634751228496,943523.846042527,80.11773986486484,33334.29008049778,36.95659851896899,,41.2182193239652,,0.0037046597965648305,1.016154071685974,28.64891345707873,0.010828973340422543,0.03290281674112139,-0.022073843400698845
1998.06,1108.39,15.95,38.97,163,1998.4583333332175,5.5,2264.881066027607,32.59218596625767,943470.6848787018,79.63119041411042,33171.58454129233,36.80229346009201,,40.99434126198046,,0.005006299559090405,1.0076410700343126,29.075990169146962,0.0054499970153114585,0.028820559133440282,-0.023370562118128824
1998.07,1156.58,16.0167,38.6767,163.2,1998.5416666665508,5.46,2360.4561138174017,32.68837213005515,984418.6624966345,78.93500923177082,32919.525915875754,38.25964508524854,,42.561024955704205,,0.004061260065924097,1.0137733237817153,29.262257236240583,-0.005592178187346919,0.028726945828110084,-0.034319124015457
1998.08,1074.62,16.0833,38.3833,163.4,1998.624999999884,5.34,2190.500080936352,32.78411899250305,914678.5609709622,78.2403284478274,32670.508281361534,35.423401024878316,,39.357953737660516,,0.007045741988492244,1.0461845002815953,29.628985748185016,0.004237767867737885,0.029206508183019952,-0.024968740315282067
1998.09,1020.64,16.14,38.09,163.6,1998.7083333332173,4.81,2077.924157701711,32.859476314180924,868814.0894455755,77.54754974022005,32423.899383702363,33.532356980834884,,37.21483494135043,,0.013372572807667817,1.0263426633029713,30.959491534330347,0.004553248915591279,0.026851652004713733,-0.022298403089122454
1998.1,1032.47,16.1667,37.9633,164,1998.7916666665506,4.53,2096.8820406249997,32.833557281249995,877884.7111127174,77.10108959374998,32279.292040819993,33.77310287904814,,37.44000030989081,,0.01586804179512976,0.9801733688787897,31.697546881226376,-0.017876654765095146,0.02477411013673536,-0.04265076490183051
1998.11,1144.43,16.1833,37.8367,164,1998.8749999998838,4.83,2324.265803125,32.86727084374999,974228.3287416,76.84397290624999,32209.55847548325,37.36939188392094,,41.37557700054434,,0.009932767869394954,1.0183036055450048,31.069091311765035,-0.03489397297439534,0.03151782511009937,-0.06641179808449471
1998.12,1190.05,16.2,37.71,163.9,1998.958333333217,4.65,2418.391801021964,32.92126143990237,1014831.6663438648,76.6333807962172,32157.72626177652,38.820274780098146,,42.92733987493309,,0.010498406616905272,0.9983400611310349,31.65707079572593,-0.03816676815864173,0.04059470827468381,-0.07876147643332554
1999.01,1248.77,16.28333333,37.93333333,164.3,1999.0416666665503,4.72,2531.5429506238584,33.010048050657865,1063467.708894382,76.89955923446796,32304.487685628257,40.576957677208114,,44.81105344963523,,0.008422395904421738,0.9820760224994816,31.527578543663534,-0.04413151062957721,0.03986479066149928,-0.08399630129107649
1999.02,1246.58,16.36666667,38.15666667,164.5,1999.1249999998836,5,2524.030852735562,33.13864463694172,1061472.0681245164,77.25826173420614,32490.683215632132,40.40015922925994,,44.5577345353783,,0.005430915654810312,0.9863999330858457,30.924834583912087,-0.05103631771270878,0.0383960628749731,-0.08943238058768188
1999.03,1281.66,16.45,38.38,165,1999.2083333332168,5.23,2587.1957722727275,33.206443560606054,1089199.5846318107,77.47497287878788,32616.66905276664,41.356103632713,,45.55155503201498,,0.0022799872986621443,1.0082294761276307,30.41181762861245,-0.059238835834665604,0.0405779166996556,-0.09981675253432121
1999.04,1334.76,16.45,39.26,166.2,1999.29166666655,5.18,2674.930917870036,32.966685845367024,1127292.318178506,78.67915418170878,33157.643630081926,42.704509516892145,,46.97258125988063,,0.00209134319912848,0.9768966258015637,30.440704017476065,-0.051751402296686067,0.03947812763260927,-0.09122952992929534
1999.05,1332.07,16.45,40.14,166.2,1999.3749999998834,5.54,2669.5400130114317,32.966685845367024,1126178.195452525,80.44272157039711,33935.74869598771,42.55667670951802,,46.74667480085206,,-0.0020114592557856983,0.9776385491503947,29.737421041696468,-0.04580368696818693,0.0386579470734405,-0.08446163404162743
1999.06,1322.55,16.45,41.02,166.2,1999.4583333332166,5.9,2650.4614203519855,32.966685845367024,1119288.6072093335,82.20628895908544,34715.67703884682,42.18067591174692,,46.27143255321168,,-0.00565123367409677,1.0132009123986316,29.072449162678552,-0.04333695271849625,0.03664866655476717,-0.07998561927326342
1999.07,1380.99,16.513333333333335,42.0,166.7,1999.5416666665499,5.79,2759.277252624475,32.99434828034393,1166402.6066430833,83.91780143971205,35473.761199581095,43.8280359928054,,48.011997893801656,,-0.005381635771489271,0.9936043180188611,29.367880991442046,-0.045916336862991014,0.03745696729006709,-0.0833733041530581
1999.08,1327.49,16.576666666666668,42.98,167.1,1999.6249999998831,5.94,2646.0327491771395,33.0416069968083,1119695.7987248152,85.67031582884499,36252.26964360752,41.93071215994045,,45.873455189594395,,-0.005767841559380461,1.006447436763016,29.110202847430358,-0.03472092012768069,0.038187504413065954,-0.07290842454074664
1999.09,1318.17,16.64,43.96,167.9,1999.7083333332164,5.92,2614.936420711733,33.00981060154854,1107701.1061064359,87.20620637284097,36941.01718628016,41.32345133471501,,45.151839247065276,,-0.005055583707553268,0.990828492437972,29.15829218875352,-0.030274958780496797,0.03990330227619121,-0.07017826105668801
1999.1,1300.01,16.656666666666666,45.36333333333334,168.2,1999.7916666665496,6.11,2574.3115679994053,32.983938342251285,1091656.548182545,89.82958112861674,38092.9222703832,40.55285439953986,,44.25604110562487,,-0.006805021431552198,1.0110518898476173,28.839337202700428,-0.02664762335478399,0.04132937920563218,-0.06797700256041617
1999.11,1391,16.673333333333332,46.76666666666667,168.3,1999.874999999883,6.03,2752.855533273915,32.99732417310358,1168535.548912064,92.553470241632,39287.21244005813,43.208290714613916,,47.09409758839691,,-0.0077049171202844685,0.9866066102270442,29.14074132644662,-0.03131563936853643,0.04037989369750172,-0.07169553306603815
1999.12,1428.68,16.69,48.17,168.3,1999.9583333332162,6.28,2827.426055555555,33.03030830362447,1201357.7327191224,95.33073403149137,40505.502971330265,44.19793976104056,,48.11096868299517,,-0.010886526695300772,0.97770689842364,28.75044801958864,-0.03169926454928451,0.04060481837688257,-0.07230408292616708
2000.01,1425.59,16.713333333333335,49.09666666666667,168.8,2000.0416666665494,6.66,2812.9538344934826,32.97851071287519,1196376.2647687958,96.87684170122432,41202.65060730317,43.77257814693799,,47.58768727292153,,-0.015216742165251377,1.015754565043198,28.026248590901467,-0.0303223938877083,0.04200688755726012,-0.07232928144496842
2000.02,1388.87,16.736666666666668,50.02333333333333,169.8,2000.1249999998827,6.52,2724.3588878828027,32.83006083137023,1159859.5619652313,98.12402367981937,41774.998011362295,42.18563588791731,,45.80769532187175,,-0.012833071579527879,1.0246055812918504,28.300135118343523,-0.030194094269185845,0.04163508420339279,-0.07182917847257864
2000.03,1442.21,16.76,50.95,171.2,2000.208333333216,6.26,2805.854515113902,32.606986273364484,1195712.073910254,99.12446006133177,42241.78875872962,43.220748439965874,,46.876009335888135,,-0.010517110844577907,1.025368573243759,28.759355675396574,-0.027943646299565028,0.03950910022264775,-0.06745274652221278
2000.04,1461.36,16.740000000000002,51.27333333333333,171.3,2000.2916666665492,5.99,2841.4515779334492,32.549063485113834,1212037.6222399934,99.69527967503404,42525.59876940107,43.528574288507734,,47.155406855244685,,-0.0080804165599423,0.9720743018404012,29.471724703824,-0.02553261894474146,0.036084676941174454,-0.06161729588591591
2000.05,1418.48,16.72,51.59666666666667,171.5,2000.3749999998824,6.44,2754.8597836734693,32.47226297376093,1176255.6603572045,100.20696941205053,42785.84909355828,41.96605050332431,,45.41303810500988,,-0.011844161384851965,1.030618221476396,28.615296645571608,-0.028590545078801655,0.043079974604339544,-0.0716705196831412
2000.06,1461.96,16.7,51.92,172.4,2000.4583333332157,6.1,2824.480855858468,32.26410455336426,1207130.0991855443,100.30852146171694,42869.979171600775,42.78197156707144,,46.24558748583609,,-0.00891602477608509,1.008805131658411,29.337488470435968,-0.03449886843231431,0.04280322546387505,-0.07730209389618936
2000.07,1473,16.583333333333332,52.51333333333334,172.8,2000.541666666549,6.05,2839.2224175347214,31.964542944637337,1214568.7864010816,101.21998181905865,43300.10559167831,42.75809361826958,,46.17072813184031,,-0.008559758370781042,1.0215803230975278,29.52730010200327,-0.03526502139711529,0.04406595456794671,-0.079330975965062
2000.08,1485.46,16.46666666666667,53.10666666666666,172.8,2000.6249999998822,5.83,2863.2391937210646,31.73966676311728,1225974.2075536102,102.36363782793207,43829.79251038761,42.86956549441949,,46.24211352364689,,-0.007362332577598853,1.007116655004377,30.164508778402165,-0.03546947161687586,0.04472352262242163,-0.08019299423929749
2000.09,1468.05,16.35,53.7,173.7,2000.7083333332155,5.8,2815.0196815630397,31.351501511226253,1206446.3709304016,102.97098661485319,44130.76538194378,41.89800792488473,,45.147501501622955,,-0.006842921298466569,1.0093622130195519,30.221774107279153,-0.030766711712898798,0.04515259592756471,-0.07591930764046351
2000.1,1390.14,16.323333333333334,52.46666666666667,174,2000.7916666665487,5.74,2661.029556465517,31.246401412835247,1141566.0423320646,100.43258285440612,43084.98785807352,39.36969904420137,,42.38264022988998,,-0.00515024963216467,1.0062943229539354,30.452122454999756,-0.021143194194269355,0.04545942416370785,-0.0666026183579772
2000.11,1378.04,16.296666666666667,51.23333333333333,174.1,2000.874999999882,5.72,2636.3523862722573,31.17743755983151,1132094.259458227,98.01538459697488,42089.46225042559,38.782142456784776,,41.713360280388,,-0.0047369133566432,1.0418281855632676,30.626196685901153,-0.01795437761898988,0.043035104829429294,-0.060989482448419174
2000.12,1330.93,16.27,50.0,174,2000.9583333332153,5.24,2547.688770617816,31.14430984195402,1095135.0958753675,95.7108477011494,41141.72405293169,37.2742380044972,,40.05987947359604,,0.0010472183525711345,1.010566145799292,31.925572415311777,-0.01125891000713608,0.034031954457221625,-0.045290864464357705
2001.01,1335.63,16.169999999999998,48.48,175.1,2001.0416666665485,5.16,2540.6241731153627,30.758438249571668,1093200.1519561687,92.21824900057108,39680.408022307856,36.978867997029816,,39.71280978944713,,0.002096483874217174,1.0089623559485503,32.06022309687573,-0.008182341341926302,0.03251851024769015,-0.04070085158961645
2001.02,1305.75,16.07,46.96,175.8,2001.1249999998818,5.1,2473.8967523464157,30.446502630830484,1065579.8724628047,88.97123606370874,38322.52024572339,35.83466265143129,,38.458570743648046,,0.003817158867903299,1.02072574956868,32.21875680166827,-0.003040562320055451,0.030151305495649705,-0.033191867815705156
2001.03,1185.85,15.97,45.44,176.2,2001.208333333215,4.89,2241.6317050936436,30.18835293700341,966620.0900503269,85.8959772985244,37039.4374430888,32.32583723617874,,34.675224630315924,,0.009027368740900054,0.9846839467689684,32.81185744549471,0.004624763457356185,0.029037043477599056,-0.02441228002024287
2001.04,1189.84,15.876666666666665,42.556666666666665,176.9,2001.2916666665483,5.14,2240.274000565291,29.89316508856227,967108.8233325168,80.12723885905406,34590.30443164975,32.17390116836069,,34.49609962461753,,0.006928642538125029,0.9851116741752641,32.18146012968986,0.0061390162450449814,0.030234437620741295,-0.024095421375696313
2001.05,1270.37,15.783333333333331,39.67333333333333,177.7,2001.3749999998815,5.39,2381.1305559229036,29.58364671262427,1028979.7527913424,74.36210415494278,32134.777053725968,34.07464321714004,,36.51742856121195,,0.0028549355130883317,1.012969481316578,31.559609130183045,0.00010869349603415124,0.03456839659122668,-0.03445970309519253
2001.06,1238.71,15.69,36.79,178,2001.4583333332148,5.28,2317.8751958567414,29.359141221910107,1002701.9043193599,68.84147900280898,29780.49992323405,33.06853441111277,,35.42685932267449,,0.004718515853947534,1.00748845990805,31.915040687406314,-0.000926174120177814,0.03528599492814699,-0.036212169048324805
2001.07,1204.45,15.706666666666667,33.96333333333333,177.5,2001.541666666548,5.24,2260.116496830986,29.473117558685445,978778.2572029282,63.731238286384965,27599.794270249586,32.163038687444356,,34.448593957650345,,0.005530045551757217,1.0254723068263334,32.24460993707199,0.004465978517983693,0.03438959001731967,-0.029923611499335978
2001.08,1178.5,15.723333333333333,31.136666666666667,177.5,2001.6249999998813,4.97,2211.422052816901,29.504392089201875,958755.1558914325,58.42707791079812,25330.877983826536,31.404318760780136,,33.631390163183056,,0.00868012831268846,1.023109878479575,33.065954534884526,-0.004721467214606867,0.037976183851412326,-0.04269765106601919
2001.09,1044.64,15.74,28.31,178.3,2001.7083333332146,4.73,1951.4423006169377,29.403145401009528,847104.0461013038,52.88456456814357,22956.727241085835,27.66739258686249,,29.631910124299576,,0.015392721950809547,1.0166806203414818,33.67831513664858,0.006728987399654995,0.03905395933774791,-0.03232497193809292
2001.1,1076.59,15.740000000000002,27.103333333333335,177.7,2001.7916666665478,4.57,2017.9170991136743,29.502424451322455,877027.4038209264,50.801400511161134,22079.311593295977,28.577373113360093,,30.610210495719617,,0.015346369150707036,0.9974622864244422,34.35570120979331,0.006439207128410285,0.03579008656663163,-0.029350879438221344
2001.11,1129.68,15.740000000000002,25.896666666666665,177.4,2001.874999999881,4.65,2121.0076319052982,29.552315811724913,922902.9611507356,48.62175805618188,21156.531363395137,30.005103811056806,,32.14309653485233,,0.012409781134990874,0.9696687755818073,34.32646754810244,0.003163881310183969,0.03744476540632058,-0.03428088409613661
2001.12,1144.93,15.74,24.69,176.7,2001.9583333332143,5.09,2158.1557927985286,29.669387804187885,940142.8699695235,46.53984656196943,20273.839850076016,30.49995325502044,,32.67796267493008,,0.00698928363919963,1.008137626359966,33.41716404394907,0.0031054556620515594,0.04094489459517092,-0.03783943893311936
2002.01,1140.21,15.736666666666668,24.69333333333333,177.1,2002.0416666665476,5.04,2144.4044070440427,29.59610716638434,935226.8424934695,46.44100018821757,20254.048082346297,30.27720443309598,,32.44567789769126,,0.007813726902738863,1.0143899309217241,33.61300986765773,0.007890506810802611,0.04014501004843796,-0.032254503237635346
2002.02,1100.67,15.733333333333334,24.69666666666667,177.8,2002.1249999998809,4.91,2061.8913633998873,29.473342707161603,900312.0702349831,46.264405957067865,20201.065800439705,29.085704152008418,,31.17638563797467,,0.010500638782444609,0.9755753810260557,33.96245978623745,0.015422889034006682,0.03878377045814796,-0.023360881424141278
2002.03,1153.79,15.73,24.7,178.8,2002.2083333332141,5.28,2149.3129866470913,29.302293554250554,939550.4016489582,46.0118659116331,20113.621127526905,30.292130640918664,,32.47580925284798,,0.005489876941598651,1.0098121952753996,32.94763237782403,0.013213994035882193,0.039453964822458554,-0.02623997078657636
2002.04,1111.93,15.833333333333332,25.38,179.8,2002.2916666665474,5.21,2059.8147655033367,29.330743650352236,901495.6305976915,47.015638348164615,20576.79809391725,29.005883253118675,,31.104690399704133,,0.008078580810792726,1.0082163411245575,33.08587692618033,0.01706817754005785,0.04000361897021687,-0.02293544143015902
2002.05,1079.25,15.936666666666667,26.06,179.8,2002.3749999998806,5.16,1999.2761106090097,29.522165345754537,876077.0872294864,48.27531660177974,21154.105993236426,28.12810750868833,,30.171984137541504,,0.009507505473918279,1.0223118312731163,33.35772177741096,0.016905259625435543,0.041783162308777655,-0.024877902683342112
2002.06,1014.02,16.04,26.74,179.9,2002.458333333214,4.93,1877.3954640077818,29.697070316842684,823753.7666017106,49.5074601167315,21722.624523115654,26.387672541183353,,28.315227417431323,,0.01384302990426315,1.0263194975144518,34.083037554186035,0.02215370378409598,0.04155159381467488,-0.0193978900305789
2002.07,903.59,15.96,27.84,180.1,2002.5416666665471,4.65,1671.0833412687396,29.51614131038312,734308.4568416994,51.48680288728484,22624.362197980183,23.46312046743144,,25.18961957634525,,0.021261397043573507,1.0353744093209243,34.94124079483884,0.03712354676837282,0.04013012986765507,-0.003006583099282256
2002.08,912.55,15.879999999999999,28.939999999999998,180.7,2002.6249999998804,4.26,1682.0500861234086,29.27067598229109,740199.3153785776,53.343410763696724,23474.185729062552,23.58871352884237,,25.33599707398654,,0.02498399264549686,1.0356261870042687,36.057142808280304,0.03917917619210409,0.03499598919447977,0.004183186997624322
2002.09,867.81,15.8,30.04,181,2002.7083333332137,3.87,1596.9322154005522,29.074946132596683,703808.7511466623,55.279201381215465,24362.953739235243,22.36503680122433,,24.03375401734791,,0.03108292521066376,0.9974865099101702,37.27982896502738,0.04708076722753418,0.03085946496786307,0.01622130225967111
2002.1,854.63,15.89,29.223333333333333,181.3,2002.791666666547,3.94,1570.0762215250963,29.192178088803086,693044.7745602707,53.687397798308496,23698.06637012466,21.95623386365908,,23.606572751994378,,0.0310231200903391,0.9943117974902391,37.12459400811668,0.04851198970971593,0.031196084467564056,0.017315905242151874
2002.11,909.93,15.98,28.406666666666666,181.3,2002.8749999998802,4.05,1671.67014527027,29.357520821842247,738969.0700541949,52.187065591101295,23069.519688334443,23.348396502725127,,25.11435804130032,,0.02706302156563028,1.0050077075830828,36.91342179930586,0.039308477859257396,0.03336370682487799,0.005944771034379404
2002.12,899.18,16.07,27.59,180.9,2002.9583333332134,4.03,1655.573546296296,29.588143518518514,732943.4623339019,50.798810185185175,22489.279260873634,23.101442537685635,,24.86043250426614,,0.027566733863023954,1.0017271449982252,37.18030387689463,0.04268532721554252,0.03238015121089344,0.010305176004649086
2003.01,895.84,16.119999999999997,28.5,181.7,2003.0416666665467,4.05,1642.1617402311501,29.549525866813422,728096.0478080438,52.24326843698403,23163.4414209337,22.898348576613216,,24.65386702783564,,0.027698583136729488,1.0156947309973,37.08053717768712,0.04744039538584022,0.03071833182577688,0.01672206356006334
2003.02,837.03,16.169999999999998,29.41,183.1,2003.12499999988,3.9,1522.6254558301473,29.41454143910431,676183.2693408809,53.49917524576733,23758.46738027945,21.214102123415287,,22.853826114365564,,0.03309362657945211,1.0106729743502778,37.374535132192285,0.056792613215519205,0.02857960265911874,0.028213010556400464
2003.03,846.63,16.22,30.32,184.2,2003.2083333332132,3.81,1530.891579600977,29.329295466883817,680939.57988096,54.82516883821933,24386.19947555687,21.309719026990976,,22.969623651201267,,0.034038561227224685,0.9908896964797959,37.54785834246389,0.05861772461282366,0.02818957461229399,0.030428150000529675
2003.04,890.03,16.203333333333333,31.73,183.8,2003.2916666665465,3.96,1612.8706730821543,29.362921631302132,718492.2114324733,57.499619627312285,25614.594866186955,22.4279395777309,,24.186166302446395,,0.029690936600992923,1.0358298898509803,37.28675611085137,0.05458285044792888,0.031035894362941185,0.02354695608498769
2003.05,935.96,16.186666666666667,33.13999999999999,183.5,2003.3749999998797,3.57,1698.8757877384194,29.3806744777475,757895.9620861711,60.1529377384196,26835.198281481804,23.591080453481485,,25.45002301017635,,0.031083031209145136,1.0232207089359318,38.68587991358263,0.053484219096966434,0.025629169711678612,0.027855049385287822
2003.06,988,16.17,34.55,183.7,2003.458333333213,3.33,1791.3819542732717,29.318467814371257,800254.4124813124,62.64397421066956,27984.605213794875,24.832223259531055,,26.796570516909867,,0.0313339946398063,0.9495882845982989,39.54109690759932,0.046344699938422496,0.01990876832414079,0.026435931614281705
2003.07,992.54,16.310000000000002,35.89333333333333,183.9,2003.5416666665462,3.98,1797.6564427678084,29.540146071234364,804157.0734634532,65.0088479245967,29080.820813449885,24.86732910126878,,26.841910907521076,,0.024888615211161633,0.9656881797177087,37.50692740549986,0.04915123202446314,0.022932504535952747,0.026218727488510396
2003.08,989.53,16.450000000000003,37.236666666666665,184.6,2003.6249999998795,4.45,1785.408818187974,29.680732326652222,799784.7049833044,67.18611161520404,30096.426045255466,24.64225140993215,,26.606108883763614,,0.020661744197436202,1.018239784369447,36.08265085433714,0.049863920737950096,0.025566053596593363,0.024297867141356733
2003.09,1019.44,16.59,38.58,185.2,2003.7083333332127,4.27,1833.416326673866,29.83635805885529,822403.7409349782,69.38436973542116,31123.29938522273,25.24368675260624,,27.26141054955712,,0.02161532975095818,1.0019452235199675,36.62175998622313,0.04806196105592253,0.02354063419314767,0.02452132686277486
2003.1,1038.73,16.85666666666667,41.96666666666667,185,2003.791666666546,4.29,1870.1280883108104,30.34871988738739,840005.743292192,75.55672995495495,33937.82891302744,25.682756070579668,,27.74090541797262,,0.020204667534416597,1.0027688186955976,36.73266560049103,0.04830988276215442,0.025415094467890587,0.022894788294263835
2003.11,1049.9,17.123333333333335,45.35333333333333,184.5,2003.8749999998793,4.3,1895.3611388888887,30.91237314814815,852496.7531153412,81.8753648148148,36825.95429052714,25.946798218420113,,28.030020810957982,,0.019361050279535427,1.0060052418393521,36.93419383725089,0.05095144598184298,0.02439552363329378,0.0265559223485492
2003.12,1080.64,17.39,48.74,184.3,2003.9583333332125,4.27,1952.9724210526315,31.427848684210524,879587.162526303,88.08472368421052,39671.93357781685,26.635170511081522,,28.775402120617276,,0.01855395598795157,1.013300062423557,37.19631381076803,0.049262203353877876,0.02231768240938181,0.026944520944496064
2004.01,1132.52,17.6,49.826666666666675,185.2,2004.0416666665458,4.15,2036.7855472462202,31.652796976241902,918523.2300241849,89.61098659107272,40411.60492353782,27.658540355736566,,29.879678114424973,,0.01858306052754341,1.0091595293478566,37.50786336773957,0.04534764793574708,0.02168357818203437,0.023664069753712713
2004.02,1143.36,17.810000000000002,50.913333333333334,186.2,2004.124999999879,4.08,2045.2373941997848,31.858450523630506,923531.9941282225,91.07354918546366,41124.485954597185,27.6508620367402,,29.869912101543235,,0.019494926722588707,1.024000109950226,37.648134081683594,0.044259838515704475,0.022488257235787845,0.02177158127991663
2004.03,1123.98,18.02,52.0,187.4,2004.2083333332123,3.83,1997.6960166755603,32.02768930096051,903269.7495958979,92.42174493062966,41789.023807351274,26.886530384035854,,29.043714557354278,,0.023332519821487527,0.9613671875383578,38.3048309410559,0.04872228025629455,0.020208304528105625,0.028513975728188923
2004.04,1133.36,18.213333333333335,53.38333333333333,188,2004.2916666665456,4.35,2007.9386452127656,32.267995921985815,909116.8596998388,94.57759053634751,42821.07041038129,26.900577508444883,,29.058291817756942,,0.018301491150888118,0.9743688945497557,36.707480970964106,0.047913877518050985,0.02454671745278758,0.023367160065263404
2004.05,1102.78,18.406666666666666,54.76666666666667,189.1,2004.3749999998788,4.72,1942.3959282125859,32.4208222721664,880664.89669762,96.46398224043716,43735.90457069677,25.90281429294375,,27.98064484323734,,0.016561827151167795,1.003142991174462,35.55857217986401,0.052485493028402885,0.029021302805778193,0.023464190222624692
2004.06,1132.76,18.6,56.15,189.7,2004.458333333212,4.73,1988.8909913020557,32.65773194517659,902979.234957523,98.58772304955191,44759.95271978611,26.4012853664749,,28.517933395288175,,0.015710763876718464,1.0223131387990259,35.557511164384714,0.0529693897626049,0.028692954784053093,0.02427643497855181
2004.07,1105.85,18.78666666666667,56.69,189.4,2004.5416666665453,4.5,1944.7180910110872,33.037727120732136,884174.1923093967,99.69351049366418,45326.07040920532,25.69588864626855,,27.755514536330764,,0.01861170865064675,1.0215024325059134,36.40848884662814,0.056798486103663004,0.02706211412747339,0.029736371976189613
2004.08,1088.94,18.973333333333333,57.23,189.5,2004.6249999998786,4.28,1913.9700755936676,33.34838671943711,871457.9774313918,100.5900301451187,45800.08085697884,25.17446222647777,,27.19250007025967,,0.021258461039960014,1.0157551489126513,37.17173387324351,0.05805633862307724,0.02639807213979939,0.03165826648327785
2004.09,1117.66,19.16,57.77,189.9,2004.7083333332118,4.13,1960.3117821221695,33.60554528699315,893833.1103720784,101.32527929173249,46200.75764203333,25.66840677635769,,27.725340561354145,,0.021935435271590704,1.005882764876544,37.6778489960828,0.057161161741678956,0.02414993972152857,0.03301122202015039
2004.1,1117.21,19.253333333333334,58.03,190.9,2004.791666666545,4.1,1949.2578535227865,33.59235166753972,890069.3191045548,101.2481388816134,46231.883520231044,25.41165566548933,,27.44730222524277,,0.023098591273938776,0.9961239285881944,37.70096828410714,0.055041188283035725,0.026625031104431818,0.028416157178603907
2004.11,1168.94,19.346666666666668,58.29,191,2004.8749999998784,4.19,2038.4462268324605,33.73752260034904,932078.2452384471,101.64852820680626,46478.72509705295,26.465310814818036,,28.582705258099484,,0.020548552436493533,1.0002564602904038,37.53517442060826,0.05660356170077252,0.027558012304415236,0.029045549396357284
2004.12,1199.21,19.44,58.55,190.3,2004.9583333332116,4.23,2098.924706975827,34.02498003152916,961028.4836651876,102.47749901471359,46921.07113732935,27.144808694741226,,29.312639184857165,,0.018826546160026034,1.0043341768892575,37.682905591944504,0.05464333817142597,0.02902830085357011,0.02561503731785586
2005.01,1181.41,19.703333333333333,59.10666666666666,190.7,2005.0416666665449,4.22,2063.4329259963297,34.41354546844957,946091.0353447001,103.23481445551477,47333.51458210167,26.587250697970383,,28.70735652406561,,0.019504478510848446,1.0075719517031356,37.766846163516355,0.055618116303462584,0.03249955449179809,0.023118561811664495
2005.02,1199.63,19.96666666666667,59.663333333333334,191.8,2005.1249999998781,4.17,2083.2391173748697,34.673475191171356,956497.0672090062,103.60943780413623,47571.17057196524,26.744863128101183,,28.87411008120948,,0.01996385657866087,0.9771159312883544,37.83457664844546,0.056951922024699675,0.031098001625380567,0.025853920399319108
2005.03,1194.9,20.23,60.22,193.3,2005.2083333332114,4.5,2058.9230412571133,34.85815810915675,946666.329030554,103.7646209260217,47709.63790628501,26.339142131057926,,28.433346549933503,,0.01769901524712502,1.0166250288760423,36.681891490201565,0.05747722068716454,0.03329311854292594,0.024184102144238606
2005.04,1164.43,20.46333333333333,61.23333333333333,194.6,2005.2916666665446,4.34,1993.0167868062692,35.0246617206235,917705.4717741585,104.80583740150736,48258.94648452116,25.408922569114463,,27.42797164428461,,0.021038014357879532,1.01986042663239,37.04260644820792,0.0614817757626529,0.033173380546325903,0.028308395216326998
2005.05,1178.28,20.696666666666665,62.24666666666667,194.4,2005.374999999878,4.14,2018.797006944444,35.460475201474615,930936.9233450935,106.64984923696844,49179.923579415976,25.650230187182963,,27.68699539199909,,0.022360152666665634,1.0148949310235778,37.81715496771321,0.06045840046687956,0.028273076400222363,0.032185324066657195
2005.06,1202.25,20.93,63.26,194.5,2005.4583333332112,4,2058.8067657455013,35.841817930591255,950764.1278305518,108.33031066838045,50027.31439098415,26.068394871883992,,28.136067840768238,,0.02298569437114533,0.9887410843788,38.36070600900383,0.05739561952077854,0.025178020891750252,0.03221759862902829
2005.07,1222.24,21.11,64.33,195.4,2005.5416666665444,4.18,2083.398465711361,35.98355610286591,963505.4380565643,109.65524225946774,50712.057231132,26.287871091254743,,28.36990506263925,,0.02133855847262455,0.9970219160367334,37.75410838312654,0.05589881643984551,0.027370579299674125,0.028528237140171386
2005.08,1224.27,21.29,65.39999999999999,196.4,2005.6249999998777,4.26,2076.233197110488,36.10560151476577,961583.2037627702,110.91152367617104,51367.37935756424,26.104381410936142,,28.168980742317412,,0.02106072988460471,1.0084095692450887,37.45001526313651,0.05367133107334898,0.029910745051840548,0.023760586021508434
2005.09,1225.92,21.47,66.47,198.8,2005.708333333211,4.2,2053.9324527162976,35.971294831488926,952643.1811024722,111.36525232645873,51652.793206637725,25.730122990164464,,27.762463408465553,,0.023262867961467405,0.982693855169831,37.30903882499648,0.04996802399340727,0.030645968380443867,0.019322055612963407
2005.1,1191.96,21.72,67.58999999999999,199.2,2005.7916666665442,4.46,1993.0250353915662,36.31707756024096,925797.1500355295,113.01433113704817,52497.256091564675,24.876538723647954,,26.84054270186345,,0.021868312584124666,0.9973383724476744,36.58974198438052,0.057482359500422575,0.033807301290092795,0.02367505821032978
2005.11,1237.37,21.97,68.71,197.6,2005.8749999998774,4.54,2085.7057997849183,37.03254194078947,970282.6119738807,115.8172943446356,53878.886888097615,25.931783309069,,27.977205472367203,,0.018671943606583974,1.0093824010189034,36.787838364480244,0.05580180903516663,0.0318921225949349,0.023909686440231726
2005.12,1262.07,22.22,69.83,196.8,2005.9583333332107,4.47,2135.9877421874994,37.606192708333325,995131.9526569215,118.1836380208333,55060.38829386074,26.443803114292404,,28.527159043907634,,0.018276088055812587,1.007733584168787,37.283943757352425,0.05232928689348548,0.03124029164453046,0.021088995248955023
2006.01,1278.73,22.406666666666666,70.77666666666666,198.3,2006.041666666544,4.42,2147.813395549672,37.63526218692216,1002102.5403418319,118.87972657169269,55465.56150523857,26.46870262668571,,28.55131189134448,,0.01891962301640241,0.9917405642631943,37.28807439047053,0.044469015754845964,0.032624382721495815,0.01184463303335015
2006.02,1276.65,22.593333333333334,71.72333333333334,198.7,2006.1249999998772,4.57,2140.003034411173,37.872401904042945,999930.9766632551,120.22727526841135,56177.01229745365,26.249624763583284,,28.312953220671446,,0.017610058371500786,0.9919477500426938,36.905651857911145,0.044034553541299815,0.03665446149791696,0.007380092043382858
2006.03,1293.74,22.78,72.67,199.8,2006.2083333332105,4.72,2156.710877502502,37.975075200200195,1009216.506034105,121.14349055305304,56688.178067848574,26.32783777866768,,28.395073733976638,,0.016034756518481318,0.9828469977407724,36.40693014535123,0.04907387703197852,0.03673907942001642,0.0123347976119621
2006.04,1302.17,23.0,73.27666666666666,201.5,2006.2916666665437,4.99,2152.4498513027293,38.018343672456574,1008705.1241016604,121.12423897849459,56762.59562403987,26.147280943874517,,28.19840385660736,,0.014071468701830257,0.9948378771081009,35.480555382954016,0.05156354433034416,0.03983710065412427,0.011726443676219889
2006.05,1290.01,23.22,73.88333333333333,202.5,2006.374999999877,5.11,2121.8195962345676,38.19245666666666,995842.3460623809,121.52394516460903,57035.33461103059,25.650640708757322,,27.661895284857195,,0.013923101060018143,1.0042583333333333,35.12309224569169,0.05216896040236829,0.04062721581608253,0.011541744586285763
2006.06,1253.17,23.44,74.49,202.9,2006.4583333332102,5.11,2057.161317336126,38.47830803351404,967000.9411598169,122.28025449728928,57479.75143595422,24.749582241646372,,26.690943997751585,,0.015479427109228179,1.0058131617159785,35.20312105093484,0.05604032989198093,0.04180989943973534,0.01423043045224559
2006.07,1260.24,23.66,75.85,203.5,2006.5416666665435,5.09,2062.6676299754295,38.7249382063882,971106.2084883202,124.14567045454542,58447.91937554679,24.696786766853297,,26.63487402222697,,0.015872540365558532,1.020724969466718,35.30336613519951,0.059195500626261666,0.04315829737043342,0.016037203255828247
2006.08,1287.15,23.88,77.21,203.9,2006.6249999998768,4.88,2102.57909422511,39.00834306032368,991427.0010666591,126.12370886463951,59470.98531822767,25.051393562010954,,27.01741890997331,,0.017404992388477432,1.0167179555100156,35.9643357513794,0.05816868740755532,0.04068520751384819,0.017483479893707132
2006.09,1317.74,24.1,78.57,202.9,2006.70833333321,4.72,2163.157236692952,39.561741621488416,1021545.893872521,128.97784395022177,60909.48205379207,25.644156440797385,,27.655917575274074,,0.0172523585685797,1.003142991174462,36.745800731186186,0.05429051574434407,0.03766992760079213,0.01662058814355194
2006.1,1363.38,24.36,79.55,201.8,2006.7916666665433,4.73,2250.2779448711594,40.206524033696724,1064270.7287901153,131.29839847621403,62097.681112568505,26.538040282101722,,28.61766020200831,,0.014957394479780735,1.0142777659341806,37.06222120835708,0.049317312443853734,0.03556162021315923,0.013755692230694505
2006.11,1388.64,24.619999999999997,80.53,201.5,2006.8749999998765,4.6,2295.382293796526,40.696157444168726,1087206.8061675245,133.1137919975186,63049.28858499737,26.928020270856482,,29.034995488566953,,0.01536531799292988,1.0070195403693385,37.64735425322161,0.04849740791736834,0.03069499460673497,0.01780241331063337
2006.12,1416.42,24.88,81.51,201.8,2006.9583333332098,4.56,2337.821213949455,41.06479137760158,1108928.8419091878,134.5334061570862,63814.96300815993,27.282689787571684,,29.413282471660676,,0.015434945553057966,0.9880149324404021,37.85526118584974,0.05044935476995094,0.02707277331162694,0.023376581458323997
2007.01,1424.16,25.083333333333332,82.05666666666667,202.416,2007.041666666543,4.76,2343.442770334361,41.27440467074407,1113226.905464841,135.02352422321687,64141.45117549525,27.207536656807125,,29.327838512792738,,0.01352597188215282,1.007129488877504,37.287741475929344,0.05093299693814024,0.02878172714973748,0.02215126978840276
2007.02,1444.8,25.286666666666665,82.60333333333334,203.499,2007.1249999998763,4.72,2364.753409107661,41.38754928361646,1124988.6837290605,135.1996913784998,64318.80899660818,27.3151814135166,,29.439186629440336,,0.014006346214000487,1.0166781614773537,37.35372784037164,0.05217330380144869,0.028575207773221756,0.023598096028226934
2007.03,1406.95,25.49,83.15,205.352,2007.2083333332096,4.56,2282.023610982605,41.34388702082278,1087270.528451487,134.86638704517122,64257.11250630169,26.227605554650886,,28.264070221688105,,0.01779692902072759,0.9935066372154723,37.63403526629062,0.05751495536656459,0.027388173170267205,0.030126782196297386
2007.04,1463.64,25.71666666666667,83.74000000000001,206.686,2007.2916666665428,4.69,2358.6506267962027,41.44231638411245,1125424.9160724315,134.94671058997707,64389.52370248519,26.97626831418908,,29.066642443029867,,0.015974721669373616,0.9991706369032569,37.14834214813251,0.05340049996171836,0.03025673094563075,0.023143769016087612
2007.05,1511.14,25.943333333333335,84.33000000000001,207.949,2007.374999999876,4.75,2420.4062850747055,41.55366614330116,1156543.76144269,135.07210584085522,64541.56160412805,27.548490451851258,,29.678159305539165,,0.01529394924756413,0.9767612569667901,36.89209546732847,0.05220684360024097,0.03107944176870836,0.02112740183153261
2007.06,1514.19,26.17,84.92,208.352,2007.4583333332093,5.1,2420.6004334611616,41.83564370632391,1158302.393396041,135.7540261192597,64960.8300458937,27.4182627404106,,29.533318152944663,,0.012036950871557858,1.0120561824406615,35.96507012767425,0.053806547068823596,0.03481748423950193,0.018989062829321668
2007.07,1520.71,26.440000000000005,82.81333333333333,208.299,2007.5416666665426,5,2431.6419299300524,42.27802317821977,1165271.8569113733,132.41997073117648,63457.23162887983,27.41008816720433,,29.520310708990625,,0.012893722157572625,1.0303200256980465,36.407932922943466,0.0542842748564365,0.03261806599961048,0.02166620885682602
2007.08,1454.62,26.71,80.70666666666666,207.917,2007.6249999998759,4.67,2330.236287677294,42.788227333503265,1118385.7810658219,129.28847625093985,62051.386917008516,26.148607189312322,,28.16088433900691,,0.0175737492485138,1.0158620078148781,37.58074179084568,0.058569534818487146,0.030241430147207815,0.02832810467127933
2007.09,1497.12,26.98,78.6,208.49,2007.708333333209,4.52,2391.7280090172185,43.10197023838073,1149622.3212136868,125.56763753657246,60356.09333079231,26.72574304769692,,28.781596977212033,,0.018275363450433908,1.0029690120248937,38.07192511047276,0.056832789146238794,0.02864186537237856,0.028190923773860233
2007.1,1539.66,27.230000000000004,74.46000000000001,208.936,2007.7916666665424,4.53,2454.4373871664047,43.408499313186816,1181503.33592801,118.6998479199372,57139.06862112391,27.32064813046202,,29.421547626363,,0.01732557871025584,1.034623808785709,38.10345054296361,0.056861010367949216,0.027349383691839924,0.029511626676109293
2007.11,1463.39,27.480000000000004,70.32000000000001,210.177,2007.8749999998756,4.15,2319.0777059930438,43.548374227436874,1118091.5727197563,111.43819780470747,53727.44066424758,25.729053579498373,,27.71103914337949,,0.024061140157559058,1.007526830349796,39.18996371967102,0.06438278638473038,0.024754117422086885,0.0396286689626435
2007.12,1479.22,27.73,66.18,210.036,2007.9583333332089,4.1,2345.737647236664,43.97405724494848,1132711.8277668664,104.94782215905845,50677.295305371226,25.955510105240226,,27.959981545763835,,0.024280362312110393,1.0332059347690226,39.51144670079425,0.06609052562655804,0.023726298391638645,0.042364227234919394
2008.01,1378.76,27.92,64.25,211.08,2008.0416666665421,3.74,2175.6147600435847,44.05637246541595,1052335.5721906235,101.38330698076557,49038.672802552705,24.022317760836813,,25.886705943137216,,0.03129920745408556,1.0031166666666667,40.621548708280386,0.07849189404019086,0.018929027834309498,0.05956286620588136
2008.02,1354.87,28.11,62.32,211.693,2008.1249999998754,3.74,2131.7267536597806,44.22774070233781,1032889.8616330242,98.05310567661658,47509.86897412303,23.495263401811776,,25.329469431905377,,0.032340374978085375,1.0223551030241986,40.63015799816879,0.07685881821312357,0.016183304288415634,0.060675513924707936
2008.03,1316.94,28.3,60.39,213.528,2008.2083333332087,3.51,2054.2418058755757,44.14403321812596,997128.3567867577,94.19993519585252,45724.6203064318,22.606810842249327,,24.38405179883034,,0.03700968168657176,0.9888182670365642,41.18147953270464,0.08048685746650142,0.015001668304679638,0.06548518916182178
2008.04,1370.47,28.436666666666667,57.383333333333326,214.823,2008.291666666542,3.68,2124.854331996574,44.08981907973851,1033187.0878792842,88.97037105353397,43260.86602368013,23.3560406432016,,25.204092441252214,,0.034322355344470326,0.9866250178630205,40.47552414140537,0.0744250375074964,0.01633261635775618,0.058092421149740225
2008.05,1403.22,28.573333333333334,54.376666666666665,216.632,2008.3749999998752,3.88,2157.464028744599,43.93177039095486,1050823.3066144015,83.60463956925415,40720.81973556233,23.69643211662317,,25.58364787805181,,0.032380178781063015,0.9853319464608985,39.60069181646404,0.07424889896323483,0.017448841256749503,0.05680005770648533
2008.06,1341.25,28.71,51.37,218.815,2008.4583333332084,4.1,2041.6112569407944,43.70151663505701,996169.3656177333,78.1939014121518,38153.379542801835,22.41681280228193,,24.21673551565437,,0.033494886255305924,1.0107706962630596,38.63054684654873,0.08209135221871722,0.02064221025532742,0.0614491419633898
2008.07,1257.33,28.756666666666668,49.56333333333333,219.964,2008.5416666665417,4.01,1903.8734433248164,43.54390174831639,930733.0924084593,75.0497594871585,36689.04305425354,20.90720646266157,,22.60317738564225,,0.038029082463546804,1.0132020522151037,38.842661485403084,0.0911727689439632,0.020498899592648057,0.07067386935131514
2008.08,1281.47,28.803333333333335,47.75666666666667,219.086,2008.624999999875,3.89,1948.2030728230009,43.78935324864817,954188.1194841155,72.60387269915314,35559.82111129906,21.401617360047922,,23.155126607759264,,0.037586008022024414,1.0198300499840234,39.51318366301651,0.09103986829691846,0.018942279635364212,0.07209758866155425
2008.09,1216.95,28.85,45.95,218.783,2008.7083333332082,3.69,1852.6763965321804,43.9210436254188,909193.8325273695,69.95396723008643,34329.64099152194,20.362733946097514,,22.05037387102863,,0.041701440614025406,0.9931777008662961,40.35254038159269,0.09802427792433543,0.015968976270918533,0.0820553016534169
2008.1,968.8,28.696666666666665,35.593333333333334,216.573,2008.7916666665415,3.81,1489.9449562041432,44.1334163499913,732989.6287828565,54.739995328749806,26929.752464021964,16.38735654878983,,17.77010791095577,,0.05111897773667283,1.0265737057388291,40.48620796034077,0.11734462068573004,0.014406924360982343,0.1029376963247477
2008.11,883.04,28.543333333333333,25.236666666666668,212.425,2008.8749999998747,3.53,1384.5707623867245,44.754784374877396,682984.7892301029,39.57006568985132,19519.228420234303,15.25965940570458,,16.575738507639606,,0.05644210976560479,1.100717487658453,42.373654710520576,0.1232877349303918,0.010656217325840434,0.11263151760455137
2008.12,877.56,28.39,14.88,210.228,2008.958333333208,2.42,1390.3580876476965,44.97956391394105,687688.5466198396,23.5750585079057,11660.51959262411,15.376080747423767,,16.732842670212044,,0.06604212911453508,0.9932501103959891,47.128851670167116,0.11646979702600313,0.0030158747949355913,0.11345392223106754
2009.01,865.58,28.013333333333335,12.206666666666667,211.143,2009.0416666665412,2.52,1365.4346889311983,44.19045852021299,677182.5506318783,19.255766194790574,9549.829788172625,15.174651936879668,,16.545978292697015,,0.06610078491430063,0.9719249427740881,46.607880176717,0.11990380141313683,0.005216205961303011,0.11468759545183382
2009.02,805.23,27.63666666666667,9.533333333333333,212.193,2009.1249999998745,2.87,1263.9482721508248,43.380546031992886,628643.5869063002,14.964221644132147,7442.679559678677,14.122181801918893,,15.431495098996713,,0.06789599198129281,1.0067126526027683,45.07520529606027,0.13419728561579225,0.008647385664905638,0.1255498999508866
2009.03,757.13,27.26,6.86,212.709,2009.2083333332077,2.82,1185.563978663338,42.68550190636034,591427.1750225279,10.74183943791753,5358.64438161814,13.323667656863929,,14.592703772466324,,0.07257764095499662,0.9928934087963497,45.267699831066764,0.14270204314620272,0.008838732357145496,0.13386331078905722
2009.04,848.15,26.703333333333333,7.076666666666666,213.24,2009.291666666541,2.93,1324.7819408295813,41.70971380056899,662610.996207105,11.053516714343772,5528.59417535296,14.981866453039245,,16.441219972398432,,0.0626831639484654,0.9720157544991832,44.83407842250003,0.13332895853557436,0.009845542808402996,0.12348341572717136
2009.05,902.41,26.14666666666667,7.293333333333333,213.856,2009.3749999998743,3.29,1405.4741636311348,40.722581160531696,704667.8471690996,11.359128962167686,5695.169045873419,15.996355755263153,,17.585230774696505,,0.055145826881175114,0.9671267140263349,43.45390250311703,0.12440077540897687,0.014158755547390545,0.11024201986158633
2009.06,926.12,25.59,7.51,215.693,2009.4583333332075,3.72,1430.1171635148103,39.51615148614002,718674.2304250567,11.596963566272432,5827.801440949526,16.384182816215343,,18.04071708129973,,0.05024359736146321,1.0164518630076158,41.66751051324439,0.12373531710759544,0.021664392570096558,0.10207092453749889
2009.07,935.82,25.026666666666664,9.186666666666667,215.351,2009.5416666665408,3.56,1447.3908954451106,38.707624838829,728975.7409715225,14.208606027678844,7156.138082528392,16.694620816995617,,18.410569541960598,,0.05023756481696085,1.0004667153457725,42.42027972884882,0.12617285794027744,0.023778419341503154,0.10239443859877428
2009.08,1009.73,24.46333333333333,10.863333333333333,215.834,2009.624999999874,3.59,1558.2093534267074,37.75167105661449,786373.715133408,16.764231635577957,8460.320870000814,18.09406980157608,,19.979249781377383,,0.045288721336082284,1.0189667410869547,42.34510420550541,0.1141228756118684,0.024104218349018547,0.09001865726284985
2009.09,1044.55,23.9,12.54,215.969,2009.7083333332073,3.4,1610.9357619033287,36.859283624038625,814533.0203039816,19.339557181817757,9778.607127099638,18.83190226484008,,20.81718057648997,,0.04459761953591003,1.003674522779502,43.12128130433668,0.11350254571629592,0.02165082314327038,0.09185172257302554
2009.1,1067.66,23.403333333333332,25.349999999999998,216.177,2009.7916666665406,3.39,1644.992390147888,36.058581605967944,833272.3297338991,39.057899603103,19784.81310412897,19.358008443486835,,21.42001871830509,,0.04317009778018655,1.0019842066094584,43.238088780194055,0.11073097359151762,0.021192844126104893,0.08953812946541273
2009.11,1088.07,22.906666666666666,38.16,216.33,2009.8749999998738,3.4,1675.2533405560946,35.26838333410375,850089.8097464868,58.75326723061987,29813.731781894487,19.81276107996605,,21.938367056892975,,0.041896014709401866,0.9870003083010039,43.29324114446721,0.11339393605862647,0.020333961691598956,0.09305997436702751
2009.12,1110.38,22.41,50.97,215.949,2009.958333333207,3.59,1712.6193245858974,34.56456263978995,870512.4069142267,78.61471475904031,39959.30886761121,20.322376500216528,,22.511278992034374,,0.03854959650499105,0.9914015277531876,42.80583190974063,0.11356901199859681,0.02127426624202111,0.0922947457565757
2010.01,1123.58,22.24,54.28999999999999,216.687,2010.0416666665403,3.73,1727.0764006377858,34.18553120399469,879308.8595810698,83.45020184644207,42487.11973037636,20.527859801454397,,22.741430277197455,,0.036702678750251315,1.0064260099968045,42.293231152403486,0.1156869295242009,0.023192198999803626,0.09249473052439727
2010.02,1089.16,22.07,57.61,216.741,2010.1249999998736,3.69,1673.7516462044557,33.91576887852321,853598.5169539099,88.531374947518,45150.21719647688,19.920539306600425,,22.07037780464018,,0.03800794407364611,0.999763531739006,42.554403007216735,0.11883422247401376,0.02485106478725796,0.0939831576867558
2010.03,1152.05,21.9,60.93,217.631,2010.2083333332068,3.73,1763.156966091687,33.51689384784336,900618.8815833441,93.2504265821505,47632.22816273004,21.004601209715346,,23.26919947297298,,0.03459570815052712,0.9932295149287379,42.37035554811409,0.08999583185277293,0.031617360277725215,0.05837847157504772
2010.04,1197.32,21.946666666666665,62.986666666666665,218.009,2010.29166666654,3.85,1829.2632980748501,33.53007704574887,935813.1932698977,96.23091370845546,49229.74114418866,21.80484559962515,,24.150482266532848,,0.03176640457611755,1.039328421597483,42.01052024969926,0.09115798575882406,0.03532763628668212,0.05583034947214194
2010.05,1125.06,21.993333333333332,65.04333333333332,218.178,2010.3749999998734,3.42,1717.5331755493216,33.575346773429644,880085.7490692352,99.2961111836818,50880.58480314527,20.48006863842339,,22.67962801458345,,0.03899284791518771,1.021522802556818,43.62890668857576,0.10417436781651523,0.03137727667992474,0.0727970911365905
2010.06,1083.36,22.04,67.1,217.965,2010.4583333332066,3.2,1655.4895409813498,33.67946895143715,849731.9538951231,102.53595129952055,52629.79444170245,19.742039853739445,,21.859418086479803,,0.04238219488690165,1.01893888508605,44.611475748375675,0.11445705377866222,0.027987409428008148,0.08646964435065407
2010.07,1079.8,22.143333333333334,68.68666666666667,218.011,2010.5416666665399,3.01,1649.701323557068,33.83023366175713,848208.0054235642,104.93840054706719,53954.97363634613,19.668660470717697,,21.77465601506824,,0.044255547690110766,1.0294520196577643,45.44677613451015,0.11790785238337098,0.02670601044004761,0.09120184194332337
2010.08,1087.28,22.246666666666666,70.27333333333333,218.312,2010.6249999998731,2.7,1658.8388494448309,33.94124322834597,854360.4072641431,107.214457557685,55219.22015164037,19.770299174358563,,21.882717641224726,,0.04723539354586328,1.006606134301999,46.72076978070981,0.12316107219014527,0.02330691784663852,0.09985415434350675
2010.09,1122.08,22.35,71.86,218.439,2010.7083333332064,2.65,1710.9371192873066,34.07907156002362,882655.5104990659,109.57145782117661,56526.82962396876,20.381395233204014,,22.55261472712169,,0.045746695534279916,1.0118423248854442,47.00207065315636,0.11864716983627432,0.022311539911794798,0.09633562992447953
2010.1,1171.58,22.476666666666667,73.69,218.711,2010.7916666665396,2.54,1784.1925830205153,34.22958906578391,921918.8373616275,112.22208593760713,57986.82046909159,21.240127651759405,,23.493816810047193,,0.04481380288733911,0.9830499418403623,47.49953807210908,0.11564998089743628,0.0201756368609185,0.09547434403651778
2010.11,1198.89,22.603333333333335,75.52,218.803,2010.874999999873,2.76,1825.0151421027135,34.40801541036153,944494.0550749069,114.96062485432098,59495.19225221409,21.7007238277606,,23.993185849903508,,0.04159876370556096,0.9575062959756493,46.67478455802403,0.11734634061825444,0.021315070488141297,0.09603127013011314
2010.12,1241.53,22.73,77.35,219.179,2010.9583333332062,3.29,1886.6819030906242,34.54147677240976,977897.9281156472,117.54435672441244,60925.152625989955,22.396379773044195,,24.750553777970627,,0.0351019004482638,0.9943297722049775,44.614732301828184,0.11801886562262776,0.025329539767073417,0.09268932585555434
2011.01,1282.62,22.963333333333335,78.67,220.223,2011.0416666665394,3.39,1939.8839050644115,34.7306300696718,1006973.5122637661,118.98353901499841,61763.11472594415,22.978299430554966,,25.380551443716644,,0.03281253944888063,0.9869845423729295,44.15145307843304,0.11735056505854025,0.024589398477465663,0.09276116658107458
2011.02,1321.12,23.196666666666665,79.99000000000001,221.309,2011.1249999998727,3.58,1988.3077172640965,34.91137167565108,1033619.9857936943,120.38628913645627,62582.70457160411,23.489828703298514,,25.93189152357247,,0.03005994555365312,1.0172700924103824,43.36296311202653,0.11657182162075608,0.02423718503373551,0.09233463658702057
2011.03,1304.49,23.43,81.31,223.467,2011.208333333206,3.41,1944.3200836700717,34.92201516331269,1012265.902063522,121.19116743188032,63095.41698041762,22.899336430143624,,25.267990036105864,,0.033618415146610445,0.9986495543418403,43.6858615098617,0.11903020592699298,0.01953879574426054,0.09949141018273244
2011.04,1331.51,23.733333333333334,82.16333333333334,224.906,2011.2916666665392,3.46,1971.8950533222765,35.1477965609336,1028147.0892480002,121.67949963910849,63443.75333987718,23.14392944728593,,25.52606103356167,,0.03290822396948333,1.0275324139969944,43.3477314655683,0.12292232877039755,0.019353414887507636,0.10356891388288991
2011.05,1338.31,24.036666666666665,83.01666666666667,225.964,2011.3749999998724,3.17,1972.6856063908406,35.43034600275559,1030098.7340660167,122.36760049904703,63898.02305871871,23.059491506095327,,25.42275141049592,,0.03598498252271459,1.0172079264743594,44.33265005467247,0.12266336224044849,0.016578487443136503,0.10608487479731199
2011.06,1287.29,24.34,83.87,225.722,2011.4583333332057,3,1899.515809878966,35.9159278891734,993453.7485682749,123.75796516289948,64725.87054387218,22.10083128661098,,24.359226657703818,,0.03928355398486968,1.0025,45.143870635489286,0.12771753734754654,0.014863335423374924,0.11285420192417162
2011.07,1325.19,24.619999999999997,84.90666666666667,225.922,2011.541666666539,3,1953.7096996419116,36.296933122936224,1023379.3045063919,125.17675067796259,65569.25835637862,22.610981701156618,,24.91508907841195,,0.038641504124610926,1.0645164336237931,45.216666280853,0.12723865357579878,0.016208166046813854,0.11103048752898492
2011.08,1185.31,24.9,85.94333333333334,226.545,2011.6249999998722,2.3,1742.6809093667923,36.60878136794014,914437.612251059,126.35665461975914,66303.17513750006,20.049852721660493,,22.09261871212079,,0.05157302652726256,1.0307073647848104,48.00151588215755,0.1422302518538705,0.010430351899859192,0.1317998999540113
2011.09,1173.88,25.18,86.98,226.889,2011.7083333332055,1.98,1723.2594513176045,36.96431746360554,905862.9415843731,127.6869075847661,67120.9652255842,19.698114568877706,,21.706400031075074,,0.05535835455144062,0.9864798281678909,49.400503148048266,0.14290119686247293,0.0065234102391205084,0.13637778662335243
2011.1,1207.22,25.596666666666664,86.97,226.421,2011.7916666665387,2.15,1775.8657212670203,37.65365294812171,935165.8368266604,127.93611916518343,67370.79639901148,20.15582478668875,,22.21266816349395,,0.05263931624005204,1.0143693635798472,48.833327513485166,0.1388407291884095,0.005013294330262763,0.13382743485814674
2011.11,1226.42,26.013333333333335,86.96000000000001,226.23,2011.874999999872,2.01,1805.6328005790567,38.2988926461271,952521.7701037074,128.02940945055917,67539.09193279497,20.345246797645817,,22.42388876999821,,0.0536640488217246,1.004374127948576,49.57685246696635,0.14147135410418943,0.0033198404340519794,0.13815151367013745
2011.12,1243.32,26.43,86.95,225.672,2011.9583333332052,1.98,1835.0404784377322,39.00855760794427,969749.9841609077,128.33121770755787,67818.22951677039,20.523575499431693,,22.623608815264824,,0.05368904955454708,1.0025501440208808,49.91682863827565,0.1393802891554834,0.0032849756444806033,0.1360953135110028
2012.01,1300.58,26.736666666666668,87.48,226.665,2012.0416666665385,1.97,1911.14224858271,39.288296954389374,1011697.1110733402,128.54782013103036,68049.07293414923,21.21300809180345,,23.386046013731434,,0.05242371612296644,1.0016416666666668,49.824884709754606,0.13126854152476009,7.928194664552635e-05,0.13118925957811456
2012.02,1352.49,27.043333333333337,88.01,227.663,2012.1249999998718,1.97,1978.7093912383652,39.564727012440905,1049210.33634457,128.75970507943757,68274.8129018962,21.797435963717525,,24.03193226064423,,0.0512057600956493,0.9838115829993329,49.6879060261019,0.12282176668922729,-0.0019490135365755057,0.12477078022580279
2012.03,1389.24,27.35,88.54,229.392,2012.208333333205,2.17,2017.1556830665409,39.71179057029016,1071351.2406141192,128.55875455552066,68280.09475970612,22.053943972904698,,24.315942005487827,,0.048872819302674717,1.0125684261707941,48.51508681251863,0.11799260850579563,-0.0025243235935009656,0.12051693209929659
2012.04,1386.43,27.673333333333332,88.33333333333334,230.085,2012.2916666665383,2.05,2007.0123615728967,40.06024255528753,1067736.9876767003,127.87237144243794,68028.51009050239,21.779246906824884,,24.015130965765515,,0.05038222012284447,1.0243977858120352,48.976884486240564,0.11788165486930291,-0.00932621721997784,0.12720787208928075
2012.05,1341.27,27.996666666666666,88.12666666666667,229.815,2012.3749999998715,1.8,1943.9193641080867,40.57591869184633,1035970.1880075725,127.72307874449737,68067.27909753246,20.941467419743468,,23.095237989596892,,0.05459875443949013,1.0179797396872907,50.230756780313044,0.11088943740564572,-0.013963687404937475,0.1248531248105832
2012.06,1323.48,28.32,87.92,229.478,2012.4583333332048,1.62,1920.9529743591975,41.10480568943427,1025556.2363248979,127.61068206974088,68128.6489389224,20.547504086856083,,22.665536337915768,,0.05710696444269778,1.009626024902085,51.2089854081771,0.1066982746530154,-0.018990050147513204,0.1256883248005286
2012.07,1359.78,28.743333333333332,87.44666666666667,229.104,2012.541666666538,1.53,1976.8621402288913,41.787353432647755,1057264.0750631522,127.13086280321016,67992.04220586353,20.99934129338056,,23.168289603671184,,0.05667885353740199,0.987581856773907,51.78632499724313,0.10385926245499943,-0.01782010116314514,0.12167936361814458
2012.08,1403.45,29.166666666666664,86.97333333333333,230.379,2012.6249999998713,1.68,2029.05800631785,42.16812748413121,1087058.7937113873,125.74294655039448,67366.22381872652,21.410428453442925,,23.625464836831146,,0.0544923442645206,0.9977555779975706,50.860189993820796,0.10773537236902442,-0.015773679081037995,0.12350905145006241
2012.09,1443.42,29.59,86.5,231.407,2012.7083333332046,1.72,2077.574629224699,42.59012157151684,1114952.814111068,124.5030590042652,66815.9083431069,21.783690301727674,,24.04058910875292,,0.0535782901870353,0.9987039917219532,50.520604602725506,0.09638058344793432,-0.020303581951340743,0.11668416539927506
2012.1,1437.82,30.14333333333333,86.50333333333333,231.317,2012.7916666665378,1.75,2070.319514886497,43.40343801291445,1113000.3557116762,124.55629988644729,66961.26133330021,21.577109654528776,,23.816813659366243,,0.0535082223728747,1.010600406643651,50.47476038422527,0.09269382745681232,-0.024064601069763936,0.11675842852657625
2012.11,1394.51,30.696666666666665,86.50666666666667,230.221,2012.874999999871,1.65,2017.5165389451872,44.410604936850525,1086603.151952541,125.15409048986264,67406.05421611019,20.898162059573696,,23.07393534239162,,0.05552737765751055,0.9949972614957486,51.252652882237626,0.10108790636910037,-0.024418648856516456,0.12550655522561682
2012.12,1422.29,31.25,86.51,229.601,2012.9583333332043,1.72,2063.2639399980835,45.333228894908984,1113276.641325586,125.49688421435445,67714.43393476466,21.23826113984561,,23.456313867189635,,0.054011137971734804,0.9842809259179259,51.13395630418523,0.09877182870521883,-0.021411373169075598,0.12018320187429443
2013.01,1480.4,31.536666666666665,86.90666666666667,230.28,2013.0416666665376,1.91,2141.229718169185,45.614190677291404,1157395.6925266865,125.70057915002025,67944.74577941945,21.9004754138218,,24.193771416596867,,0.050537938236435154,0.9952937014533227,50.18177508306858,0.0951355801015421,-0.019323204210377476,0.11445878431191958
2013.02,1512.31,31.82333333333333,87.30333333333334,232.166,2013.1249999998709,1.98,2169.614684589905,45.65490627754853,1174795.0574215811,125.24852312928392,67819.11413429044,22.052724336861935,,24.367396962422973,,0.04957197496696168,1.0034511580252754,49.53987165618511,0.09628668508926652,-0.020113744427384672,0.1164004295166512
2013.03,1550.83,32.11,87.7,232.773,2013.208333333204,1.96,2219.075080496879,45.94604233523646,1203649.917095318,125.48950211149918,68066.84016253192,22.419207114602575,,24.777200805369695,,0.04868479759534902,1.019820122666715,49.581211079830545,0.09040935916596937,-0.019485916171135154,0.10989527533710453
2013.04,1570.7,32.49666666666667,88.78333333333333,232.531,2013.2916666665374,1.76,2249.8459952651474,46.547714623713254,1222444.3863678128,127.17185136963815,69098.29212221024,22.59565539610559,,24.976932098870435,,0.050452547188244726,0.986134609554497,50.61653971828174,0.09244460223940565,-0.020082681848827222,0.11252728408823287
2013.05,1639.84,32.88333333333334,89.86666666666667,232.945,2013.3749999998706,1.93,2344.7065109789864,47.017858918771964,1276115.3628039716,128.49482782058712,69933.79472223931,23.411841781842405,,25.881910504712494,,0.0475590954888848,0.9688282184178998,49.82601101474996,0.08828702183228887,-0.019404900566528327,0.1076919223988172
2013.06,1618.77,33.27,90.95,233.504,2013.4583333332039,2.3,2309.038792857938,47.45684725957585,1258855.4533557089,129.73249949679663,70728.33292110784,22.925333173915323,,25.34721166935164,,0.04489945265677717,0.9774406266619396,48.157282063143434,0.09468710620730691,-0.01755405856541503,0.11224116477272195
2013.07,1668.68,33.64666666666667,92.09,233.596,2013.5416666665371,2.58,2379.2937599530815,47.9752283500859,1299337.0909509906,131.30687870297436,71706.94962825508,23.49246017715964,,25.97601230661417,,0.04097532873190432,0.9882700717882774,47.05234545009454,0.0951770713720006,-0.016367659498454534,0.11154473087045513
2013.08,1670.09,34.02333333333333,93.23,233.877,2013.6249999998704,2.74,2378.4431095725527,48.45401309591508,1301077.6185453252,132.77263566960409,72630.49678579038,23.356649094916083,,25.82739725094416,,0.039356890135809085,0.9962310736001507,46.44455519467506,0.09345691356322616,-0.017368565067377606,0.11082547863060377
2013.09,1687.17,34.4,94.37,234.149,2013.7083333332037,2.81,2399.976249257951,48.93352950471707,1315087.5448862815,134.24003428372532,73557.97673673571,23.442287167960597,,25.923107076121415,,0.03828725169072641,1.0189187020214248,46.21575994836279,0.09096992707826779,-0.018451454905172304,0.10942138198344009
2013.1,1720.03,34.596666666666664,96.31333333333333,233.546,2013.791666666537,2.62,2453.0364134367533,49.340350526948285,1346415.3553597962,137.35813547795007,75392.72624656925,23.83473788763143,,26.35691895458956,,0.03933151323085557,0.9935001053348674,47.211685603120436,0.08509493733957951,-0.023426729790562928,0.10852166713014244
2013.11,1783.54,34.79333333333334,98.25666666666666,233.069,2013.8749999998702,2.72,2548.81754362442,49.722382677805,1401261.7076859607,140.4164278782964,77196.64516908146,24.642077092412045,,27.24631600813287,,0.037024686012149415,0.9867701769348869,47.000810211486936,0.08586409687394769,-0.020093601815271867,0.10595769868921956
2013.12,1807.78,34.99,100.2,233.049,2013.9583333332034,2.9,2583.68010064407,50.00772589669983,1422719.1317122832,143.2058912503379,78857.19335182976,24.861869296461936,,27.483753598662695,,0.03496817330504108,1.0058668846418555,46.382978001290546,0.08980865249517822,-0.01456289910728148,0.1043715516024597
2014.01,1822.36,35.403333333333336,100.41666666666666,233.916,2014.0416666665367,2.86,2594.864306203936,50.410920996568564,1431191.0390367706,142.9836168931012,78862.26294655047,24.8596090936327,,27.4741026093493,,0.03525327578846773,1.015414386083895,46.48217637406726,0.09169955005970798,-0.01529972843184757,0.10699927849155555
2014.02,1817.04,35.81666666666666,100.63333333333333,234.781,2014.12499999987,2.71,2577.7568316856978,50.81157112017865,1424090.8699008399,142.7642002901995,78870.58689279702,24.59093087789412,,27.170675136889418,,0.03701939702321907,1.0013900105334868,47.024777256091646,0.09606858400885598,-0.017913080091109368,0.11398166409996535
2014.03,1863.52,36.23,100.85,236.293,2014.2083333332032,2.72,2626.779441625439,51.06906240345671,1453524.6909760197,142.15608455392245,78661.86844516378,24.95603915396538,,27.56681236508286,,0.03632398818406108,1.0031354035167042,46.788820125589524,0.09666015075485546,-0.017707883318866635,0.11436803407372209
2014.04,1864.26,36.61333333333333,101.60666666666667,237.072,2014.2916666665365,2.71,2619.1877116445635,51.43981673640637,1451695.8304122074,142.7520478659085,79120.9243035215,24.786315396962635,,27.37261057111368,,0.036708065945364896,1.0153830378430897,46.78129551244859,0.09526137463984052,-0.020336021968586415,0.11559739660842694
2014.05,1889.77,36.99666666666667,102.36333333333334,237.9,2014.3749999998697,2.56,2645.787223781,51.79747164424828,1468831.1360622195,143.31458300056045,79562.30186272175,24.943274109902582,,27.53863238689577,,0.037713962344599714,0.998640095861824,47.33560913740734,0.09651802864250314,-0.020815540757668116,0.11733356940017126
2014.06,1947.09,37.38,103.12,238.343,2014.458333333203,2.6,2720.9717419328445,52.23688874856824,1512987.1025290617,144.10561711483032,80129.4393237071,25.55800762351129,,28.208601072722168,,0.03621589680131687,1.0074215711496362,47.18337581124686,0.0970597897578096,-0.018838959434372637,0.11589874919218224
2014.07,1973.1,37.75,104.06666666666666,238.25,2014.5416666665362,2.54,2758.3958704092333,52.77453961175236,1536242.0874599572,145.4853091990206,81025.59081394738,25.817545976158737,,28.485636237139378,,0.03654456762168656,1.0126870256928058,47.55210513631738,0.09784014281072628,-0.018892036444462246,0.11673217925518853
2014.08,1961.53,38.120000000000005,105.01333333333334,237.852,2014.6249999998695,2.42,2746.8095825870705,53.38097367270404,1532266.769206331,147.05440666184572,82032.10809432136,25.617606421799398,,28.256055533515134,,0.03782181591426469,0.9923780664554601,48.23597880181813,0.09696564277650643,-0.017015245552202574,0.113980888328709
2014.09,1993.23,38.49,105.96,238.031,2014.7083333332027,2.53,2789.1013805449707,53.85856731896265,1558362.3013297094,148.26847994588937,82842.4564394957,25.918436892606202,,28.578155878854144,,0.03612999738374491,1.0224851615240083,47.83233025638973,0.09788462955926391,-0.01481797256777928,0.1127026021270432
2014.1,1937.27,38.806666666666665,104.74333333333334,237.433,2014.791666666536,2.3,2717.6246927027837,54.43843944045968,1520960.6461451554,146.93515568953487,82234.53000669192,25.162748283083268,,27.736945618288253,,0.0387945171496859,0.9992626451594026,49.031027490766135,0.10384932199804964,-0.020135087228841497,0.12398440922689113
2014.11,2044.57,39.123333333333335,103.52666666666667,236.151,2014.8749999998693,2.33,2883.716761891755,55.18060624699168,1616490.1953312587,146.016807431121,81850.87408207795,26.60681714714343,,29.318654523381465,,0.03573089391385888,1.0126191447923387,49.26085416507727,0.09989892401571487,-0.022266435389391215,0.12216535940510609
2014.12,2054.27,39.44,102.31,234.812,2014.9583333332025,2.21,2913.9201250894325,55.94445215747065,1636034.2710253452,145.12365365696812,81480.36347150232,26.794085482572562,,29.515332882231384,,0.03646245242106452,1.0316759538025049,50.16693560359909,0.10014421879394297,-0.02396204158185944,0.12410626037580241
2015.01,2028.18,39.89666666666667,101.28999999999999,233.707,2015.0416666665358,1.88,2890.5146969282046,56.85979615144889,1625553.5325837198,144.35613882981679,81182.30004999801,26.492295420383133,,29.174671165351537,,0.03949169066533732,0.9925695735047468,52.00073098153297,0.09967280314830007,-0.02960119954667828,0.12927400269497835
2015.02,2082.2,40.35333333333333,100.27000000000001,234.722,2015.124999999869,1.98,2954.6704708122793,57.26193564443611,1664316.700543422,142.28451066580888,80146.49676471468,26.99551369938326,,29.719916695619276,,0.037643355355397076,0.9962673573737063,51.39114930217164,0.09779327195932774,-0.02712699715789979,0.12492026911722753
2015.03,2079.99,40.81,99.25,236.119,2015.2083333332023,2.04,2934.071672599409,57.567327226949125,1655415.9667862034,140.00385266539328,78990.78106314488,26.728605452928488,,29.418369171807665,,0.03722388031674777,1.0107144985822074,50.896403284317735,0.09162992059446129,-0.02472052507004041,0.1163504456645017
2015.04,2094.86,41.120000000000005,97.80333333333334,236.599,2015.2916666665355,1.94,2949.0525146978644,57.88694204117515,1666589.8948769204,137.6832657611965,77808.5633496331,26.791371680192338,,29.480373846198763,,0.03765970126494353,0.9784709985294461,51.3373703579854,0.08449575135376497,-0.025517586761542477,0.11001333811530745
2015.05,2111.94,41.43,96.35666666666667,237.805,2015.3749999998688,2.2,2958.0192829208804,58.027566546119715,1674390.0063357847,134.95879524890842,76393.5716499972,26.806111379650844,,29.48989618635326,,0.035662686878219926,0.9876989151851622,49.977381725373014,0.09247998913262401,-0.023852217520445085,0.11633220665306909
2015.06,2099.29,41.74,94.91,238.638,2015.458333333202,2.36,2930.0379346017817,58.25768873775341,1661299.2028956856,132.46854906804447,75108.20674934359,26.495895292784855,,29.142936079173257,,0.03480382083528458,1.0055070611790184,49.19029849313543,0.09713443722968562,-0.02196222809920234,0.11909666532888796
2015.07,2094.14,41.99666666666667,93.49333333333334,238.654,2015.5416666665353,2.32,2922.653979505895,58.61199583567284,1659881.9447198967,130.48251918397904,74105.78851064346,26.381136336399706,,29.01170386423893,,0.03490375080858249,1.0153058960838337,49.45787646622945,0.1019314338371975,-0.02236220642262643,0.12429364025982392
2015.08,2039.87,42.25333333333333,92.07666666666667,238.316,2015.6249999998686,2.17,2850.950630308078,59.053845244689114,1621953.896721043,128.68762757920854,73212.56173044584,25.69365841705771,,28.25252518177193,,0.036752837833655225,1.0018083333333334,50.286092584231355,0.10623328742478089,-0.022891639296263255,0.12912492672104414
2015.09,1944.41,42.51,90.66,237.945,2015.7083333332018,2.17,2721.7715448422955,59.50520125449158,1551282.8623591384,126.90523513837229,72330.06634479326,24.496752170486445,,26.93610526853827,,0.037258269041931774,1.0107664318974605,50.45557364769126,0.11399871445049636,-0.02202006170579851,0.13601877615629487
2015.1,2024.81,42.803333333333335,89.28333333333333,237.838,2015.791666666535,2.07,2835.590022357655,59.94276249309754,1619001.1353910873,125.03441269197239,71389.32444929033,25.491441046066758,,28.02809026145156,,0.0364149701817411,0.9848595880394265,51.02174379432018,0.11174573415757716,-0.02242448791132723,0.1341702220689044
2015.11,2080.62,43.096666666666664,87.90666666666667,237.336,2015.8749999998684,2.26,2919.9106150141565,60.48120967390815,1670022.285499061,123.36688541420881,70558.82014845133,26.225851890971942,,28.832783137035246,,0.03402242255350266,1.0036603474335184,50.3555380204051,0.1088676888789637,-0.020717987884437794,0.1295856767634015
2015.12,2054.08,43.39,86.53,236.525,2015.9583333332016,2.24,2892.5488992706896,61.10165949688193,1657285.1670693236,121.85126979177676,69814.65449569082,25.96542403712418,,28.54437678360917,,0.0346694211981527,1.0152908634069941,50.71314850382903,0.11168016207620357,-0.02145409324881198,0.13313425532501555
2016.01,1918.6,43.553333333333335,86.5,236.916,2016.0416666665349,2.09,2697.3074707913347,61.230444791965645,1548345.1368759486,121.60799344493405,69807.07512757718,24.20616720387848,,26.611684960823297,,0.038363476058954765,1.029903870881746,51.40362089129017,0.1201954155590319,-0.023353837900097374,0.14354925345912928
2016.02,1904.42,43.71666666666667,86.47,237.111,2016.1249999998681,1.78,2675.1703251852505,61.40952593581346,1538575.26563998,121.46584157841684,69858.85635515752,24.002606777289763,,26.389562040454287,,0.04169246065319601,0.9915433812118967,52.89724964840763,0.11991378138150477,-0.02563513709235654,0.1455489184738613
2016.03,2021.95,43.88,86.44,238.132,2016.2083333332014,1.89,2828.0889120844736,61.374683578855425,1629465.136842418,120.90309135269511,69660.95424152853,25.372298620187916,,27.893951322288935,,0.038218811175538894,1.0088321078779696,52.22503675742574,0.10853023829419839,-0.026017081645114404,0.1345473199393128
2016.04,2075.54,44.07333333333334,86.6,239.261,2016.2916666665346,1.81,2889.346325038347,61.35421321625059,1667705.8127062144,120.55532138543262,69583.49315376149,25.922337543673883,,28.495838319794846,,0.037801695835920884,1.0015083333333332,52.437683294830734,0.11005788808338646,-0.027440655240627998,0.13749854332401446
2016.05,2065.55,44.266666666666666,86.75999999999999,240.229,2016.374999999868,1.81,2863.8527584617177,61.37504075971954,1655943.2410640507,120.29138259743824,69555.14782731816,25.69470992344998,,28.24329283796465,,0.03805057974861073,1.0170574109450992,52.30516105073308,0.11730976770567936,-0.028704075034845067,0.14601384274052442
2016.06,2083.89,44.46,86.92,241.018,2016.4583333332012,1.64,2879.8224899696284,61.44129867893684,1668137.854580665,120.11870627919906,69578.78886128894,25.840372927670522,,28.400742884581778,,0.03966401577475905,1.0142593049193578,53.023204059830036,0.11754586662639555,-0.02924894229066599,0.14679480891706154
2016.07,2148.9,44.65,87.64333333333333,240.628,2016.5416666665344,1.5,2974.4758771838688,61.803875432202396,1725949.1771663143,121.31461715109351,70393.19607742551,26.694003256096305,,29.334649115975463,,0.03936142741185234,0.9957407004994581,53.86644134405362,0.11440762392194781,-0.03125208607398067,0.14565970999592848
2016.08,2170.95,44.84,88.36666666666667,240.849,2016.6249999998677,1.56,3002.239816492906,62.00991887032954,1745057.7466274123,122.2036090731814,71031.08602699696,26.948872433723867,,29.609327744137758,,0.03830080605026436,0.9948943265179868,53.58779139630752,0.11503970380010964,-0.03144370621447967,0.1464834100145893
2016.09,2157.69,45.03,89.09,241.428,2016.708333333201,1.63,2976.7462748210646,62.12332853894328,1733248.6846466805,122.90844635874876,71565.01875393257,26.727873346478543,,29.360965010602904,,0.038651942503325,0.9895369202666353,53.18632991364854,,,
2016.1,2143.02,45.25333333333333,90.91,241.729,2016.7916666665342,1.76,2952.826130604933,62.35369952853539,1722346.394070965,125.26314431656937,73064.41875717047,26.525143085070603,,29.13246105158764,,0.038318053948397796,0.9675405362221958,52.56430263688682,,,
2016.11,2164.99,45.47666666666667,92.73,241.353,2016.8749999998674,2.14,2987.745493167683,62.759045481790835,1745764.9665756442,127.96993962163302,74773.91828625512,26.85095353105627,,29.482997451792787,,0.034053579702832924,0.9710563078726677,50.93732457450163,,,
2016.12,2246.63,45.7,94.55,241.432,2016.9583333332007,2.49,3099.3964303095695,63.04661509244839,1814073.4428738477,130.43889402606115,76345.74630612173,27.86509822392354,,30.586141859448844,,0.02907998946369793,1.007357647465936,49.4468253305144,,,
2017.01,2275.12,45.92666666666667,96.46333333333334,242.839,2017.041666666534,2.43,3120.515033005406,62.99221744310702,1829506.5784668368,132.3074307291388,77569.66793583313,28.063573742124472,,30.792138471115766,,0.02970751383138063,1.0029058632521781,49.52203668523328,,,
2017.02,2329.91,46.153333333333336,98.37666666666667,243.603,2017.1249999998672,2.42,3185.6416417798628,63.10457510101818,1870772.3345244108,134.50854578624507,78990.32424545573,28.65510652518414,,31.427485362109657,,0.028848426114245387,0.9967466545045605,49.51017612589568,,,
2017.03,2366.82,46.38,100.29,243.801,2017.2083333332005,2.48,3233.479817453579,63.362990820382194,1901966.2009246745,137.01324599776046,80592.60539066579,29.086921742464654,,31.886026295005635,,0.026890511033075316,1.018013749598499,49.309024147523175,,,
2017.04,2359.31,46.660000000000004,101.53333333333333,244.524,2017.2916666665337,2.3,3213.689572853789,63.55703806170355,1893440.783611306,138.30171305611444,81484.56719521157,28.90424595627516,,31.67082133308145,,0.028550370848229596,1.0019166666666666,50.048843047509614,,,
2017.05,2395.35,46.94,102.77666666666667,244.733,2017.374999999867,2.3,3259.9943900597787,63.88383186983364,1923859.232007051,139.87574123296272,82546.53349263282,29.31334498027143,,32.10312156891895,,0.027535015841958353,1.0117137776044203,50.101946769210365,,,
2017.06,2433.99,47.22,104.02,244.955,2017.4583333332002,2.19,3309.5800320977314,64.20666030495396,1956279.3828557692,141.4395765548774,83604.36213980218,29.748503240632758,,32.5625837944021,,0.02803137227551727,0.9903187178348567,50.642891106865946,,,
2017.07,2454.1,47.53666666666667,105.03999999999999,244.786,2017.5416666665335,2.32,3339.2281007696515,64.68186836325062,1976990.335689632,142.92511295580627,84618.82761942828,30.002220744018565,,32.822440838488454,,0.026402816566006154,1.0117210216151993,50.187228293382596,,,
2017.08,2456.22,47.85333333333334,106.06,245.519,2017.6249999998668,2.21,3332.1348092204667,64.9183532978439,1975993.661513054,143.88215138135948,85323.74450988696,29.91495939749749,,32.710126862242,,0.028090568896086635,1.0027318846719444,50.62388307804467,,,
2017.09,2492.84,48.17,107.08,246.819,2017.7083333332,2.2,3364.0018270473506,65.003757966364,1998103.4941774032,144.50077647993064,85828.58192122892,30.168114410678903,,32.970280770701315,,0.028167211336622037,0.9876989151851622,50.4948163873927,,,
2017.1,2557,48.42333333333333,108.01333333333334,246.663,2017.7916666665333,2.36,3452.765833343468,65.38694989047133,2054062.7866817608,145.85246260417384,86768.15348668463,30.920393290333823,,33.77535045295929,,0.025479157179329293,1.0028504917557177,49.90521756699977,,,
2017.11,2593.61,48.67666666666666,108.94666666666666,246.669,2017.8749999998665,2.35,3502.1158262185354,65.7274319195629,2086679.7316627866,147.10918200773773,87652.65447216622,31.298913333880265,,34.17293597222705,,0.02458856585558608,0.9975497928302435,50.04625461881735,,,
2017.12,2664.34,48.93,109.88,246.524,2017.9583333331998,2.4,3599.737612058055,66.10836505776312,2148128.579924905,148.45671679025162,88590.93372548118,32.086132007705984,,35.01714110660573,,0.023313129772496822,0.986265402854104,49.9529949096847,,,
2018.01,2789.8,49.28666666666666,111.73333333333332,247.867,2018.041666666533,2.58,3748.821536348122,66.22944922747548,2240387.309706277,150.1427795282685,89728.99206795517,33.30734382803065,,36.33394041169579,,0.020418663333554906,0.9779984741736784,48.99997127765521,,,
2018.02,2705.16,49.64333333333333,113.58666666666666,248.991,2018.1249999998663,2.86,3618.676119016349,66.40758579962059,2165916.4626257974,151.94419483702887,90944.4288944544,32.03538233925027,,34.93408478415624,,0.018975837596655463,1.0041100839387809,47.70556718683345,,,
2018.03,2702.77,50.0,115.44,249.554,2018.2083333331996,2.84,3607.3224203479003,66.73380310473884,2162449.400211662,154.07500460822104,92361.96892833435,31.8084090576431,,34.67572864730242,,0.018751132383798646,0.9997802331901599,47.79357378458231,,,
2018.04,2653.63,50.33,117.78666666666666,250.546,2018.2916666665328,2.87,3527.713454665012,66.90827966720681,2118069.3326709573,156.58460628653683,94014.73696943549,30.970179293325216,,33.75372125069341,,0.01909086006388139,0.993298828410901,47.593880311248526,,,
2018.05,2701.49,50.66,120.13333333333333,251.588,2018.374999999866,2.976,3576.463920725551,67.06804845620617,2150695.2153137615,159.0427994710929,95639.88213900223,31.243615074864596,,34.04418706141883,,0.017318266255325298,1.0081593472990933,47.07914729019159,,,
2018.06,2754.35,50.99,122.48,251.989,2018.4583333331993,2.91,3640.641787191107,67.39750748048526,2192665.8111505737,161.8914829615578,97503.11636129113,31.630556496454588,,34.45891963367422,,0.01673097929501373,1.0041476505871525,47.3877522166685,,,
2018.07,2793.64,51.44,125.11666666666667,252.006,2018.5416666665326,2.89,3692.3253849114694,67.98772132409545,2227205.7982589547,165.36541730818578,99748.20143570143,31.886366962158966,,34.73177757132526,,0.016153150850947956,1.0024083333333333,47.581090079413954,,,
2018.08,2857.82,51.89,127.75333333333333,252.146,2018.6249999998658,2.89,3775.054231377853,68.54440239980012,2280553.220331611,168.75652125488142,101947.73489633044,32.39027688030111,,35.274629408295546,,0.01612708365258761,0.9929831063989438,47.66919894691465,,,
2018.09,2901.5,52.34,130.39,252.439,2018.708333333199,3,3828.304998930434,69.05858474720625,2316199.204733215,172.0395274204857,104087.2701379162,32.62289112050018,,35.52201851224133,,0.015065111583944926,0.9897384103875351,47.27976896800547,,,
2018.1,2785.46,52.81,131.05666666666667,252.885,2018.7916666665324,3.15,3668.7174315400275,69.55582473258596,2223152.4992207303,172.61417414701017,104599.94257305372,31.03796107800649,,33.793743849936035,,0.016340087128316715,1.0051809433745449,46.71207419625255,,,
2018.11,2723.23,53.28,131.72333333333333,252.038,2018.8749999998656,3.12,3598.8082281739257,70.41068965790872,2184344.837474744,174.07527672745113,105657.31985239274,30.195583406705236,,32.88033394703195,,0.01916354074655834,1.0276497972023233,47.11188091610217,,,
2018.12,2567.31,53.75,132.39,251.233,2018.9583333331989,2.83,3403.627585199794,71.2594048652048,2069481.6538265676,175.51688576938534,106718.18991477432,28.291857012072867,,30.818335095022274,,0.025024375553964886,1.0127831755337824,48.569644507754305,,,
2019.01,2607.39,54.14666666666667,133.05666666666664,251.712,2019.0416666665321,2.71,3450.1857877753146,71.64868308490125,2101420.4151259237,176.0650383341543,107236.7370059478,28.380164463547576,,30.929105694293295,,0.025866221302712586,1.0048682752251044,49.096910792719015,,,
2019.02,2754.86,54.54333333333334,133.7233333333333,252.776,2019.1249999998654,2.68,3629.978917796784,71.86976837529406,2214575.675300891,176.20237718704826,107497.45584899148,29.541548965131202,,32.208640010689464,,0.024705412201290373,1.0118535170500875,49.12826030019096,,,
2019.03,2803.98,54.94,134.39,254.202,2019.2083333331987,2.57,3673.9763397809616,71.9863408824478,2245077.382417873,176.0874472368431,107602.74660416192,29.576196014784816,,32.2610386316494,,0.026091124483199852,1.0056466121980145,49.43174080720621,,,
2019.04,2903.8,55.319091580592705,134.68333333333334,255.548,2019.291666666532,2.53,3784.7275472709625,72.1012775656293,2316426.356679114,175.54229692986576,107439.91429806875,30.133517171387503,,32.88369036371967,,0.0261496180521302,1.0135705386413667,49.44902998429457,,,
2019.05,2854.71,55.69818316118541,134.97666666666666,256.092,2019.3749999998652,2.4,3712.8413416369895,72.44116463490808,2276123.4865469933,175.55091345753348,107619.8847293857,29.242030936939845,,31.92664834012989,,0.028384138933322763,1.0324722275649159,50.01361304811223,,,
2019.06,2890.17,56.07727474177812,135.27,256.143,2019.4583333331984,2.06,3758.2122487731463,72.9196901263135,2307662.936124157,175.89739388739886,108006.6450656933,29.28379627530626,,31.9879420345962,,0.030885119389954176,1.0410658037704619,51.62738502413935,,,
2019.07,2996.1136363636365,56.45818316118542,134.48000000000002,256.571,2019.5416666665317,1.63,3889.4762240852338,73.29253416669411,2392013.560412456,174.5784126031391,107365.08111711197,29.986685335042516,,32.77038815460616,,0.03471601405535238,1.0013583333333334,53.657845958539426,,,
2019.08,2897.498181818182,56.83909158059271,133.69,256.558,2019.624999999865,1.63,3761.6468207437056,73.79075834447352,2317180.701634734,173.56164936388652,106914.26484594306,28.70539737183307,,31.386112854170023,,0.035971412380679205,0.9949744014301002,53.73345377862138,,,
2019.09,2982.156,57.22,132.9,256.759,2019.7083333331982,1.7,3868.52216282584,74.22711560256893,2386826.42577865,172.40097279939553,106369.0940333043,29.22952023303527,,31.974134120476847,,0.03466280741681186,1.0005051189267946,53.421557966589454,,,
2019.1,2977.68,57.56,135.09,257.346,2019.7916666665315,1.71,3853.9050301928137,74.49785522215227,2381638.198819146,174.84216924879345,108049.05304749956,28.841122881953396,,31.564281230570643,,0.035157941464796755,0.9923536151525381,53.32662737493038,,,
2019.11,3104.9044999999996,57.900000000000006,137.28,257.208,2019.8749999998647,1.81,4020.7232481372066,74.97811158673136,2488589.8573158286,177.77193710926562,110030.3135289079,29.83686765908342,,32.66332284258197,,0.032874241630862985,0.9969836095001042,52.94726406096194,,,
2019.12,3176.7495238095235,58.24,139.47,256.974,2019.958333333198,1.86,4117.505571403925,75.48707340042183,2552385.893332422,180.7723579525555,112058.33443115905,30.331822322243287,,33.20928757730655,,0.0319140832649583,1.0106433946666906,52.83562267600085,,,
2020.01,3278.2028571428577,58.686867862126704,131.75666666666666,257.971,2020.0416666665312,1.76,4232.581642468672,75.77229671006826,2627634.1749700387,170.11480768833187,105609.1813717744,30.98522030023069,,33.92315839928779,,0.03226573018832743,1.0254101377073785,53.19160188267327,,,
2020.02,3277.3142105263164,59.13373572425341,124.04333333333332,258.678,2020.1249999998645,1.5,4219.869235220195,76.1405883344778,2623681.2475422816,159.71817547620333,99303.92591103975,30.729689264735736,,33.64365273159244,,0.03538727551649875,1.0610850801002183,54.39413426078595,,,
2020.03,2652.3936363636367,59.58060358638012,116.33,258.115,2020.2083333331977,0.87,3422.670882900152,76.88330807500174,2132010.895350672,150.11320278751717,93506.79478939195,24.817168629099413,,27.181633677916494,,0.04880147089472062,1.0208777676284946,57.84269610470638,,,
2020.04,2761.975238095238,59.61373572425342,110.63,256.389,2020.291666666531,0.66,3588.069105771011,77.44392508721532,2239058.8997035115,143.71891525182434,89684.75989850929,25.927358825280162,,28.4079625075492,,0.04831743654444488,0.9995908186187443,59.44784676844482,,,
2020.05,2919.615,59.64686786212671,104.93,256.394,2020.3749999998643,0.67,3792.78421728375,77.48545580081056,2370836.4807223957,136.31141363487444,85207.08104397361,27.32848099769845,,29.951773296263543,,0.046163229869854286,0.9948202771105281,59.42236298424605,,,
2020.06,3104.6609090909087,59.68,99.23,257.797,2020.4583333331975,0.73,4011.222207664627,77.10656601899943,2511396.7255094186,128.20517000779682,80268.31411526706,28.838315955122837,,31.613284503327343,,0.04430152323591066,1.0111854455272233,58.79285435251522,,,
2020.07,3207.6190909090906,59.403333333333336,98.89333333333335,259.101,2020.5416666665308,0.62,4123.387092989535,76.36285076411643,2585606.520286337,127.12715652712005,79716.21325119612,29.59919492766699,,32.45334133725327,,0.045001885969564975,0.9976362762513467,59.15127705946375,,,
2020.08,3391.71,59.126666666666665,98.55666666666667,259.918,2020.624999999864,0.65,4346.330645097684,75.76828304183113,2729364.520487133,126.29613398905296,79310.16191168375,31.158208965355215,,34.165665199989725,,0.043191404179545555,0.9976655442329813,58.825969116208604,,,
2020.09,3365.5166666666664,58.85,98.22,260.28,2020.7083333331973,0.68,4306.766777524845,75.30886040994314,2708460.5796171636,125.68965623559244,79044.32646696085,30.83942604381124,,33.81900485029861,,0.04330560842791707,0.9900779975173689,58.60701774853157,,,
2020.1,3418.701363636364,58.659615378670054,96.85666666666667,260.388,2020.7916666665305,0.79,4373.011365026336,75.03409553332452,2754053.1176301553,123.89362481821999,78026.23757486271,31.283694032592845,,34.30790857534532,,0.04166069749022171,0.9930602279237818,58.001451780491,,,
2020.11,3548.992500000001,58.469230757340114,95.49333333333334,260.229,2020.8749999998638,0.87,4542.446232729156,74.83626324492124,2864688.064334533,122.22435867383471,77080.6397093031,32.47320409661254,,35.61203130196851,,0.03958483715040778,0.9950432271913434,57.63412789221233,,,
2020.12,3695.3099999999995,58.27884613601017,94.13,260.474,2020.958333333197,0.93,4725.272998888564,74.52242384343127,2983903.993070251,120.36607142171577,76008.47638430948,33.76559141811709,,37.02659640060422,,0.037727217459252047,0.9866748750152396,57.29450706953979,,,
2021.01,3793.748421052632,58.06369311230766,105.48666666666665,261.582,2021.0416666665303,1.08,4830.600015125578,73.93280884680705,3054306.2191499127,134.31673296200296,84926.18547120153,34.51243229410689,,37.841180467856596,,0.03553473761967503,0.9841284119319711,56.29159833046144,,,
2021.02,3883.4321052631576,57.84854008860516,116.84333333333332,263.014,2021.1249999998636,1.26,4917.87241048155,73.25781205311144,3113347.0425636554,147.967207813399,93673.28600481915,35.1039071719698,,38.48063819275205,,0.03330148916680299,0.9689904805321305,55.09654171012683,,,
2021.03,3910.5082608695648,57.63338706490265,128.2,264.877,2021.2083333331968,1.61,4917.330122486302,72.47200910199305,3116827.0458616586,161.2071065060386,102180.38183880784,35.04254511219206,,38.40068007630644,,0.02958224698608874,0.9985977117940021,53.01252225272931,,,
2021.04,4141.176190476191,57.71060542140715,138.38666666666666,267.054,2021.29166666653,1.64,5164.936990918013,71.97753174443524,3277573.404363012,172.597924077777,109527.44759525917,36.719814109132976,,40.219749436274725,,0.028158458253758553,1.0031977488541435,52.50663614553864,,,
2021.05,4167.849500000001,57.787823777911655,148.57333333333332,269.195,2021.3749999998633,1.62,5156.861243338938,71.50061171287803,3276229.7648273814,183.82911006271783,116789.33630551836,36.552133989799046,,40.01469143768441,,0.028818345425616634,1.0105500616202074,52.25560053668012,,,
2021.06,4238.489545454546,57.86504213441615,158.76,271.696,2021.4583333331966,1.52,5195.989662123627,70.93710094229576,3304844.239816105,194.62483271744887,123788.69073202755,36.69625801308836,,40.14804952173046,,0.030761593765331406,1.019847179067535,52.320805376807286,,,
2021.07,4363.7128571428575,58.32818900579217,164.31666666666666,273.003,2021.5416666665299,1.32,5323.890965490437,71.16254635614982,3389966.101497021,200.47240636244533,127649.9962638925,37.443383184615385,,40.937356042115084,,0.03261658108639498,1.0048233757041396,53.10376884073519,,,
2021.08,4454.206363636363,58.79133587716819,169.87333333333333,273.567,2021.6249999998631,1.28,5423.092759032437,71.5797252889345,3456930.6185797956,206.82446405572793,131839.49717156694,37.97350061407047,,41.48683671871962,,0.032573428847369496,0.9927258309879763,53.249898698327804,,,
2021.09,4445.543333333333,59.254482748544206,175.43,274.31,2021.7083333331964,1.37,5397.884834022941,71.94820740537321,3444683.845876536,213.01129365498886,135934.08988975195,37.620346686651175,,41.07067653074046,,0.032042416075777465,0.9818778716640022,52.719365674443196,,,
2021.1,4460.707142857143,59.63536092649366,182.91,276.589,2021.7916666665296,1.58,5371.668633688303,71.81403922929225,3431772.899793168,220.26371118338037,140718.85039714005,37.2530250003253,,40.638887886402166,,0.03125872881410066,1.0031530998335139,51.337460852973216,,,
2021.11,4667.386666666667,60.01623910444312,190.39,277.948,2021.874999999863,1.56,5593.0748908668775,71.91932958471912,3577050.580460696,228.1502700595075,145913.48620796614,38.58262749771921,,42.054857617858936,,0.031119985899904272,1.0096002483721682,51.24753195918357,,,
2021.12,4674.772727272726,60.397117282392585,197.87,278.802,2021.9583333331962,1.47,5584.766546403734,72.15405320778295,3575582.489344632,236.38748255930727,151344.3644092148,38.30484987346743,,41.71726581955464,,0.03277335207679538,0.9748541554665968,51.58103737192001,,,
2022.01,4573.8155,60.921402962953294,197.88333333333333,281.148,2022.0416666665294,1.76,5418.562039897579,72.17309082807618,3473022.6332837115,234.43077630227964,150258.20246056968,36.936758070297444,,40.194254833176515,,0.031247786313865853,0.986134609554497,49.86440094437532,,,
2022.02,4435.980526315789,61.44568864351402,197.89666666666665,283.716,2022.1249999998627,1.93,5207.703015786819,72.13532524717543,3341725.647756286,232.32452480355937,149080.08785933937,35.287149225694854,,38.37049500911219,,0.031293678922879584,0.983743872386653,48.72793163914745,,,
2022.03,4391.265217391306,61.969974324074734,197.91,287.504,2022.208333333196,2.13,5087.286344541596,71.79229414381463,3268294.623559235,229.2789869445294,147298.82093818643,34.27079869329171,,37.23941174160219,,0.030716673054595894,0.9480158988630318,47.30422746889821,,,
2022.04,4391.295999999999,62.65331621604982,196.02666666666664,289.109,2022.2916666665292,2.75,5059.079537752196,72.18099395735007,3254037.692222441,225.83640414745528,145259.65956611844,33.889164755913825,,36.80085234837285,,0.025106179878196206,0.9893779252235169,44.596200053523745,,,
2022.05,4040.3599999999997,63.336658108024906,194.14333333333332,292.296,2022.3749999998624,2.9,4604.02419653365,72.17265453002354,2965211.2018264267,221.22796093970948,142481.35976990216,30.673155079545115,,33.29211089503779,,0.027942547874479175,0.981988461726157,43.641413710395256,,,
2022.06,3898.9466666666676,64.02,192.26,296.311,2022.4583333331957,3.14,4382.681666616046,71.96284132212438,2826518.346049068,216.11333759124702,139377.750882647,29.04772139510383,,31.51550355520463,,0.028915813659970382,1.0232786529757065,42.274676557157136,,,
2022.07,3911.729499999999,64.4527684478357,190.58333333333331,296.276,2022.541666666529,2.9,4397.569879270088,72.45786119969998,2840014.366721399,214.25395752890316,138368.3111841757,29.004618317208923,,31.45772714906695,,0.0315222012424608,1.0024166666666667,43.263884375134964,,,
2022.08,4158.5630434782615,64.8855368956714,188.90666666666664,296.171,2022.6249999998622,2.9,4676.717799861288,72.9702404847356,3024219.2430739678,212.44433744919877,137378.0246939472,30.698763365175274,,33.28189040223445,,0.029013917428899826,0.9505808982687256,43.38381395464573,,,
2022.09,3850.520476190475,65.31830534350709,187.23,296.808,2022.7083333331955,3.52,4320.999752218765,73.29928069461384,2798142.6115335952,210.10686441234733,136058.55218714572,28.22988465582195,,30.59743234570378,,0.025426554002999188,0.9652935039721295,41.15131722355639,,,
2022.1,3726.050952380952,65.85220356233806,182.40333333333334,298.012,2022.7916666665287,3.98,4164.428826357982,73.59985633555459,2700723.982589934,203.86347612120764,132209.96254033878,27.080766925400685,,29.34699833609664,,0.02278469007735031,1.0107119558279947,39.56261367362938,,,
2022.11,3917.488571428571,66.38610178116903,177.57666666666665,297.711,2022.874999999862,3.89,4382.816251558917,74.27158508800697,2846366.9433932793,198.66960333735284,129023.5682126439,28.378949016273307,,30.747932135302168,,0.02237904647401623,1.025709583392977,40.026834805279734,,,
2022.12,3912.380952380953,66.92,172.75,296.797,2022.9583333331952,3.62,4390.581425142758,75.0994631010421,2855474.311094205,193.86479752996152,126082.60628130478,28.316901284527276,,30.6761579981774,,0.02511746270933323,1.010537679225576,41.182341608123906,,,
2023.01,3960.6565,67.35,173.55666666666667,299.17,2023.0416666665285,3.53,4409.50199858567,74.98250848179963,2871843.387689643,193.22515561107951,125844.68396997372,28.33481342375568,,30.691634492755636,,0.02650935914969728,0.9847456311130922,41.28620964627732,,,
2023.02,4079.684736842105,67.78,174.36333333333332,300.84,2023.1249999998618,3.75,4516.805923805887,75.04234402007712,2945801.6766704223,193.04563653714044,125901.83624844548,28.919762943866626,,31.320528304023142,,0.023329672948302627,1.0106002730113013,40.430725795175164,,,
2023.03,3968.5591304347827,68.21,175.17,301.836,2023.208333333195,3.66,4379.275075440477,75.26922066121999,2860196.6583169214,193.29877412734064,126247.49491447919,27.938131253997884,,30.25465535450811,,0.025515858811858222,1.0198184492993052,40.724474788021006,,,
2023.04,4121.467368421053,68.37666666666667,177.11666666666665,303.363,2023.2916666665283,3.46,4525.115429049131,75.07333715438818,2959534.058582942,194.46310972058774,127183.53937702,28.76484126761537,,31.14569691360015,,0.027112004406285146,0.9937082361958774,41.32251850723049,,,
2023.05,4146.1731818181825,68.54333333333332,179.06333333333333,304.127,2023.3749999998615,3.57,4540.805156456394,75.06727475966727,2973886.8333010026,196.10654733329605,128435.08121227828,28.762051343131226,,31.138125637345354,,0.026091008325915113,0.9880873345470754,40.9593734608717,,,
2023.06,4345.372857142857,68.71,181.01,305.109,2023.4583333331948,3.75,4743.647787108167,75.00761158307358,3110827.2405949957,197.6004624167101,129584.00978054164,29.940031645987485,,32.406543360990916,,0.023007997787991855,0.9908052690027002,40.34117993745422,,,
2023.07,4508.075500000001,68.91104536354072,182.09,305.691,2023.541666666528,3.9,4911.893422011525,75.08386015831222,3225263.9648889713,198.4009968808372,130274.72928672838,30.891659813659924,,33.42787552695764,,0.020634383972327516,0.9813514608030671,39.89415494008825,,,
2023.08,4457.358695652174,69.11209072708144,183.17,307.026,2023.6249999998613,4.17,4835.516131715158,74.97548490619438,3179215.406444013,198.7099424397282,130646.17989267426,30.304748245365193,,32.784769089831514,,0.018885514103789212,0.9866077758148155,38.97995571678674,,,
2023.09,4409.094999999999,69.31313609062215,184.25,307.789,2023.7083333331946,4.38,4771.300487529606,75.00718401880462,3141105.024692785,199.3860678500531,131262.4474636282,29.79968186135023,,32.231075598026585,,0.01748041178001935,0.970562192864624,38.36259132496637,,,
2023.1,4269.4009090909085,69.64332137499402,186.97666666666666,307.671,2023.7916666665278,4.8,4621.902522643726,75.39339818450361,3046887.563953376,202.41433066219,133437.19471344494,28.76905495498396,,31.110796090030505,,0.014708202841239346,1.0279627897378596,37.24756071238703,,,
2023.11,4460.063333333332,69.97350665936588,189.70333333333332,307.051,2023.874999999861,4.5,4838.056282737502,75.90380185599449,3193552.001243311,205.7808006514661,135833.82443953195,30.013224817381477,,32.44808051000209,,0.016270088123311002,1.042953230678557,38.36642011133307,,,
2023.12,4685.0515000000005,70.30369194373775,192.42999999999998,306.746,2023.9583333331943,4.02,5087.165511687602,76.3377984213177,3362185.6335064815,208.94610430942862,138095.68186297466,31.452310923844564,,33.99271328886767,,0.019452275096519346,1.0000891411034831,40.054168424398405,,,
2024.01,4815.6139130434785,70.47740320664859,192.08333333333331,308.417,2024.0416666665276,4.06,5200.6036780383865,76.11179985636481,3441350.6103366623,207.4396552259873,137267.25363337886,32.04512301259601,,34.62030547506773,,0.018640848094390785,0.9912400469281282,39.840706497215045,,,
2024.02,5011.9615,70.65111446955943,191.73666666666665,310.326,2024.1249999998608,4.21,5379.352073821158,75.83003563367367,3563813.7739684875,205.7914921056136,136336.59668803742,33.03719268559904,,35.67760688980596,,0.016458700663730955,1.0035083333333332,39.24876679389985,,,
2024.03,5170.572499999999,70.82482573247027,191.39,312.332,2024.208333333194,4.21,5513.946608806894,75.52825294817812,3657152.2596834465,204.1000762409871,135370.3813225353,33.75492017640601,,36.43733984116317,,0.015817560669086524,0.97719786967999,39.133498963191165,,,
2024.04,5112.492727272728,71.20848368988366,193.17999999999998,313.548,2024.2916666665274,4.54,5430.865846761754,75.64288942810475,3606229.4114520694,205.2100062031969,136264.52591081554,33.141593030769805,,35.76160087570022,,0.013126938242554193,1.008580318470897,38.09286513347248,,,
2024.05,5235.225454545454,71.59214164729707,194.96999999999997,314.069,2024.3749999998606,4.48,5552.016194660755,75.92428125347108,3690877.542851493,206.76790462446144,137455.4736520388,33.77363454011197,,36.42899686950662,,0.012974480037317888,1.0174320683685538,38.35598069295407,,,
2024.06,5415.140526315788,71.97579960471046,196.76,314.175,2024.4583333331939,4.31,5740.8805980010275,76.30540139600359,3820658.301895356,208.59581777671676,138824.23250655475,34.81054878004298,,37.53122111828341,,0.01363593708551497,1.0084399770505938,39.01143819763019,,,
2024.07,5538.004545454546,72.45053306980697,197.93,314.54,2024.5416666665271,4.25,5864.322316626155,76.71956107032369,3907065.8174191606,209.59269834520248,139639.74404399874,35.443553078907236,,38.19649689891522,,0.01388238291797798,1.0347953873374927,39.29504192602209,,,
2024.08,5478.214545454546,72.92526653490349,199.10000000000002,314.796,2024.6249999998604,3.87,5796.291763424856,77.15946833673175,3866024.828221114,210.66018508812056,140506.6444390153,34.91963134861477,,37.61564619491895,,0.018361273519699697,1.015648820688488,40.629260505529295,,,
2024.09,5621.2604999999985,73.4,200.27,315.301,2024.7083333331937,3.72,5938.117273531877,77.53737936130872,3964929.6256716996,211.558732488955,141259.50151807972,35.66018363515212,,38.39592678594201,,0.019354053101094486,0.9721794226748853,41.198968575388285,,,
2024.1,5792.31956521739,73.87741819658692,203.57,315.664,2024.791666666527,4.1,6111.782144258849,77.95196385731487,4085224.5152614065,214.7974532651807,143574.46014644273,36.58721052793014,,39.37522609807073,,0.015220655326476963,0.9825141032158925,40.00673050214042,,,
2024.11,5929.916,74.35483639317383,206.87,315.493,2024.8749999998602,4.36,6260.358737927624,78.49823669023046,4188908.237069011,218.3977668680446,146133.51133514647,37.350195655078785,,40.1766321519599,,0.012563737358393088,1.001224844194049,39.328481779916515,,,
2024.12,6010.908571428571,74.83225458976072,210.17,315.605,2024.9583333331934,4.39,6343.6126132122645,78.9742230229759,4249018.342705504,221.80291832353726,148565.92384904277,37.71119169643462,,40.54484473939827,,0.012629503200459687,0.9846026540756636,39.362679293207805,,,
2025.01,5979.5155,75.2699367248546,212.3433333333333,317.671,2025.0416666665267,4.63,6269.4411852769845,78.91951134101016,4203742.6345183905,222.6391150619141,149282.44997259113,37.129219852198894,,39.89996941138801,,0.011803714511061825,1.0182692432286788,38.50454171370848,,,
2025.02,6038.69,75.70761885994848,214.51666666666665,319.082,2025.12499999986,4.45,6303.48663787835,79.02739896720517,4230986.299903977,223.92322539086084,150300.3263568315,37.18717559369689,,39.943400167691735,,0.013571868642618754,1.017426122087903,39.03461043413397,,,
2025.03,5683.983333333333,76.14530099504236,216.69,319.799,2025.2083333331932,4.28,5919.92358878806,79.3060670836916,3977969.487062278,225.68472974430813,151651.7831951522,34.78475033985074,,37.34861540745661,,0.016748720593000505,1.0035666666666667,39.62579034555224,,,
2025.04,5369.495714285715,76.54686733002825,218.63666666666666,320.795,2025.2916666665265,4.28,5575.018541953807,79.47677536234976,3750656.5187250506,227.00520411529683,152720.30795814408,32.62127034111353,,35.01534134557438,,0.018766545554738986,0.9923426309940626,39.64365390473423,,,
2025.05,5810.919523809524,76.94843366501412,220.58333333333331,321.465,2025.3749999998597,4.42,6020.76355666543,79.72719691858366,4055006.278865263,228.54904272886108,153928.61629123046,35.07669704372763,,37.637336277176075,,0.014911644872815814,1.0068961379400352,39.25809488307837,,,
2025.06,6029.951499999999,77.35,222.53,322.561,2025.458333333193,4.38,6226.47672354415,79.87095328480504,4198037.630839577,229.78258868090066,154924.8470722743,36.111092133696914,,38.732624879467906,,0.014485410773323288,1.0028471702869053,39.394512808263805,,,
2025.07,6296.498181818183,77.72666666666666,226.76999999999998,323.048,2025.5416666665262,4.39,6491.909132037233,80.13890301647638,4381501.056609504,233.80777558598098,157800.8864477153,37.47424619164658,,40.17875583665276,,0.01352666347937246,1.014158136440308,39.44711875240033,,,
2025.08,6408.949523809522,78.10333333333332,231.01,323.976,2025.6249999998595,4.26,6588.92279507109,80.29659641712142,4451493.374690949,237.49712011846555,160453.67195778823,37.84614504488177,,40.561172012259775,,0.015006290735751222,1.0149312049685417,39.89102396570877,,,
2025.09,6584.018095238095,78.48,235.25,324.8,2025.7083333331927,4.12,6751.735212588698,80.47914993842365,4566020.860937641,241.24260987530783,163146.0290658171,38.58038732538845,,41.3309334966265,,0.016326105961741937,1.0083246216781085,40.38393259638525,,,
2025.1,6735.691739130435,78.82666666666667,237.04466666666667,325.21200000000005,2025.791666666526,4.06,6898.521906929003,80.73224071272482,4669838.59731688,242.77503918725833,164342.48723962845,39.205692171126486,,41.9830736231031,,0.016689889449822796,1.0009410997355217,40.66852663294713,,,
2025.11,6740.885789473684,79.17333333333333,238.83933333333334,324.122,2025.8749999998593,4.09,6927.058663780028,81.35997875285642,4693745.681795502,245.4357075447928,166306.19839707736,39.14956659041541,,41.90617233423297,,0.01629807117454923,0.9993473933419025,40.84369394132013,,,
2025.12,6853.025454545453,79.52,240.634,324.054,2025.9583333331925,4.14,7043.773219867393,81.73336727829312,4777446.153875059,247.33182974905418,167753.05818090282,39.58164099324255,,42.35175733008359,,0.01585077954444583,0.9977831330109042,40.825604186259206,,,
2026.01,6929.122,79.80176666666667,247.66366666666664,325.252,2026.0416666665258,4.21,7095.755441157933,81.72086160974156,4817322.084819932,253.61955098021426,172182.80339714253,39.640818428596916,,42.39849554687715,,0.015323441565318615,1.0100088571978583,40.585059747570924,,,
2026.02,6893.806315789475,80.08353333333334,254.69333333333333,326.785,2026.124999999859,4.13,7026.4728227234555,81.62468522295494,4774903.910958772,259.5947293582426,176409.97407238412,39.01399720511149,,41.71196268405552,,0.01692925944912594,0.9937450458988121,40.798973300036444,,,
2026.03,6654.419090909089,80.3653,261.723,330.213,2026.2083333331923,4.25,6712.068636548776,81.06153252862546,4565838.17776307,263.99039732309143,179577.63841943894,37.031611446020385,,39.57863778007198,,0.017735462367289866,0.9979036229053782,40.122885414184026,,,
2026.04,6957.0076190476175,80.58670000000001,,333.02,2026.2916666665255,4.32,6958.1304920267885,80.5997068317969,4737788.9991679,,,38.13827810357584,,40.74565886163115,,0.016637844354551488,0.990808039633163,39.70128897647284,,,
2026.05,7412.5515,80.8081,,335.123,2026.3749999998588,4.48,7367.224347994989,80.313965013965,5020898.031258847,,,40.26578430129938,,43.03521208276965,,0.013885809915786976,1.0045332001455578,39.0895085553316,,,
2026.06,7450.032857142856,81.0295,,333.952,2026.458333333192,4.47,7430.440246957004,80.81640303284603,5068570.642990605,,,40.49374282511722,,43.295655087885194,,0.01314535659180318,0.9933889007324862,39.404397520677776,,,
2026.07,7481.33909090909,,,333.3665,2026.5416666665253,4.6,7474.769258550818,,5098809.056776277,,,40.61542498003572,,43.40346393273702,,0.011757388537430136,0.9919890922581422,39.21264054130859,,,
2026.08,7600.5,,,333.07374999999996,2026.6249999998586,4.75,7600.5,,5184574.5193667,,,41.17762140136851,,43.981583583239996,,0.009735644305289917,,38.932700938387015,,,
